협정,류,호,소호,적용단위,기준
한-아세안,17,6108.21,,6108.21,6108.21 6108.21 * 9619.00
한-아세안,18,6108.22,,6108.22,6108.22 6108.22 * 9619.00
한-아세안,19,6108.29,,6108.29,6108.29 6108.29 * 9619.00
한-아세안,24,6111.20,,6111.20,6111.20 6111.20 * 9619.00
한-아세안,81,6211.41,,6211.41,6211.41 * 6211.49
한-아세안,3,3907.20,,3907.20,3907.20 3907.20 * 3002.10
한-아세안,17,6108.21,,6108.21,6108.21 6108.21 * 9619.00
한-아세안,18,6108.22,,6108.22,6108.22 6108.22 * 9619.00
한-아세안,19,6108.29,,6108.29,6108.29 6108.29 * 9619.00
한-아세안,23,6111.20,,6111.20,6111.20 6111.20 * 9619.00
한-아세안,97,6406.91,,6406.91,6406.91 * 6406.90
한-아세안,98,6406.99,,6406.99,6406.99 * 6406.90
한-아세안,3,3907.20,,3907.20,3907.20 3907.20 * 3002.10
한-아세안,94,9114.20,,9114.20,9114.20 * 9114.90
한-아세안,3,3907.20,,3907.20,3907.20 3907.20 * 3002.10
한-아세안,92,9114.20,,9114.20,9114.20 * 9114.90
한-아세안,3,3926.90,,3926.90,3006.91 3006.91 3926.90 3926.90 * 9619.00
한-아세안,53,6406.99,,6406.99,6406.99 * 6406.90
한-아세안,97,9114.20,,9114.20,9114.20 * 9114.90
한-아세안,3,3907.20,,3907.20,3907.20 3907.20 * 3002.10
한-아세안,10,3926.90,,3926.90,3006.91 3006.91 3926.90 3926.90 * 9619.00
한-아세안,42,6406.91,,6406.91,6406.91 * 6406.90
한-아세안,97,9114.20,,9114.20,9114.20 * 9114.90
한-아세안,8,6108.21,,6108.21,6108.21 6108.21 * 9619.00
한-아세안,9,6108.22,,6108.22,6108.22 6108.22 * 9619.00
한-아세안,13,6111.20,,6111.20,6111.20 6111.20 * 9619.00
한-아세안,60,6211.41,,6211.41,6211.41 * 6211.49
한-아세안,77,6406.91,,6406.91,6406.91 * 6406.90
한-아세안,99,9114.20,,9114.20,9114.20 * 9114.90
한-아세안,9,6108.21,,6108.21,6108.21 6108.21 * 9619.00
한-아세안,10,6108.22,,6108.22,6108.22 6108.22 * 9619.00
한-아세안,11,6108.29,,6108.29,6108.29 6108.29 * 9619.00
한-아세안,42,6211.41,,6211.41,6211.41 * 6211.49
한-아세안,71,6406.91,,6406.91,6406.91 * 6406.90 목재제의 기타 신발류 부분품
한-아세안,97,9114.20,,9114.20,9114.20 * 9114.90
한-아세안,6,6108.21,,6108.21,6108.21 6108.21 * 9619.00
한-아세안,7,6111.20,,6111.20,6111.20 6111.20 * 9619.00
한-아세안,27,6211.41,,6211.41,6211.41 * 6211.49
한-아세안,91,9114.20,,9114.20,9114.20 * 9114.90
한-아세안,15,6211.41,,6211.41,6211.41 * 6211.49
한-아세안,60,6406.91,,6406.91,6406.91 * 6406.90
한-아세안,61,6406.99,,6406.99,6406.99 * 6406.90
한-아세안,91,9114.20,,9114.20,9114.20 * 9114.90
한-베트남,01,,,01,완전생산기준
한-베트남,02,,,02,완전생산기준
한-베트남,03,,,03,완전생산기준
한-베트남,04,04.01,,04.01,완전생산기준
한-베트남,04,04.02,0402.10,0402.10,2단위 세번변경기준 또는 체약당사국 내에서 발생한 부가가치가 45퍼센트 이상일 것
한-베트남,04,04.02,0402.21,0402.21,2단위 세번변경기준 또는 체약당사국 내에서 발생한 부가가치가 45퍼센트 이상일 것
한-베트남,04,04.02,0402.29,0402.29,2단위 세번변경기준 또는 체약당사국 내에서 발생한 부가가치가 45퍼센트 이상일 것
한-베트남,04,04.02,0402.91,0402.91,2단위 세번변경기준 또는 체약당사국 내에서 발생한 부가가치가 45퍼센트 이상일 것
한-베트남,04,04.02,0402.99,0402.99,6단위 세번변경기준
한-베트남,04,04.03,0403.20,0403.20,가. 향신료ㆍ커피나 커피 추출물ㆍ식물ㆍ식물의 부분ㆍ곡물이나 베이커리 제품이 첨가된 것: 2단위 세번변경기준 또는 체약 당사국 내에서 발생한 부가가치가 40퍼센트 이상일 것 나. 기타: 4단위 세번변경기준(제0403호의 물품은 비당사국 으로부터 수입된 우유성분이 총 우유성분 중량의 50퍼센트 를 초과하지 않는 경우로 한정한다) 또는 체약당사국 내에 서 발생한 부가가치가 45퍼센트 이상일 것
한-베트남,04,04.03,0403.90,0403.90,4단위 세번변경기준(제0403호의 물품은 비당사국으로부터 수입된 우유성분이 총 우유성분 중량의 50퍼센트를 초과하지 않는 경우로 한정한다) 또는 체약당사국 내에서 발생한 부가 가치가 45퍼센트 이상일 것
한-베트남,04,04.04,,04.04,완전생산기준
한-베트남,04,04.05,,04.05,완전생산기준
한-베트남,04,04.06,0406.10,0406.10,완전생산기준
한-베트남,04,04.06,0406.20,0406.20,완전생산기준
한-베트남,04,04.06,0406.30,0406.30,4단위 세번변경기준(제0406.30호의 물품은 비당사국으로부 터 수입된 우유성분이 총 우유성분 중량의 50퍼센트를 초과 하지 않는 경우로 한정한다) 또는 체약당사국 내에서 발생한 부가가치가 45퍼센트 이상일 것
한-베트남,04,04.06,0406.40,0406.40,완전생산기준
한-베트남,04,04.06,0406.90,0406.90,완전생산기준
한-베트남,04,04.07,,04.07,완전생산기준
한-베트남,04,04.08,,04.08,완전생산기준
한-베트남,04,04.09,0409.00,0409.00,완전생산기준
한-베트남,04,04.10,,04.10,완전생산기준
한-베트남,05,,,05,완전생산기준
한-베트남,06,,,06,완전생산기준
한-베트남,07,,,07,완전생산기준
한-베트남,08,08.01,0801.11,0801.11,완전생산기준
한-베트남,08,08.01,0801.12,0801.12,완전생산기준
한-베트남,08,08.01,0801.19,0801.19,완전생산기준
한-베트남,08,08.01,0801.21,0801.21,완전생산기준
한-베트남,08,08.01,0801.22,0801.22,완전생산기준
한-베트남,08,08.01,0801.31,0801.31,완전생산기준
한-베트남,08,08.01,0801.32,0801.32,6단위 세번변경기준
한-베트남,08,08.02,0802.11,0802.11,완전생산기준
한-베트남,08,08.02,0802.12,0802.12,6단위 세번변경기준
한-베트남,08,08.02,0802.21,0802.21,완전생산기준
한-베트남,08,08.02,0802.22,0802.22,완전생산기준
한-베트남,08,08.02,0802.31,0802.31,완전생산기준
한-베트남,08,08.02,0802.32,0802.32,완전생산기준
한-베트남,08,08.02,0802.41,0802.41,완전생산기준
한-베트남,08,08.02,0802.42,0802.42,완전생산기준
한-베트남,08,08.02,0802.51,0802.51,완전생산기준
한-베트남,08,08.02,0802.52,0802.52,완전생산기준
한-베트남,08,08.02,0802.61,0802.61,완전생산기준
한-베트남,08,08.02,0802.62,0802.62,완전생산기준
한-베트남,08,08.02,0802.70,0802.70,완전생산기준
한-베트남,08,08.02,0802.80,0802.80,완전생산기준
한-베트남,08,08.02,0802.91,0802.91,완전생산기준
한-베트남,08,08.02,0802.92,0802.92,완전생산기준
한-베트남,08,08.02,0802.99,0802.99,완전생산기준
한-베트남,08,08.03,,08.03,완전생산기준
한-베트남,08,08.04,,08.04,완전생산기준
한-베트남,08,08.05,,08.05,완전생산기준
한-베트남,08,08.06,,08.06,완전생산기준
한-베트남,08,08.07,,08.07,완전생산기준
한-베트남,08,08.08,,08.08,완전생산기준
한-베트남,08,08.09,,08.09,완전생산기준
한-베트남,08,08.10,,08.10,완전생산기준
한-베트남,08,08.11,,08.11,완전생산기준
한-베트남,08,08.12,,08.12,완전생산기준
한-베트남,08,08.13,,08.13,완전생산기준
한-베트남,08,08.14,0814.00,0814.00,완전생산기준
한-베트남,09,09.01,0901.11,0901.11,완전생산기준
한-베트남,09,09.01,0901.12,0901.12,체약당사국 내에서 발생한 부가가치가 45퍼센트 이상일 것
한-베트남,09,09.01,0901.21,0901.21,6단위 세번변경기준
한-베트남,09,09.01,0901.22,0901.22,6단위 세번변경기준
한-베트남,09,09.01,0901.90,0901.90,체약당사국 내에서 발생한 부가가치가 40퍼센트 이상일 것
한-베트남,09,09.02,,09.02,완전생산기준
한-베트남,09,09.03,0903.00,0903.00,완전생산기준
한-베트남,09,09.04,0904.11,0904.11,완전생산기준
한-베트남,09,09.04,0904.12,0904.12,2단위 세번변경기준
한-베트남,09,09.04,0904.21,0904.21,완전생산기준
한-베트남,09,09.04,0904.22,0904.22,완전생산기준
한-베트남,09,09.05,,09.05,완전생산기준
한-베트남,09,09.06,0906.11,0906.11,완전생산기준
한-베트남,09,09.06,0906.19,0906.19,완전생산기준
한-베트남,09,09.06,0906.20,0906.20,체약당사국 내에서 발생한 부가가치가 40퍼센트 이상일 것
한-베트남,09,09.07,,09.07,완전생산기준
한-베트남,09,09.08,,09.08,완전생산기준
한-베트남,09,09.09,,09.09,완전생산기준
한-베트남,09,09.10,0910.11,0910.11,완전생산기준
한-베트남,09,09.10,0910.12,0910.12,완전생산기준
한-베트남,09,09.10,0910.20,0910.20,완전생산기준
한-베트남,09,09.10,0910.30,0910.30,완전생산기준
한-베트남,09,09.10,0910.91,0910.91,2단위 세번변경기준 또는 체약당사국 내에서 발생한 부가가치가 40퍼센트 이상일 것
한-베트남,09,09.10,0910.99,0910.99,"가. 타임, 월계수잎: 완전생산기준 나. 기타: 체약당사국 내에서 발생한 부가가치가 40퍼센트 이 상일 것"
한-베트남,10,,,10,완전생산기준
한-베트남,11,11.01,1101.00,1101.00,2단위 세번변경기준
한-베트남,11,11.02,1102.20,1102.20,완전생산기준
한-베트남,11,11.02,1102.90,1102.90,"가. 쌀가루, 호밀가루: 완전생산기준 나. 기타: 2단위 세번변경기준(제1003호 및 제1006호의 재료 는 체약당사국의 영역에서 완전생산된 것으로 한정한다) 또는 체약당사국 내에서 발생한 부가가치가 40퍼센트 이 상일 것(제1003호 및 제1006호의 재료는 체약당사국의 영 역에서 완전생산된 것으로 한정한다)"
한-베트남,11,11.03,1103.11,1103.11,2단위 세번변경기준 또는 체약당사국 내에서 발생한 부가가치가 40퍼센트 이상일 것
한-베트남,11,11.03,1103.13,1103.13,2단위 세번변경기준 또는 체약당사국 내에서 발생한 부가가치가 40퍼센트 이상일 것
한-베트남,11,11.03,1103.19,1103.19,2단위 세번변경기준(제1003호 및 제1006호의 재료는 체약당 사국의 영역에서 완전생산된 것으로 한정한다) 또는 체약당 사국 내에서 발생한 부가가치가 40퍼센트 이상일 것(제1003 호 및 제1006호의 재료는 체약당사국의 영역에서 완전생산된 것으로 한정한다)
한-베트남,11,11.03,1103.20,1103.20,2단위 세번변경기준(제1003호 및 제1006호의 재료는 체약당 사국의 영역에서 완전생산된 것으로 한정한다) 또는 체약당 사국 내에서 발생한 부가가치가 40퍼센트 이상일 것(제1003 호 및 제1006호의 재료는 체약당사국의 영역에서 완전생산된 것으로 한정한다)
한-베트남,11,11.04,1104.12,1104.12,2단위 세번변경기준 또는 체약당사국 내에서 발생한 부가가치가 40퍼센트 이상일 것
한-베트남,11,11.04,1104.19,1104.19,2단위 세번변경기준(제1003호 및 제1006호의 재료는 체약당 사국의 영역에서 완전생산된 것으로 한정한다) 또는 체약당 사국 내에서 발생한 부가가치가 40퍼센트 이상일 것(제1003 호 및 제1006호의 재료는 체약당사국의 영역에서 완전생산된 것으로 한정한다)
한-베트남,11,11.04,1104.22,1104.22,완전생산기준
한-베트남,11,11.04,1104.23,1104.23,완전생산기준
한-베트남,11,11.04,1104.29,1104.29,완전생산기준
한-베트남,11,11.04,1104.30,1104.30,완전생산기준
한-베트남,11,11.05,1105.10,1105.10,2단위 세번변경기준 또는 체약당사국 내에서 발생한 부가가치가 40퍼센트 이상일 것
한-베트남,11,11.05,1105.20,1105.20,완전생산기준
한-베트남,11,11.06,,11.06,2단위 세번변경기준 또는 체약당사국 내에서 발생한 부가가치가 40퍼센트 이상일 것
한-베트남,11,11.07,1107.10,1107.10,2단위 세번변경기준
한-베트남,11,11.07,1107.20,1107.20,완전생산기준
한-베트남,11,11.08,,11.08,2단위 세번변경기준 또는 체약당사국 내에서 발생한 부가가치가 40퍼센트 이상일 것
한-베트남,11,11.09,1109.00,1109.00,완전생산기준
한-베트남,12,12.01,,12.01,완전생산기준
한-베트남,12,12.02,,12.02,완전생산기준
한-베트남,12,12.03,1203.00,1203.00,완전생산기준
한-베트남,12,12.04,1204.00,1204.00,완전생산기준
한-베트남,12,12.05,,12.05,완전생산기준
한-베트남,12,12.06,1206.00,1206.00,완전생산기준
한-베트남,12,12.07,,12.07,완전생산기준
한-베트남,12,12.08,,12.08,4단위 세번변경기준 또는 체약당사국 내에서 발생한 부가가치가 40퍼센트 이상일 것
한-베트남,12,12.09,,12.09,완전생산기준
한-베트남,12,12.10,,12.10,완전생산기준
한-베트남,12,12.11,,12.11,완전생산기준
한-베트남,12,12.12,,12.12,완전생산기준
한-베트남,12,12.13,1213.00,1213.00,완전생산기준
한-베트남,12,12.14,,12.14,완전생산기준
한-베트남,13,13.01,,13.01,완전생산기준
한-베트남,13,13.02,1302.11,1302.11,2단위 세번변경기준
한-베트남,13,13.02,1302.12,1302.12,2단위 세번변경기준
한-베트남,13,13.02,1302.13,1302.13,2단위 세번변경기준
한-베트남,13,13.02,1302.14,1302.14,2단위 세번변경기준(제1211.20호의 것은 제외한다)
한-베트남,13,13.02,1302.19,1302.19,2단위 세번변경기준(제1211.20호의 것은 제외한다)
한-베트남,13,13.02,1302.20,1302.20,2단위 세번변경기준
한-베트남,13,13.02,1302.31,1302.31,2단위 세번변경기준
한-베트남,13,13.02,1302.32,1302.32,2단위 세번변경기준
한-베트남,13,13.02,1302.39,1302.39,2단위 세번변경기준
한-베트남,14,14.01,,14.01,완전생산기준
한-베트남,14,14.04,,14.04,2단위 세번변경기준
한-베트남,15,15.01,,15.01,4단위 세번변경기준 또는 체약당사국 내에서 발생한 부가가치가 40퍼센트 이상일 것
한-베트남,15,15.02,,15.02,4단위 세번변경기준 또는 체약당사국 내에서 발생한 부가가치가 40퍼센트 이상일 것
한-베트남,15,15.03,1503.00,1503.00,4단위 세번변경기준 또는 체약당사국 내에서 발생한 부가가치가 40퍼센트 이상일 것
한-베트남,15,15.04,1504.10,1504.10,4단위 세번변경기준 또는 체약당사국 내에서 발생한 부가가치가 40퍼센트 이상일 것
한-베트남,15,15.04,1504.20,1504.20,2단위 세번변경기준 또는 체약당사국 내에서 발생한 부가가치가 40퍼센트 이상일 것
한-베트남,15,15.04,1504.30,1504.30,2단위 세번변경기준 또는 체약당사국 내에서 발생한 부가가치가 40퍼센트 이상일 것
한-베트남,15,15.05,1505.00,1505.00,4단위 세번변경기준 또는 체약당사국 내에서 발생한 부가가치가 40퍼센트 이상일 것
한-베트남,15,15.06,1506.00,1506.00,4단위 세번변경기준 또는 체약당사국 내에서 발생한 부가가치가 40퍼센트 이상일 것
한-베트남,15,15.07,,15.07,4단위 세번변경기준 또는 체약당사국 내에서 발생한 부가가치가 40퍼센트 이상일 것
한-베트남,15,15.08,,15.08,4단위 세번변경기준 또는 체약당사국 내에서 발생한 부가가치가 40퍼센트 이상일 것
한-베트남,15,15.09,,15.09,4단위 세번변경기준 또는 체약당사국 내에서 발생한 부가가치가 40퍼센트 이상일 것
한-베트남,15,15.10,,15.10,4단위 세번변경기준 또는 체약당사국 내에서 발생한 부가가치가 40퍼센트 이상일 것
한-베트남,15,15.11,,15.11,4단위 세번변경기준 또는 체약당사국 내에서 발생한 부가가치가 40퍼센트 이상일 것
한-베트남,15,15.12,,15.12,4단위 세번변경기준 또는 체약당사국 내에서 발생한 부가가치가 40퍼센트 이상일 것
한-베트남,15,15.13,,15.13,4단위 세번변경기준 또는 체약당사국 내에서 발생한 부가가치가 40퍼센트 이상일 것
한-베트남,15,15.14,,15.14,4단위 세번변경기준 또는 체약당사국 내에서 발생한 부가가치가 40퍼센트 이상일 것
한-베트남,15,15.15,,15.15,4단위 세번변경기준 또는 체약당사국 내에서 발생한 부가가치가 40퍼센트 이상일 것
한-베트남,15,15.16,1516.10,1516.10,2단위 세번변경기준 또는 체약당사국 내에서 발생한 부가가치가 40퍼센트 이상일 것
한-베트남,15,15.16,1516.20,1516.20,4단위 세번변경기준 또는 체약당사국 내에서 발생한 부가가치가 40퍼센트 이상일 것
한-베트남,15,15.16,1516.30,1516.30,4단위 세번변경기준 또는 체약당사국 내에서 발생한 부가가치가 40퍼센트 이상일 것
한-베트남,15,15.17,1517.10,1517.10,2단위 세번변경기준
한-베트남,15,15.17,1517.90,1517.90,2단위 세번변경기준 또는 체약당사국 내에서 발생한 부가가치가 40퍼센트 이상일 것
한-베트남,15,15.18,1518.00,1518.00,2단위 세번변경기준 또는 체약당사국 내에서 발생한 부가가치가 45퍼센트 이상일 것
한-베트남,15,15.20,1520.00,1520.00,4단위 세번변경기준 또는 체약당사국 내에서 발생한 부가가치가 40퍼센트 이상일 것
한-베트남,15,15.21,1521.10,1521.10,4단위 세번변경기준 또는 체약당사국 내에서 발생한 부가가치가 40퍼센트 이상일 것
한-베트남,15,15.21,1521.90,1521.90,2단위 세번변경기준 또는 체약당사국 내에서 발생한 부가가치가 40퍼센트 이상일 것
한-베트남,15,15.22,1522.00,1522.00,4단위 세번변경기준 또는 체약당사국 내에서 발생한 부가가치가 40퍼센트 이상일 것
한-베트남,16,16.01,1601.00,1601.00,가. 곤충의 것: 2단위 세번변경기준 또는 체약당사국 내에서 발생한 부가가치가 40퍼센트 이상일 것 나. 기타: 2단위 세번변경기준
한-베트남,16,16.02,1602.10,1602.10,가. 곤충의 것: 2단위 세번변경기준 또는 체약당사국 내에서 발생한 부가가치가 40퍼센트 이상일 것 나. 기타: 2단위 세번변경기준
한-베트남,16,16.02,1602.20,1602.20,"4단위 세번변경기준(제1류, 제2류 및 제5류의 재료는 체약당 사국의 영역에서 완전생산된 것으로 한정한다) 또는 체약당 사국 내에서 발생한 부가가치가 40퍼센트 이상일 것(제1류, 제2류 및 제5류의 재료는 체약당사국의 영역에서 완전생산된 것으로 한정한다)"
한-베트남,16,16.02,1602.31,1602.31,"4단위 세번변경기준(제1류, 제2류 및 제5류의 재료는 체약당 사국의 영역에서 완전생산된 것으로 한정한다) 또는 체약당 사국 내에서 발생한 부가가치가 40퍼센트 이상일 것(제1류, 제2류 및 제5류의 재료는 체약당사국의 영역에서 완전생산된 것으로 한정한다)"
한-베트남,16,16.02,1602.32,1602.32,2단위 세번변경기준
한-베트남,16,16.02,1602.39,1602.39,2단위 세번변경기준 또는 체약당사국 내에서 발생한 부가가치가 40퍼센트 이상일 것
한-베트남,16,16.02,1602.41,1602.41,2단위 세번변경기준 또는 체약당사국 내에서 발생한 부가가치가 40퍼센트 이상일 것
한-베트남,16,16.02,1602.42,1602.42,"4단위 세번변경기준(제1류, 제2류 및 제5류의 재료는 체약당 사국의 영역에서 완전생산된 것으로 한정한다) 또는 체약당 사국 내에서 발생한 부가가치가 40퍼센트 이상일 것(제1류, 제2류 및 제5류의 재료는 체약당사국의 영역에서 완전생산된 것으로 한정한다)"
한-베트남,16,16.02,1602.49,1602.49,2단위 세번변경기준 또는 체약당사국 내에서 발생한 부가가치가 40퍼센트 이상일 것
한-베트남,16,16.02,1602.50,1602.50,4단위 세번변경기준 또는 체약당사국 내에서 발생한 부가가치가 40퍼센트 이상일 것
한-베트남,16,16.02,1602.90,1602.90,가. 곤충의 것: 2단위 세번변경기준 또는 체약당사국 내에서 발생한 부가가치가 40퍼센트 이상일 것 나. 기타: 2단위 세번변경기준
한-베트남,16,16.03,1603.00,1603.00,2단위 세번변경기준 또는 체약당사국 내에서 발생한 부가가치가 40퍼센트 이상일 것
한-베트남,16,16.04,,16.04,2단위 세번변경기준 또는 체약당사국 내에서 발생한 부가가치가 40퍼센트 이상일 것
한-베트남,16,16.05,,16.05,2단위 세번변경기준 또는 체약당사국 내에서 발생한 부가가치가 40퍼센트 이상일 것
한-베트남,17,17.01,,17.01,2단위 세번변경기준(제12류의 것은 제외한다)
한-베트남,17,17.02,,17.02,4단위 세번변경기준 또는 체약당사국 내에서 발생한 부가가치가 40퍼센트 이상일 것
한-베트남,17,17.03,,17.03,4단위 세번변경기준(제0409호 및 제1702호의 것은 제외한다)
한-베트남,17,17.04,,17.04,4단위 세번변경기준 또는 체약당사국 내에서 발생한 부가가치가 40퍼센트 이상일 것
한-베트남,18,,,18,4단위 세번변경기준 또는 체약당사국 내에서 발생한 부가가치가 40퍼센트 이상일 것
한-베트남,19,19.01,,19.01,2단위 세번변경기준 또는 체약당사국 내에서 발생한 부가가치가 40퍼센트 이상일 것
한-베트남,19,19.02,,19.02,4단위 세번변경기준 또는 체약당사국 내에서 발생한 부가가치가 40퍼센트 이상일 것
한-베트남,19,19.03,1903.00,1903.00,4단위 세번변경기준 또는 체약당사국 내에서 발생한 부가가치가 40퍼센트 이상일 것
한-베트남,19,19.04,1904.10,1904.10,4단위 세번변경기준 또는 체약당사국 내에서 발생한 부가가치가 40퍼센트 이상일 것
한-베트남,19,19.04,1904.20,1904.20,4단위 세번변경기준 또는 체약당사국 내에서 발생한 부가가치가 40퍼센트 이상일 것
한-베트남,19,19.04,1904.30,1904.30,4단위 세번변경기준 또는 체약당사국 내에서 발생한 부가가치가 40퍼센트 이상일 것
한-베트남,19,19.04,1904.90,1904.90,4단위 세번변경기준(제10류의 재료는 체약당사국의 영역에 서 완전생산된 것으로 한정한다) 또는 체약당사국 내에서 발 생한 부가가치가 40퍼센트 이상일 것(제10류의 재료는 체약 당사국의 영역에서 완전생산된 것으로 한정한다)
한-베트남,19,19.05,1905.10,1905.10,4단위 세번변경기준 또는 체약당사국 내에서 발생한 부가가치가 40퍼센트 이상일 것
한-베트남,19,19.05,1905.20,1905.20,4단위 세번변경기준 또는 체약당사국 내에서 발생한 부가가치가 40퍼센트 이상일 것
한-베트남,19,19.05,1905.31,1905.31,2단위 세번변경기준 또는 체약당사국 내에서 발생한 부가가치가 40퍼센트 이상일 것
한-베트남,19,19.05,1905.32,1905.32,2단위 세번변경기준 또는 체약당사국 내에서 발생한 부가가치가 40퍼센트 이상일 것
한-베트남,19,19.05,1905.40,1905.40,4단위 세번변경기준 또는 체약당사국 내에서 발생한 부가가치가 40퍼센트 이상일 것
한-베트남,19,19.05,1905.90,1905.90,2단위 세번변경기준 또는 체약당사국 내에서 발생한 부가가치가 40퍼센트 이상일 것
한-베트남,20,20.01,,20.01,4단위 세번변경기준 또는 체약당사국 내에서 발생한 부가가치가 40퍼센트 이상일 것
한-베트남,20,20.02,,20.02,4단위 세번변경기준 또는 체약당사국 내에서 발생한 부가가치가 40퍼센트 이상일 것
한-베트남,20,20.03,,20.03,4단위 세번변경기준 또는 체약당사국 내에서 발생한 부가가치가 40퍼센트 이상일 것
한-베트남,20,20.04,,20.04,4단위 세번변경기준 또는 체약당사국 내에서 발생한 부가가치가 40퍼센트 이상일 것
한-베트남,20,20.05,,20.05,4단위 세번변경기준 또는 체약당사국 내에서 발생한 부가가치가 40퍼센트 이상일 것
한-베트남,20,20.06,2006.00,2006.00,4단위 세번변경기준 또는 체약당사국 내에서 발생한 부가가치가 40퍼센트 이상일 것
한-베트남,20,20.07,,20.07,4단위 세번변경기준 또는 체약당사국 내에서 발생한 부가가치가 40퍼센트 이상일 것
한-베트남,20,20.08,2008.11,2008.11,2단위 세번변경기준(제12류의 것은 제외한다)
한-베트남,20,20.08,2008.19,2008.19,2단위 세번변경기준(제8류의 것은 제외한다)
한-베트남,20,20.08,2008.20,2008.20,2단위 세번변경기준(제8류의 재료는 체약당사국의 영역에서 완전생산된 것으로 한정한다) 또는 체약당사국 내에서 발생 한 부가가치가 40퍼센트 이상일 것(제8류의 재료는 체약당사 국의 영역에서 완전생산된 것으로 한정한다)
한-베트남,20,20.08,2008.30,2008.30,4단위 세번변경기준 또는 체약당사국 내에서 발생한 부가가치가 40퍼센트 이상일 것
한-베트남,20,20.08,2008.40,2008.40,4단위 세번변경기준 또는 체약당사국 내에서 발생한 부가가치가 40퍼센트 이상일 것
한-베트남,20,20.08,2008.50,2008.50,4단위 세번변경기준 또는 체약당사국 내에서 발생한 부가가치가 40퍼센트 이상일 것
한-베트남,20,20.08,2008.60,2008.60,4단위 세번변경기준 또는 체약당사국 내에서 발생한 부가가치가 40퍼센트 이상일 것
한-베트남,20,20.08,2008.70,2008.70,4단위 세번변경기준 또는 체약당사국 내에서 발생한 부가가치가 40퍼센트 이상일 것
한-베트남,20,20.08,2008.80,2008.80,4단위 세번변경기준 또는 체약당사국 내에서 발생한 부가가치가 40퍼센트 이상일 것
한-베트남,20,20.08,2008.91,2008.91,4단위 세번변경기준 또는 체약당사국 내에서 발생한 부가가치가 40퍼센트 이상일 것
한-베트남,20,20.08,2008.93,2008.93,2단위 세번변경기준 또는 체약당사국 내에서 발생한 부가가치가 40퍼센트 이상일 것
한-베트남,20,20.08,2008.97,2008.97,2단위 세번변경기준 또는 체약당사국 내에서 발생한 부가가치가 40퍼센트 이상일 것
한-베트남,20,20.08,2008.99,2008.99,2단위 세번변경기준 또는 체약당사국 내에서 발생한 부가 가치가 40퍼센트 이상일 것(제1212.21호 및 제1212.29호의 재료는 체약당사국의 영역에서 완전생산된 것으로 한정한다)
한-베트남,20,20.09,2009.11,2009.11,4단위 세번변경기준 또는 체약당사국 내에서 발생한 부가가치가 40퍼센트 이상일 것
한-베트남,20,20.09,2009.12,2009.12,4단위 세번변경기준 또는 체약당사국 내에서 발생한 부가가치가 40퍼센트 이상일 것
한-베트남,20,20.09,2009.19,2009.19,4단위 세번변경기준 또는 체약당사국 내에서 발생한 부가가치가 40퍼센트 이상일 것
한-베트남,20,20.09,2009.21,2009.21,4단위 세번변경기준 또는 체약당사국 내에서 발생한 부가가치가 40퍼센트 이상일 것
한-베트남,20,20.09,2009.29,2009.29,4단위 세번변경기준 또는 체약당사국 내에서 발생한 부가가치가 40퍼센트 이상일 것
한-베트남,20,20.09,2009.31,2009.31,4단위 세번변경기준 또는 체약당사국 내에서 발생한 부가가치가 40퍼센트 이상일 것
한-베트남,20,20.09,2009.39,2009.39,4단위 세번변경기준 또는 체약당사국 내에서 발생한 부가가치가 40퍼센트 이상일 것
한-베트남,20,20.09,2009.41,2009.41,2단위 세번변경기준(제8류의 것은 제외한다)
한-베트남,20,20.09,2009.49,2009.49,2단위 세번변경기준(제8류의 것은 제외한다)
한-베트남,20,20.09,2009.50,2009.50,4단위 세번변경기준 또는 체약당사국 내에서 발생한 부가가치가 40퍼센트 이상일 것
한-베트남,20,20.09,2009.61,2009.61,4단위 세번변경기준 또는 체약당사국 내에서 발생한 부가가치가 40퍼센트 이상일 것
한-베트남,20,20.09,2009.69,2009.69,4단위 세번변경기준 또는 체약당사국 내에서 발생한 부가가치가 40퍼센트 이상일 것
한-베트남,20,20.09,2009.71,2009.71,4단위 세번변경기준 또는 체약당사국 내에서 발생한 부가가치가 40퍼센트 이상일 것
한-베트남,20,20.09,2009.79,2009.79,4단위 세번변경기준 또는 체약당사국 내에서 발생한 부가가치가 40퍼센트 이상일 것
한-베트남,20,20.09,2009.81,2009.81,2단위 세번변경기준 또는 체약당사국 내에서 발생한 부가가치가 40퍼센트 이상일 것
한-베트남,20,20.09,2009.89,2009.89,2단위 세번변경기준 또는 체약당사국 내에서 발생한 부가가치가 40퍼센트 이상일 것
한-베트남,20,20.09,2009.90,2009.90,2단위 세번변경기준 또는 체약당사국 내에서 발생한 부가가치가 40퍼센트 이상일 것
한-베트남,21,21.01,,21.01,4단위 세번변경기준 또는 체약당사국 내에서 발생한 부가가치가 40퍼센트 이상일 것
한-베트남,21,21.02,,21.02,4단위 세번변경기준 또는 체약당사국 내에서 발생한 부가가치가 40퍼센트 이상일 것
한-베트남,21,21.03,,21.03,4단위 세번변경기준 또는 체약당사국 내에서 발생한 부가가치가 40퍼센트 이상일 것
한-베트남,21,21.04,2104.10,2104.10,4단위 세번변경기준
한-베트남,21,21.04,2104.20,2104.20,"4단위 세번변경기준 또는 체약당사국 내에서 발생한 부가가치가 40퍼센트 이상일 것(제1211.20호, 제1212.21호, 제1212.2 9호, 제1302.14호 및 제1302.19호의 재료는 체약당사국의 영 역에서 완전생산된 것으로 한정한다)"
한-베트남,21,21.05,2105.00,2105.00,4단위 세번변경기준 또는 체약당사국 내에서 발생한 부가가치가 40퍼센트 이상일 것
한-베트남,21,21.06,2106.10,2106.10,4단위 세번변경기준 또는 체약당사국 내에서 발생한 부가가치가 40퍼센트 이상일 것
한-베트남,21,21.06,2106.90,2106.90,"4단위 세번변경기준 또는 체약당사국 내에서 발생한 부가 가치가 40퍼센트 이상일 것(제1211.20호, 제1302.14호 및 제 1302.19호의 인삼제품류 재료는 체약당사국의 영역에서 완 전생산된 것으로 한정한다)"
한-베트남,22,22.01,,22.01,4단위 세번변경기준 또는 체약당사국 내에서 발생한 부가가치가 40퍼센트 이상일 것
한-베트남,22,22.02,2202.10,2202.10,4단위 세번변경기준 또는 체약당사국 내에서 발생한 부가가치가 40퍼센트 이상일 것
한-베트남,22,22.02,2202.91,2202.91,"체약당사국 내에서 발생한 부가가치가 40퍼센트 이상일 것 (제1211.20호, 제1302.14호 및 제1302.19호의 재료는 체약당사 국의 영역에서 완전생산된 것으로 한정한다)"
한-베트남,22,22.02,2202.99,2202.99,"체약당사국 내에서 발생한 부가가치가 40퍼센트 이상일 것 (제1211.20호, 제1302.14호 및 제1302.19호의 재료는 체약당사 국의 영역에서 완전생산된 것으로 한정한다)"
한-베트남,22,22.03,2203.00,2203.00,2단위 세번변경기준 또는 체약당사국 내에서 발생한 부가가치가 40퍼센트 이상일 것
한-베트남,22,22.04,2204.10,2204.10,4단위 세번변경기준 또는 체약당사국 내에서 발생한 부가가치가 40퍼센트 이상일 것
한-베트남,22,22.04,2204.21,2204.21,2단위 세번변경기준 또는 체약당사국 내에서 발생한 부가가치가 40퍼센트 이상일 것
한-베트남,22,22.04,2204.22,2204.22,2단위 세번변경기준 또는 체약당사국 내에서 발생한 부가가치가 40퍼센트 이상일 것
한-베트남,22,22.04,2204.29,2204.29,2단위 세번변경기준 또는 체약당사국 내에서 발생한 부가가치가 40퍼센트 이상일 것
한-베트남,22,22.04,2204.30,2204.30,4단위 세번변경기준 또는 체약당사국 내에서 발생한 부가가치가 40퍼센트 이상일 것
한-베트남,22,22.05,,22.05,4단위 세번변경기준 또는 체약당사국 내에서 발생한 부가가치가 40퍼센트 이상일 것
한-베트남,22,22.06,2206.00,2206.00,4단위 세번변경기준 또는 체약당사국 내에서 발생한 부가가치가 40퍼센트 이상일 것
한-베트남,22,22.07,,22.07,4단위 세번변경기준 또는 체약당사국 내에서 발생한 부가가치가 40퍼센트 이상일 것
한-베트남,22,22.08,2208.20,2208.20,2단위 세번변경기준 또는 체약당사국 내에서 발생한 부가가치가 40퍼센트 이상일 것
한-베트남,22,22.08,2208.30,2208.30,2단위 세번변경기준 또는 체약당사국 내에서 발생한 부가가치가 40퍼센트 이상일 것
한-베트남,22,22.08,2208.40,2208.40,2단위 세번변경기준 또는 체약당사국 내에서 발생한 부가가치가 40퍼센트 이상일 것
한-베트남,22,22.08,2208.50,2208.50,2단위 세번변경기준 또는 체약당사국 내에서 발생한 부가가치가 40퍼센트 이상일 것
한-베트남,22,22.08,2208.60,2208.60,2단위 세번변경기준 또는 체약당사국 내에서 발생한 부가가치가 40퍼센트 이상일 것
한-베트남,22,22.08,2208.70,2208.70,2단위 세번변경기준 또는 체약당사국 내에서 발생한 부가가치가 40퍼센트 이상일 것
한-베트남,22,22.08,2208.90,2208.90,4단위 세번변경기준 또는 체약당사국 내에서 발생한 부가가치가 40퍼센트 이상일 것
한-베트남,22,22.09,2209.00,2209.00,4단위 세번변경기준 또는 체약당사국 내에서 발생한 부가가치가 40퍼센트 이상일 것
한-베트남,23,23.01,2301.10,2301.10,4단위 세번변경기준 또는 체약당사국 내에서 발생한 부가가치가 40퍼센트 이상일 것
한-베트남,23,23.01,2301.20,2301.20,2단위 세번변경기준
한-베트남,23,23.02,,23.02,4단위 세번변경기준 또는 체약당사국 내에서 발생한 부가가치가 40퍼센트 이상일 것
한-베트남,23,23.03,,23.03,4단위 세번변경기준 또는 체약당사국 내에서 발생한 부가가치가 40퍼센트 이상일 것
한-베트남,23,23.04,2304.00,2304.00,4단위 세번변경기준 또는 체약당사국 내에서 발생한 부가가치가 40퍼센트 이상일 것
한-베트남,23,23.05,2305.00,2305.00,4단위 세번변경기준 또는 체약당사국 내에서 발생한 부가가치가 40퍼센트 이상일 것
한-베트남,23,23.06,2306.10,2306.10,4단위 세번변경기준 또는 체약당사국 내에서 발생한 부가가치가 40퍼센트 이상일 것
한-베트남,23,23.06,2306.20,2306.20,4단위 세번변경기준 또는 체약당사국 내에서 발생한 부가가치가 40퍼센트 이상일 것
한-베트남,23,23.06,2306.30,2306.30,4단위 세번변경기준 또는 체약당사국 내에서 발생한 부가가치가 40퍼센트 이상일 것
한-베트남,23,23.06,2306.41,2306.41,4단위 세번변경기준 또는 체약당사국 내에서 발생한 부가가치가 40퍼센트 이상일 것
한-베트남,23,23.06,2306.49,2306.49,4단위 세번변경기준 또는 체약당사국 내에서 발생한 부가가치가 40퍼센트 이상일 것
한-베트남,23,23.06,2306.50,2306.50,2단위 세번변경기준(제8류의 재료는 체약당사국의 영역에서 완전생산된 것으로 한정한다) 또는 체약당사국 내에서 발생 한 부가가치가 40퍼센트 이상일 것(제8류의 재료는 체약당사 국의 영역에서 완전생산된 것으로 한정한다)
한-베트남,23,23.06,2306.60,2306.60,4단위 세번변경기준 또는 체약당사국 내에서 발생한 부가가치가 40퍼센트 이상일 것
한-베트남,23,23.06,2306.90,2306.90,4단위 세번변경기준 또는 체약당사국 내에서 발생한 부가가치가 40퍼센트 이상일 것
한-베트남,23,23.07,2307.00,2307.00,4단위 세번변경기준 또는 체약당사국 내에서 발생한 부가가치가 40퍼센트 이상일 것
한-베트남,23,23.08,2308.00,2308.00,2단위 세번변경기준(제8류의 재료는 체약당사국의 영역에서 완전생산된 것으로 한정한다) 또는 체약당사국 내에서 발생 한 부가가치가 40퍼센트 이상일 것(제8류의 재료는 체약당사 국의 영역에서 완전생산된 것으로 한정한다)
한-베트남,23,23.09,,23.09,4단위 세번변경기준 또는 체약당사국 내에서 발생한 부가가치가 40퍼센트 이상일 것
한-베트남,24,24.01,,24.01,완전생산기준
한-베트남,24,24.02,2402.10,2402.10,4단위 세번변경기준
한-베트남,24,24.02,2402.20,2402.20,4단위 세번변경기준(제2403호에 해당하는 비원산지재료의 가격이 해당 물품의 본선인도가격의 60퍼센트를 초과하지 않 는 경우로 한정한다)
한-베트남,24,24.02,2402.90,2402.90,4단위 세번변경기준 또는 체약당사국 내에서 발생한 부가가치가 40퍼센트 이상일 것
한-베트남,24,24.03,,24.03,4단위 세번변경기준
한-베트남,24,24.04,2404.11,2404.11,4단위 세번변경기준
한-베트남,24,24.04,2404.12,2404.12,4단위 세번변경기준 또는 체약당사국 내에서 발생한 부가가치가 40퍼센트 이상일 것
한-베트남,24,24.04,2404.19,2404.19,가. 전자담배용 용액: 4단위 세번변경기준 또는 체약당사국 내에서 발생한 부가가치가 40퍼센트 이상일 것 나. 기타: 4단위 세번변경기준
한-베트남,24,24.04,2404.91,2404.91,"4단위 세번변경기준 또는 체약당사국 내에서 발생한 부가가치가 40퍼센트 이상일 것(제1211.20호, 제1212.21호, 제1212.29호, 제1302.14호 및 제1302.19호의 재료는 체약당사국의 영역에서 완전생산된 것으로 한정한다)"
한-베트남,24,24.04,2404.92,2404.92,4단위 세번변경기준 또는 체약당사국 내에서 발생한 부가 가치가 40퍼센트 이상일 것
한-베트남,24,24.04,2404.99,2404.99,4단위 세번변경기준 또는 체약당사국 내에서 발생한 부가 가치가 40퍼센트 이상일 것
한-베트남,25,25.01,2501.00,2501.00,완전생산기준
한-베트남,25,25.02,2502.00,2502.00,4단위 세번변경기준 또는 체약당사국 내에서 발생한 부가가치가 40퍼센트 이상일 것
한-베트남,25,25.03,2503.00,2503.00,4단위 세번변경기준 또는 체약당사국 내에서 발생한 부가가치가 40퍼센트 이상일 것
한-베트남,25,25.04,,25.04,4단위 세번변경기준 또는 체약당사국 내에서 발생한 부가가치가 40퍼센트 이상일 것
한-베트남,25,25.05,,25.05,4단위 세번변경기준 또는 체약당사국 내에서 발생한 부가가치가 40퍼센트 이상일 것
한-베트남,25,25.06,,25.06,4단위 세번변경기준 또는 체약당사국 내에서 발생한 부가가치가 40퍼센트 이상일 것
한-베트남,25,25.07,2507.00,2507.00,4단위 세번변경기준 또는 체약당사국 내에서 발생한 부가가치가 40퍼센트 이상일 것
한-베트남,25,25.08,,25.08,4단위 세번변경기준 또는 체약당사국 내에서 발생한 부가가치가 40퍼센트 이상일 것
한-베트남,25,25.09,2509.00,2509.00,4단위 세번변경기준 또는 체약당사국 내에서 발생한 부가가치가 40퍼센트 이상일 것
한-베트남,25,25.10,,25.10,4단위 세번변경기준 또는 체약당사국 내에서 발생한 부가가치가 40퍼센트 이상일 것
한-베트남,25,25.11,,25.11,4단위 세번변경기준 또는 체약당사국 내에서 발생한 부가가치가 40퍼센트 이상일 것
한-베트남,25,25.12,2512.00,2512.00,4단위 세번변경기준 또는 체약당사국 내에서 발생한 부가가치가 40퍼센트 이상일 것
한-베트남,25,25.13,,25.13,4단위 세번변경기준 또는 체약당사국 내에서 발생한 부가가치가 40퍼센트 이상일 것
한-베트남,25,25.14,2514.00,2514.00,4단위 세번변경기준 또는 체약당사국 내에서 발생한 부가가치가 40퍼센트 이상일 것
한-베트남,25,25.15,,25.15,4단위 세번변경기준 또는 체약당사국 내에서 발생한 부가가치가 40퍼센트 이상일 것
한-베트남,25,25.16,,25.16,4단위 세번변경기준 또는 체약당사국 내에서 발생한 부가가치가 40퍼센트 이상일 것
한-베트남,25,25.17,,25.17,4단위 세번변경기준 또는 체약당사국 내에서 발생한 부가가치가 40퍼센트 이상일 것
한-베트남,25,25.18,,25.18,4단위 세번변경기준 또는 체약당사국 내에서 발생한 부가가치가 40퍼센트 이상일 것
한-베트남,25,25.19,,25.19,4단위 세번변경기준 또는 체약당사국 내에서 발생한 부가가치가 40퍼센트 이상일 것
한-베트남,25,25.20,,25.20,4단위 세번변경기준 또는 체약당사국 내에서 발생한 부가가치가 40퍼센트 이상일 것
한-베트남,25,25.21,2521.00,2521.00,4단위 세번변경기준 또는 체약당사국 내에서 발생한 부가가치가 40퍼센트 이상일 것
한-베트남,25,25.22,,25.22,4단위 세번변경기준 또는 체약당사국 내에서 발생한 부가가치가 40퍼센트 이상일 것
한-베트남,25,25.23,,25.23,4단위 세번변경기준 또는 체약당사국 내에서 발생한 부가가치가 40퍼센트 이상일 것
한-베트남,25,25.24,,25.24,4단위 세번변경기준 또는 체약당사국 내에서 발생한 부가가치가 40퍼센트 이상일 것
한-베트남,25,25.25,,25.25,4단위 세번변경기준 또는 체약당사국 내에서 발생한 부가가치가 40퍼센트 이상일 것
한-베트남,25,25.26,,25.26,4단위 세번변경기준 또는 체약당사국 내에서 발생한 부가가치가 40퍼센트 이상일 것
한-베트남,25,25.28,2528.00,2528.00,4단위 세번변경기준 또는 체약당사국 내에서 발생한 부가가치가 40퍼센트 이상일 것
한-베트남,25,25.29,,25.29,4단위 세번변경기준 또는 체약당사국 내에서 발생한 부가가치가 40퍼센트 이상일 것
한-베트남,25,25.30,,25.30,4단위 세번변경기준 또는 체약당사국 내에서 발생한 부가가치가 40퍼센트 이상일 것
한-베트남,26,,,26,4단위 세번변경기준 또는 체약당사국 내에서 발생한 부가가치가 40퍼센트 이상일 것
한-베트남,27,27.01,,27.01,4단위 세번변경기준 또는 체약당사국 내에서 발생한 부가가치가 40퍼센트 이상일 것
한-베트남,27,27.02,,27.02,4단위 세번변경기준 또는 체약당사국 내에서 발생한 부가가치가 40퍼센트 이상일 것
한-베트남,27,27.03,2703.00,2703.00,4단위 세번변경기준 또는 체약당사국 내에서 발생한 부가가치가 40퍼센트 이상일 것
한-베트남,27,27.04,2704.00,2704.00,4단위 세번변경기준 또는 체약당사국 내에서 발생한 부가가치가 40퍼센트 이상일 것
한-베트남,27,27.05,2705.00,2705.00,4단위 세번변경기준 또는 체약당사국 내에서 발생한 부가가치가 40퍼센트 이상일 것
한-베트남,27,27.06,2706.00,2706.00,4단위 세번변경기준 또는 체약당사국 내에서 발생한 부가가치가 40퍼센트 이상일 것
한-베트남,27,27.07,,27.07,4단위 세번변경기준 또는 체약당사국 내에서 발생한 부가가치가 40퍼센트 이상일 것
한-베트남,27,27.08,,27.08,4단위 세번변경기준 또는 체약당사국 내에서 발생한 부가가치가 40퍼센트 이상일 것
한-베트남,27,27.09,2709.00,2709.00,4단위 세번변경기준 또는 체약당사국 내에서 발생한 부가가치가 40퍼센트 이상일 것
한-베트남,27,27.10,2710.12,2710.12,6단위 세번변경기준
한-베트남,27,27.10,2710.19,2710.19,4단위 세번변경기준 또는 체약당사국 내에서 발생한 부가가치가 40퍼센트 이상일 것
한-베트남,27,27.10,2710.20,2710.20,4단위 세번변경기준 또는 체약당사국 내에서 발생한 부가가치가 40퍼센트 이상일 것
한-베트남,27,27.10,2710.91,2710.91,4단위 세번변경기준 또는 체약당사국 내에서 발생한 부가가치가 40퍼센트 이상일 것
한-베트남,27,27.10,2710.99,2710.99,4단위 세번변경기준 또는 체약당사국 내에서 발생한 부가가치가 40퍼센트 이상일 것
한-베트남,27,27.11,,27.11,4단위 세번변경기준 또는 체약당사국 내에서 발생한 부가가치가 40퍼센트 이상일 것
한-베트남,27,27.12,,27.12,4단위 세번변경기준 또는 체약당사국 내에서 발생한 부가가치가 40퍼센트 이상일 것
한-베트남,27,27.13,,27.13,4단위 세번변경기준 또는 체약당사국 내에서 발생한 부가가치가 40퍼센트 이상일 것
한-베트남,27,27.14,,27.14,4단위 세번변경기준 또는 체약당사국 내에서 발생한 부가가치가 40퍼센트 이상일 것
한-베트남,27,27.15,2715.00,2715.00,4단위 세번변경기준 또는 체약당사국 내에서 발생한 부가가치가 40퍼센트 이상일 것
한-베트남,27,27.16,2716.00,2716.00,4단위 세번변경기준 또는 체약당사국 내에서 발생한 부가가치가 40퍼센트 이상일 것
한-베트남,28,,,28,4단위 세번변경기준 또는 체약당사국 내에서 발생한 부가가치가 40퍼센트 이상일 것
한-베트남,29,29.01,,29.01,4단위 세번변경기준 또는 체약당사국 내에서 발생한 부가가치가 40퍼센트 이상일 것
한-베트남,29,29.02,,29.02,4단위 세번변경기준 또는 체약당사국 내에서 발생한 부가가치가 40퍼센트 이상일 것
한-베트남,29,29.03,,29.03,4단위 세번변경기준 또는 체약당사국 내에서 발생한 부가가치가 40퍼센트 이상일 것
한-베트남,29,29.04,,29.04,4단위 세번변경기준 또는 체약당사국 내에서 발생한 부가가치가 40퍼센트 이상일 것
한-베트남,29,29.05,,29.05,4단위 세번변경기준 또는 체약당사국 내에서 발생한 부가가치가 40퍼센트 이상일 것
한-베트남,29,29.06,,29.06,4단위 세번변경기준 또는 체약당사국 내에서 발생한 부가가치가 40퍼센트 이상일 것
한-베트남,29,29.07,,29.07,4단위 세번변경기준 또는 체약당사국 내에서 발생한 부가가치가 40퍼센트 이상일 것
한-베트남,29,29.08,,29.08,4단위 세번변경기준 또는 체약당사국 내에서 발생한 부가가치가 40퍼센트 이상일 것
한-베트남,29,29.09,,29.09,4단위 세번변경기준 또는 체약당사국 내에서 발생한 부가가치가 40퍼센트 이상일 것
한-베트남,29,29.10,,29.10,4단위 세번변경기준 또는 체약당사국 내에서 발생한 부가가치가 40퍼센트 이상일 것
한-베트남,29,29.11,2911.00,2911.00,4단위 세번변경기준 또는 체약당사국 내에서 발생한 부가가치가 40퍼센트 이상일 것
한-베트남,29,29.12,,29.12,4단위 세번변경기준 또는 체약당사국 내에서 발생한 부가가치가 40퍼센트 이상일 것
한-베트남,29,29.13,2913.00,2913.00,4단위 세번변경기준 또는 체약당사국 내에서 발생한 부가가치가 40퍼센트 이상일 것
한-베트남,29,29.14,,29.14,4단위 세번변경기준 또는 체약당사국 내에서 발생한 부가가치가 40퍼센트 이상일 것
한-베트남,29,29.15,,29.15,4단위 세번변경기준 또는 체약당사국 내에서 발생한 부가가치가 40퍼센트 이상일 것
한-베트남,29,29.16,,29.16,4단위 세번변경기준 또는 체약당사국 내에서 발생한 부가가치가 40퍼센트 이상일 것
한-베트남,29,29.17,,29.17,4단위 세번변경기준 또는 체약당사국 내에서 발생한 부가가치가 40퍼센트 이상일 것
한-베트남,29,29.18,,29.18,4단위 세번변경기준 또는 체약당사국 내에서 발생한 부가가치가 40퍼센트 이상일 것
한-베트남,29,29.19,,29.19,4단위 세번변경기준 또는 체약당사국 내에서 발생한 부가가치가 40퍼센트 이상일 것
한-베트남,29,29.20,,29.20,4단위 세번변경기준 또는 체약당사국 내에서 발생한 부가가치가 40퍼센트 이상일 것
한-베트남,29,29.21,2921.11,2921.11,4단위 세번변경기준 또는 체약당사국 내에서 발생한 부가가치가 40퍼센트 이상일 것
한-베트남,29,29.21,2921.12,2921.12,4단위 세번변경기준 또는 체약당사국 내에서 발생한 부가가치가 40퍼센트 이상일 것
한-베트남,29,29.21,2921.13,2921.13,4단위 세번변경기준 또는 체약당사국 내에서 발생한 부가가치가 40퍼센트 이상일 것
한-베트남,29,29.21,2921.14,2921.14,4단위 세번변경기준 또는 체약당사국 내에서 발생한 부가가치가 40퍼센트 이상일 것
한-베트남,29,29.21,2921.19,2921.19,4단위 세번변경기준 또는 체약당사국 내에서 발생한 부가가치가 40퍼센트 이상일 것
한-베트남,29,29.21,2921.21,2921.21,6단위 세번변경기준 또는 체약당사국 내에서 발생한 부가가치가 40퍼센트 이상일 것
한-베트남,29,29.21,2921.22,2921.22,4단위 세번변경기준 또는 체약당사국 내에서 발생한 부가가치가 40퍼센트 이상일 것
한-베트남,29,29.21,2921.29,2921.29,6단위 세번변경기준 또는 체약당사국 내에서 발생한 부가가치가 40퍼센트 이상일 것
한-베트남,29,29.21,2921.30,2921.30,4단위 세번변경기준 또는 체약당사국 내에서 발생한 부가가치가 40퍼센트 이상일 것
한-베트남,29,29.21,2921.41,2921.41,4단위 세번변경기준 또는 체약당사국 내에서 발생한 부가가치가 40퍼센트 이상일 것
한-베트남,29,29.21,2921.42,2921.42,4단위 세번변경기준 또는 체약당사국 내에서 발생한 부가가치가 40퍼센트 이상일 것
한-베트남,29,29.21,2921.43,2921.43,4단위 세번변경기준 또는 체약당사국 내에서 발생한 부가가치가 40퍼센트 이상일 것
한-베트남,29,29.21,2921.44,2921.44,4단위 세번변경기준 또는 체약당사국 내에서 발생한 부가가치가 40퍼센트 이상일 것
한-베트남,29,29.21,2921.45,2921.45,4단위 세번변경기준 또는 체약당사국 내에서 발생한 부가가치가 40퍼센트 이상일 것
한-베트남,29,29.21,2921.46,2921.46,4단위 세번변경기준 또는 체약당사국 내에서 발생한 부가가치가 40퍼센트 이상일 것
한-베트남,29,29.21,2921.49,2921.49,4단위 세번변경기준 또는 체약당사국 내에서 발생한 부가가치가 40퍼센트 이상일 것
한-베트남,29,29.21,2921.51,2921.51,4단위 세번변경기준 또는 체약당사국 내에서 발생한 부가가치가 40퍼센트 이상일 것
한-베트남,29,29.21,2921.59,2921.59,4단위 세번변경기준 또는 체약당사국 내에서 발생한 부가가치가 40퍼센트 이상일 것
한-베트남,29,29.22,2922.11,2922.11,4단위 세번변경기준 또는 체약당사국 내에서 발생한 부가가치가 40퍼센트 이상일 것
한-베트남,29,29.22,2922.12,2922.12,6단위 세번변경기준 또는 체약당사국 내에서 발생한 부가가치가 40퍼센트 이상일 것
한-베트남,29,29.22,2922.14,2922.14,4단위 세번변경기준 또는 체약당사국 내에서 발생한 부가가치가 40퍼센트 이상일 것
한-베트남,29,29.22,2922.15,2922.15,6단위 세번변경기준 또는 체약당사국 내에서 발생한 부가가치가 40퍼센트 이상일 것
한-베트남,29,29.22,2922.16,2922.16,4단위 세번변경기준 또는 체약당사국 내에서 발생한 부가가치가 40퍼센트 이상일 것
한-베트남,29,29.22,2922.17,2922.17,4단위 세번변경기준 또는 체약당사국 내에서 발생한 부가가치가 40퍼센트 이상일 것
한-베트남,29,29.22,2922.18,2922.18,4단위 세번변경기준 또는 체약당사국 내에서 발생한 부가가치가 40퍼센트 이상일 것
한-베트남,29,29.22,2922.19,2922.19,4단위 세번변경기준 또는 체약당사국 내에서 발생한 부가가치가 40퍼센트 이상일 것
한-베트남,29,29.22,2922.21,2922.21,4단위 세번변경기준 또는 체약당사국 내에서 발생한 부가가치가 40퍼센트 이상일 것
한-베트남,29,29.22,2922.29,2922.29,4단위 세번변경기준 또는 체약당사국 내에서 발생한 부가가치가 40퍼센트 이상일 것
한-베트남,29,29.22,2922.31,2922.31,4단위 세번변경기준 또는 체약당사국 내에서 발생한 부가가치가 40퍼센트 이상일 것
한-베트남,29,29.22,2922.39,2922.39,4단위 세번변경기준 또는 체약당사국 내에서 발생한 부가가치가 40퍼센트 이상일 것
한-베트남,29,29.22,2922.41,2922.41,6단위 세번변경기준 또는 체약당사국 내에서 발생한 부가가치가 40퍼센트 이상일 것
한-베트남,29,29.22,2922.42,2922.42,4단위 세번변경기준 또는 체약당사국 내에서 발생한 부가가치가 40퍼센트 이상일 것
한-베트남,29,29.22,2922.43,2922.43,4단위 세번변경기준 또는 체약당사국 내에서 발생한 부가가치가 40퍼센트 이상일 것
한-베트남,29,29.22,2922.44,2922.44,4단위 세번변경기준 또는 체약당사국 내에서 발생한 부가가치가 40퍼센트 이상일 것
한-베트남,29,29.22,2922.49,2922.49,4단위 세번변경기준 또는 체약당사국 내에서 발생한 부가가치가 40퍼센트 이상일 것
한-베트남,29,29.22,2922.50,2922.50,4단위 세번변경기준 또는 체약당사국 내에서 발생한 부가가치가 40퍼센트 이상일 것
한-베트남,29,29.23,2923.10,2923.10,4단위 세번변경기준 또는 체약당사국 내에서 발생한 부가가치가 40퍼센트 이상일 것
한-베트남,29,29.23,2923.20,2923.20,4단위 세번변경기준 또는 체약당사국 내에서 발생한 부가가치가 40퍼센트 이상일 것
한-베트남,29,29.23,2923.30,2923.30,6단위 세번변경기준 또는 체약당사국 내에서 발생한 부가가치가 40퍼센트 이상일 것
한-베트남,29,29.23,2923.40,2923.40,6단위 세번변경기준 또는 체약당사국 내에서 발생한 부가가치가 40퍼센트 이상일 것
한-베트남,29,29.23,2923.90,2923.90,6단위 세번변경기준 또는 체약당사국 내에서 발생한 부가가치가 40퍼센트 이상일 것
한-베트남,29,29.24,,29.24,4단위 세번변경기준 또는 체약당사국 내에서 발생한 부가가치가 40퍼센트 이상일 것
한-베트남,29,29.25,,29.25,4단위 세번변경기준 또는 체약당사국 내에서 발생한 부가가치가 40퍼센트 이상일 것
한-베트남,29,29.26,,29.26,4단위 세번변경기준 또는 체약당사국 내에서 발생한 부가가치가 40퍼센트 이상일 것
한-베트남,29,29.27,2927.00,2927.00,4단위 세번변경기준 또는 체약당사국 내에서 발생한 부가가치가 40퍼센트 이상일 것
한-베트남,29,29.28,2928.00,2928.00,4단위 세번변경기준 또는 체약당사국 내에서 발생한 부가가치가 40퍼센트 이상일 것
한-베트남,29,29.29,,29.29,4단위 세번변경기준 또는 체약당사국 내에서 발생한 부가가치가 40퍼센트 이상일 것
한-베트남,29,29.30,,29.30,4단위 세번변경기준 또는 체약당사국 내에서 발생한 부가가치가 40퍼센트 이상일 것
한-베트남,29,29.31,,29.31,4단위 세번변경기준 또는 체약당사국 내에서 발생한 부가가치가 40퍼센트 이상일 것
한-베트남,29,29.32,,29.32,4단위 세번변경기준 또는 체약당사국 내에서 발생한 부가가치가 40퍼센트 이상일 것
한-베트남,29,29.33,,29.33,4단위 세번변경기준 또는 체약당사국 내에서 발생한 부가가치가 40퍼센트 이상일 것
한-베트남,29,29.34,,29.34,4단위 세번변경기준 또는 체약당사국 내에서 발생한 부가가치가 40퍼센트 이상일 것
한-베트남,29,29.35,,29.35,4단위 세번변경기준 또는 체약당사국 내에서 발생한 부가가치가 40퍼센트 이상일 것
한-베트남,29,29.36,,29.36,4단위 세번변경기준 또는 체약당사국 내에서 발생한 부가가치가 40퍼센트 이상일 것
한-베트남,29,29.37,,29.37,4단위 세번변경기준 또는 체약당사국 내에서 발생한 부가가치가 40퍼센트 이상일 것
한-베트남,29,29.38,,29.38,4단위 세번변경기준 또는 체약당사국 내에서 발생한 부가가치가 40퍼센트 이상일 것
한-베트남,29,29.39,,29.39,4단위 세번변경기준 또는 체약당사국 내에서 발생한 부가가치가 40퍼센트 이상일 것
한-베트남,29,29.40,2940.00,2940.00,4단위 세번변경기준 또는 체약당사국 내에서 발생한 부가가치가 40퍼센트 이상일 것
한-베트남,29,29.41,,29.41,4단위 세번변경기준 또는 체약당사국 내에서 발생한 부가가치가 40퍼센트 이상일 것
한-베트남,29,29.42,2942.00,2942.00,4단위 세번변경기준 또는 체약당사국 내에서 발생한 부가가치가 40퍼센트 이상일 것
한-베트남,30,,,30,4단위 세번변경기준 또는 체약당사국 내에서 발생한 부가가치가 40퍼센트 이상일 것
한-베트남,31,,,31,4단위 세번변경기준 또는 체약당사국 내에서 발생한 부가가치가 40퍼센트 이상일 것
한-베트남,32,,,32,4단위 세번변경기준 또는 체약당사국 내에서 발생한 부가가치가 40퍼센트 이상일 것
한-베트남,33,33.01,3301.12,3301.12,4단위 세번변경기준 또는 체약당사국 내에서 발생한 부가가치가 40퍼센트 이상일 것
한-베트남,33,33.01,3301.13,3301.13,4단위 세번변경기준 또는 체약당사국 내에서 발생한 부가가치가 40퍼센트 이상일 것
한-베트남,33,33.01,3301.19,3301.19,4단위 세번변경기준 또는 체약당사국 내에서 발생한 부가가치가 40퍼센트 이상일 것
한-베트남,33,33.01,3301.24,3301.24,4단위 세번변경기준 또는 체약당사국 내에서 발생한 부가가치가 40퍼센트 이상일 것
한-베트남,33,33.01,3301.25,3301.25,4단위 세번변경기준 또는 체약당사국 내에서 발생한 부가가치가 40퍼센트 이상일 것
한-베트남,33,33.01,3301.29,3301.29,4단위 세번변경기준 또는 체약당사국 내에서 발생한 부가가치가 40퍼센트 이상일 것
한-베트남,33,33.01,3301.30,3301.30,6단위 세번변경기준 또는 체약당사국 내에서 발생한 부가가치가 40퍼센트 이상일 것
한-베트남,33,33.01,3301.90,3301.90,"4단위 세번변경기준(제1211.20호, 제1302.14호 및 제1302.19 호의 재료는 체약당사국의 영역에서 완전생산된 것으로 한정 한다) 또는 체약당사국 내에서 발생한 부가가치가 40퍼센트 이상일 것(제1211.20호, 제1302.14호 및 제1302.19호의 재료는 체약당사국의 영역에서 완전생산된 것으로 한정한다)"
한-베트남,33,33.02,,33.02,4단위 세번변경기준 또는 체약당사국 내에서 발생한 부가가치가 40퍼센트 이상일 것
한-베트남,33,33.03,3303.00,3303.00,4단위 세번변경기준 또는 체약당사국 내에서 발생한 부가가치가 40퍼센트 이상일 것
한-베트남,33,33.04,,33.04,4단위 세번변경기준 또는 체약당사국 내에서 발생한 부가가치가 40퍼센트 이상일 것
한-베트남,33,33.05,,33.05,4단위 세번변경기준 또는 체약당사국 내에서 발생한 부가가치가 40퍼센트 이상일 것
한-베트남,33,33.06,,33.06,4단위 세번변경기준 또는 체약당사국 내에서 발생한 부가가치가 40퍼센트 이상일 것
한-베트남,33,33.07,,33.07,4단위 세번변경기준 또는 체약당사국 내에서 발생한 부가가치가 40퍼센트 이상일 것
한-베트남,34,,,34,4단위 세번변경기준 또는 체약당사국 내에서 발생한 부가가치가 40퍼센트 이상일 것
한-베트남,35,,,35,4단위 세번변경기준 또는 체약당사국 내에서 발생한 부가가치가 40퍼센트 이상일 것
한-베트남,36,,,36,4단위 세번변경기준 또는 체약당사국 내에서 발생한 부가가치가 40퍼센트 이상일 것
한-베트남,37,,,37,4단위 세번변경기준 또는 체약당사국 내에서 발생한 부가가치가 40퍼센트 이상일 것
한-베트남,38,,,38,4단위 세번변경기준 또는 체약당사국 내에서 발생한 부가가치가 40퍼센트 이상일 것
한-베트남,39,,,39,4단위 세번변경기준 또는 체약당사국 내에서 발생한 부가가치가 40퍼센트 이상일 것
한-베트남,40,,,40,4단위 세번변경기준 또는 체약당사국 내에서 발생한 부가가치가 40퍼센트 이상일 것
한-베트남,41,,,41,4단위 세번변경기준 또는 체약당사국 내에서 발생한 부가가치가 40퍼센트 이상일 것
한-베트남,42,,,42,4단위 세번변경기준 또는 체약당사국 내에서 발생한 부가가치가 40퍼센트 이상일 것
한-베트남,43,,,43,4단위 세번변경기준 또는 체약당사국 내에서 발생한 부가가치가 40퍼센트 이상일 것
한-베트남,44,,,44,4단위 세번변경기준 또는 체약당사국 내에서 발생한 부가가치가 40퍼센트 이상일 것
한-베트남,45,,,45,4단위 세번변경기준 또는 체약당사국 내에서 발생한 부가가치가 40퍼센트 이상일 것
한-베트남,46,,,46,4단위 세번변경기준 또는 체약당사국 내에서 발생한 부가가치가 40퍼센트 이상일 것
한-베트남,47,,,47,4단위 세번변경기준 또는 체약당사국 내에서 발생한 부가가치가 40퍼센트 이상일 것
한-베트남,48,,,48,4단위 세번변경기준 또는 체약당사국 내에서 발생한 부가가치가 40퍼센트 이상일 것
한-베트남,49,,,49,4단위 세번변경기준 또는 체약당사국 내에서 발생한 부가가치가 40퍼센트 이상일 것
한-베트남,50,50.01,5001.00,5001.00,2단위 세번변경기준 또는 체약당사국 내에서 발생한 부가가치가 40퍼센트 이상일 것
한-베트남,50,50.02,5002.00,5002.00,2단위 세번변경기준 또는 체약당사국 내에서 발생한 부가가치가 40퍼센트 이상일 것
한-베트남,50,50.03,5003.00,5003.00,2단위 세번변경기준 또는 체약당사국 내에서 발생한 부가가치가 40퍼센트 이상일 것
한-베트남,50,50.04,5004.00,5004.00,4단위 세번변경기준 또는 체약당사국 내에서 발생한 부가가치가 40퍼센트 이상일 것
한-베트남,50,50.05,5005.00,5005.00,4단위 세번변경기준 또는 체약당사국 내에서 발생한 부가가치가 40퍼센트 이상일 것
한-베트남,50,50.06,5006.00,5006.00,4단위 세번변경기준(제5004호 및 제5005호의 것은 제외한다) 또는 체약당사국 내에서 발생한 부가가치가 40퍼센트 이상일 것
한-베트남,50,50.07,,50.07,"4단위 세번변경기준, 또는 최소한 두 가지 준비 또는 마무리 공정이 동반되는 날염이나 염색한 것, 또는 체약당사국 내에 서 발생한 부가가치가 40퍼센트 이상일 것"
한-베트남,51,51.01,,51.01,2단위 세번변경기준 또는 체약당사국 내에서 발생한 부가가치가 40퍼센트 이상일 것
한-베트남,51,51.02,,51.02,2단위 세번변경기준 또는 체약당사국 내에서 발생한 부가가치가 40퍼센트 이상일 것
한-베트남,51,51.03,,51.03,2단위 세번변경기준 또는 체약당사국 내에서 발생한 부가가치가 40퍼센트 이상일 것
한-베트남,51,51.04,5104.00,5104.00,2단위 세번변경기준 또는 체약당사국 내에서 발생한 부가가치가 40퍼센트 이상일 것
한-베트남,51,51.05,,51.05,2단위 세번변경기준 또는 체약당사국 내에서 발생한 부가가치가 40퍼센트 이상일 것
한-베트남,51,51.06,,51.06,4단위 세번변경기준 또는 체약당사국 내에서 발생한 부가가치가 40퍼센트 이상일 것
한-베트남,51,51.07,,51.07,4단위 세번변경기준 또는 체약당사국 내에서 발생한 부가가치가 40퍼센트 이상일 것
한-베트남,51,51.08,,51.08,4단위 세번변경기준 또는 체약당사국 내에서 발생한 부가가치가 40퍼센트 이상일 것
한-베트남,51,51.09,,51.09,4단위 세번변경기준(제5106호부터 제5108호까지의 것은 제 외한다) 또는 체약당사국 내에서 발생한 부가가치가 40퍼센 트 이상일 것
한-베트남,51,51.10,5110.00,5110.00,4단위 세번변경기준 또는 체약당사국 내에서 발생한 부가가치가 40퍼센트 이상일 것
한-베트남,51,51.11,,51.11,"4단위 세번변경기준 또는 최소한 두 가지 준비 또는 마무리 공정이 동반되는 날염이나 염색한 것, 또는 체약당사국 내에 서 발생한 부가가치가 40퍼센트 이상일 것"
한-베트남,51,51.12,,51.12,"4단위 세번변경기준 또는 최소한 두 가지 준비 또는 마무리 공정이 동반되는 날염이나 염색한 것, 또는 체약당사국 내에 서 발생한 부가가치가 40퍼센트 이상일 것"
한-베트남,51,51.13,5113.00,5113.00,"4단위 세번변경기준 또는 최소한 두 가지 준비 또는 마무리 공정이 동반되는 날염이나 염색한 것, 또는 체약당사국 내에 서 발생한 부가가치가 40퍼센트 이상일 것"
한-베트남,52,52.01,5201.00,5201.00,2단위 세번변경기준 또는 체약당사국 내에서 발생한 부가가치가 40퍼센트 이상일 것
한-베트남,52,52.02,,52.02,2단위 세번변경기준 또는 체약당사국 내에서 발생한 부가가치가 40퍼센트 이상일 것
한-베트남,52,52.03,5203.00,5203.00,2단위 세번변경기준 또는 체약당사국 내에서 발생한 부가가치가 40퍼센트 이상일 것
한-베트남,52,52.04,,52.04,4단위 세번변경기준 또는 체약당사국 내에서 발생한 부가가치가 40퍼센트 이상일 것
한-베트남,52,52.05,,52.05,4단위 세번변경기준 또는 체약당사국 내에서 발생한 부가가치가 40퍼센트 이상일 것
한-베트남,52,52.06,,52.06,4단위 세번변경기준 또는 체약당사국 내에서 발생한 부가가치가 40퍼센트 이상일 것
한-베트남,52,52.07,,52.07,4단위 세번변경기준(제5204호부터 제5206호까지의 것은 제 외한다) 또는 체약당사국 내에서 발생한 부가가치가 40퍼센 트 이상일 것
한-베트남,52,52.08,,52.08,4단위 세번변경기준 또는 체약당사국 내에서 발생한 부가가치가 40퍼센트 이상일 것
한-베트남,52,52.09,,52.09,4단위 세번변경기준 또는 체약당사국 내에서 발생한 부가가치가 40퍼센트 이상일 것
한-베트남,52,52.10,,52.10,4단위 세번변경기준 또는 체약당사국 내에서 발생한 부가가치가 40퍼센트 이상일 것
한-베트남,52,52.11,,52.11,4단위 세번변경기준 또는 체약당사국 내에서 발생한 부가가치가 40퍼센트 이상일 것
한-베트남,52,52.12,,52.12,4단위 세번변경기준 또는 체약당사국 내에서 발생한 부가가치가 40퍼센트 이상일 것
한-베트남,53,53.01,,53.01,2단위 세번변경기준 또는 체약당사국 내에서 발생한 부가가치가 40퍼센트 이상일 것
한-베트남,53,53.02,,53.02,2단위 세번변경기준 또는 체약당사국 내에서 발생한 부가가치가 40퍼센트 이상일 것
한-베트남,53,53.03,,53.03,2단위 세번변경기준 또는 체약당사국 내에서 발생한 부가가치가 40퍼센트 이상일 것
한-베트남,53,53.05,5305.00,5305.00,2단위 세번변경기준 또는 체약당사국 내에서 발생한 부가가치가 40퍼센트 이상일 것
한-베트남,53,53.06,,53.06,4단위 세번변경기준 또는 체약당사국 내에서 발생한 부가가치가 40퍼센트 이상일 것
한-베트남,53,53.07,,53.07,4단위 세번변경기준 또는 체약당사국 내에서 발생한 부가가치가 40퍼센트 이상일 것
한-베트남,53,53.08,,53.08,4단위 세번변경기준 또는 체약당사국 내에서 발생한 부가가치가 40퍼센트 이상일 것
한-베트남,53,53.09,,53.09,"4단위 세번변경기준 또는 최소한 두 가지 준비 또는 마무리 공정이 동반되는 날염이나 염색한 것, 또는 체약당사국 내에 서 발생한 부가가치가 40퍼센트 이상일 것"
한-베트남,53,53.10,,53.10,"4단위 세번변경기준 또는 최소한 두 가지 준비 또는 마무리 공정이 동반되는 날염이나 염색한 것, 또는 체약당사국 내에 서 발생한 부가가치가 40퍼센트 이상일 것"
한-베트남,53,53.11,5311.00,5311.00,"4단위 세번변경기준 또는 최소한 두 가지 준비 또는 마무리 공정이 동반되는 날염이나 염색한 것, 또는 체약당사국 내에 서 발생한 부가가치가 40퍼센트 이상일 것"
한-베트남,54,54.01,,54.01,2단위 세번변경기준 또는 체약당사국 내에서 발생한 부가가치가 40퍼센트 이상일 것
한-베트남,54,54.02,,54.02,2단위 세번변경기준 또는 체약당사국 내에서 발생한 부가가치가 40퍼센트 이상일 것
한-베트남,54,54.03,,54.03,2단위 세번변경기준 또는 체약당사국 내에서 발생한 부가가치가 40퍼센트 이상일 것
한-베트남,54,54.04,,54.04,2단위 세번변경기준 또는 체약당사국 내에서 발생한 부가가치가 40퍼센트 이상일 것
한-베트남,54,54.05,5405.00,5405.00,2단위 세번변경기준 또는 체약당사국 내에서 발생한 부가가치가 40퍼센트 이상일 것
한-베트남,54,54.06,5406.00,5406.00,2단위 세번변경기준 또는 체약당사국 내에서 발생한 부가가치가 40퍼센트 이상일 것
한-베트남,54,54.07,,54.07,4단위 세번변경기준 또는 체약당사국 내에서 발생한 부가가치가 40퍼센트 이상일 것
한-베트남,54,54.08,,54.08,4단위 세번변경기준 또는 체약당사국 내에서 발생한 부가가치가 40퍼센트 이상일 것
한-베트남,55,55.01,,55.01,2단위 세번변경기준 또는 체약당사국 내에서 발생한 부가가치가 40퍼센트 이상일 것
한-베트남,55,55.02,,55.02,2단위 세번변경기준 또는 체약당사국 내에서 발생한 부가가치가 40퍼센트 이상일 것
한-베트남,55,55.03,,55.03,2단위 세번변경기준 또는 체약당사국 내에서 발생한 부가가치가 40퍼센트 이상일 것
한-베트남,55,55.04,,55.04,2단위 세번변경기준 또는 체약당사국 내에서 발생한 부가가치가 40퍼센트 이상일 것
한-베트남,55,55.05,,55.05,2단위 세번변경기준 또는 체약당사국 내에서 발생한 부가가치가 40퍼센트 이상일 것
한-베트남,55,55.06,,55.06,2단위 세번변경기준 또는 체약당사국 내에서 발생한 부가가치가 40퍼센트 이상일 것
한-베트남,55,55.07,5507.00,5507.00,2단위 세번변경기준 또는 체약당사국 내에서 발생한 부가가치가 40퍼센트 이상일 것
한-베트남,55,55.08,,55.08,4단위 세번변경기준 또는 체약당사국 내에서 발생한 부가가치가 40퍼센트 이상일 것
한-베트남,55,55.09,,55.09,4단위 세번변경기준 또는 체약당사국 내에서 발생한 부가가치가 40퍼센트 이상일 것
한-베트남,55,55.10,,55.10,4단위 세번변경기준 또는 체약당사국 내에서 발생한 부가가치가 40퍼센트 이상일 것
한-베트남,55,55.11,,55.11,4단위 세번변경기준(제5508호부터 제5510호까지의 것은 제 외한다) 또는 체약당사국 내에서 발생한 부가가치가 40퍼센 트 이상일 것
한-베트남,55,55.12,,55.12,4단위 세번변경기준 또는 체약당사국 내에서 발생한 부가가치가 40퍼센트 이상일 것
한-베트남,55,55.13,,55.13,4단위 세번변경기준 또는 체약당사국 내에서 발생한 부가가치가 40퍼센트 이상일 것
한-베트남,55,55.14,,55.14,4단위 세번변경기준 또는 체약당사국 내에서 발생한 부가가치가 40퍼센트 이상일 것
한-베트남,55,55.15,,55.15,4단위 세번변경기준 또는 체약당사국 내에서 발생한 부가가치가 40퍼센트 이상일 것
한-베트남,55,55.16,,55.16,4단위 세번변경기준 또는 체약당사국 내에서 발생한 부가가치가 40퍼센트 이상일 것
한-베트남,56,,,56,2단위 세번변경기준 또는 체약당사국 내에서 발생한 부가가치가 40퍼센트 이상일 것
한-베트남,57,,,57,2단위 세번변경기준 또는 체약당사국 내에서 발생한 부가가치가 40퍼센트 이상일 것
한-베트남,58,58.01,,58.01,2단위 세번변경기준 또는 체약당사국 내에서 발생한 부가가치가 40퍼센트 이상일 것
한-베트남,58,58.02,,58.02,2단위 세번변경기준 또는 체약당사국 내에서 발생한 부가가치가 40퍼센트 이상일 것
한-베트남,58,58.03,5803.00,5803.00,2단위 세번변경기준 또는 체약당사국 내에서 발생한 부가가치가 40퍼센트 이상일 것
한-베트남,58,58.04,,58.04,2단위 세번변경기준 또는 체약당사국 내에서 발생한 부가가치가 40퍼센트 이상일 것
한-베트남,58,58.05,5805.00,5805.00,2단위 세번변경기준 또는 체약당사국 내에서 발생한 부가가치가 40퍼센트 이상일 것
한-베트남,58,58.06,,58.06,2단위 세번변경기준 또는 체약당사국 내에서 발생한 부가가치가 40퍼센트 이상일 것
한-베트남,58,58.07,,58.07,2단위 세번변경기준 또는 체약당사국 내에서 발생한 부가가치가 40퍼센트 이상일 것
한-베트남,58,58.08,,58.08,2단위 세번변경기준 또는 체약당사국 내에서 발생한 부가가치가 40퍼센트 이상일 것
한-베트남,58,58.09,5809.00,5809.00,2단위 세번변경기준 또는 체약당사국 내에서 발생한 부가가치가 40퍼센트 이상일 것
한-베트남,58,58.10,,58.10,4단위 세번변경기준 또는 체약당사국 내에서 발생한 부가가치가 40퍼센트 이상일 것
한-베트남,58,58.11,5811.00,5811.00,4단위 세번변경기준 또는 체약당사국 내에서 발생한 부가가치가 40퍼센트 이상일 것
한-베트남,59,,,59,2단위 세번변경기준 또는 체약당사국 내에서 발생한 부가가치가 40퍼센트 이상일 것
한-베트남,60,,,60,4단위 세번변경기준 또는 체약당사국 내에서 발생한 부가가치가 40퍼센트 이상일 것
한-베트남,61,,,61,2단위 세번변경기준 또는 체약당사국 내에서 발생한 부가가치가 40퍼센트 이상일 것
한-베트남,62,,,62,2단위 세번변경기준 또는 체약당사국 내에서 발생한 부가가치가 40퍼센트 이상일 것
한-베트남,63,63.01,,63.01,2단위 세번변경기준 또는 체약당사국 내에서 발생한 부가가치가 40퍼센트 이상일 것
한-베트남,63,63.02,,63.02,2단위 세번변경기준 또는 체약당사국 내에서 발생한 부가가치가 40퍼센트 이상일 것
한-베트남,63,63.03,,63.03,2단위 세번변경기준 또는 체약당사국 내에서 발생한 부가가치가 40퍼센트 이상일 것
한-베트남,63,63.04,,63.04,2단위 세번변경기준 또는 체약당사국 내에서 발생한 부가가치가 40퍼센트 이상일 것
한-베트남,63,63.05,,63.05,2단위 세번변경기준 또는 체약당사국 내에서 발생한 부가가치가 40퍼센트 이상일 것
한-베트남,63,63.06,,63.06,2단위 세번변경기준 또는 체약당사국 내에서 발생한 부가가치가 40퍼센트 이상일 것
한-베트남,63,63.07,,63.07,2단위 세번변경기준 또는 체약당사국 내에서 발생한 부가가치가 40퍼센트 이상일 것
한-베트남,63,63.08,6308.00,6308.00,2단위 세번변경기준 또는 체약당사국 내에서 발생한 부가가치가 40퍼센트 이상일 것
한-베트남,63,63.09,6309.00,6309.00,완전생산기준
한-베트남,63,63.10,,63.10,완전생산기준
한-베트남,64,,,64,4단위 세번변경기준 또는 체약당사국 내에서 발생한 부가가치가 40퍼센트 이상일 것
한-베트남,65,,,65,4단위 세번변경기준 또는 체약당사국 내에서 발생한 부가가치가 40퍼센트 이상일 것
한-베트남,66,,,66,4단위 세번변경기준 또는 체약당사국 내에서 발생한 부가가치가 40퍼센트 이상일 것
한-베트남,67,,,67,4단위 세번변경기준 또는 체약당사국 내에서 발생한 부가가치가 40퍼센트 이상일 것
한-베트남,68,,,68,4단위 세번변경기준 또는 체약당사국 내에서 발생한 부가가치가 40퍼센트 이상일 것
한-베트남,69,,,69,4단위 세번변경기준 또는 체약당사국 내에서 발생한 부가가치가 40퍼센트 이상일 것
한-베트남,70,,,70,4단위 세번변경기준 또는 체약당사국 내에서 발생한 부가가치가 40퍼센트 이상일 것
한-베트남,71,71.01,7101.10,7101.10,완전생산기준
한-베트남,71,71.01,7101.21,7101.21,완전생산기준
한-베트남,71,71.01,7101.22,7101.22,6단위 세번변경기준 또는 체약당사국 내에서 발생한 부가가치가 40퍼센트 이상일 것
한-베트남,71,71.02,,71.02,6단위 세번변경기준 또는 체약당사국 내에서 발생한 부가가치가 40퍼센트 이상일 것
한-베트남,71,71.03,,71.03,6단위 세번변경기준 또는 체약당사국 내에서 발생한 부가가치가 40퍼센트 이상일 것
한-베트남,71,71.04,,71.04,6단위 세번변경기준 또는 체약당사국 내에서 발생한 부가가치가 40퍼센트 이상일 것
한-베트남,71,71.05,7105.10,7105.10,4단위 세번변경기준 또는 체약당사국 내에서 발생한 부가가치가 40퍼센트 이상일 것
한-베트남,71,71.05,7105.90,7105.90,6단위 세번변경기준 또는 체약당사국 내에서 발생한 부가가치가 40퍼센트 이상일 것
한-베트남,71,71.06,,71.06,4단위 세번변경기준 또는 체약당사국 내에서 발생한 부가가치가 40퍼센트 이상일 것
한-베트남,71,71.07,7107.00,7107.00,4단위 세번변경기준 또는 체약당사국 내에서 발생한 부가가치가 40퍼센트 이상일 것
한-베트남,71,71.08,,71.08,4단위 세번변경기준 또는 체약당사국 내에서 발생한 부가가치가 40퍼센트 이상일 것
한-베트남,71,71.09,7109.00,7109.00,4단위 세번변경기준 또는 체약당사국 내에서 발생한 부가가치가 40퍼센트 이상일 것
한-베트남,71,71.10,,71.10,4단위 세번변경기준 또는 체약당사국 내에서 발생한 부가가치가 40퍼센트 이상일 것
한-베트남,71,71.11,7111.00,7111.00,4단위 세번변경기준 또는 체약당사국 내에서 발생한 부가가치가 40퍼센트 이상일 것
한-베트남,71,71.12,,71.12,4단위 세번변경기준 또는 체약당사국 내에서 발생한 부가가치가 40퍼센트 이상일 것
한-베트남,71,71.13,7113.11,7113.11,6단위 세번변경기준 또는 체약당사국 내에서 발생한 부가가치가 40퍼센트 이상일 것
한-베트남,71,71.13,7113.19,7113.19,4단위 세번변경기준 또는 체약당사국 내에서 발생한 부가가치가 40퍼센트 이상일 것
한-베트남,71,71.13,7113.20,7113.20,6단위 세번변경기준 또는 체약당사국 내에서 발생한 부가가치가 40퍼센트 이상일 것
한-베트남,71,71.14,7114.11,7114.11,6단위 세번변경기준 또는 체약당사국 내에서 발생한 부가가치가 40퍼센트 이상일 것
한-베트남,71,71.14,7114.19,7114.19,4단위 세번변경기준 또는 체약당사국 내에서 발생한 부가가치가 40퍼센트 이상일 것
한-베트남,71,71.14,7114.20,7114.20,6단위 세번변경기준 또는 체약당사국 내에서 발생한 부가가치가 40퍼센트 이상일 것
한-베트남,71,71.15,7115.10,7115.10,4단위 세번변경기준 또는 체약당사국 내에서 발생한 부가가치가 40퍼센트 이상일 것
한-베트남,71,71.15,7115.90,7115.90,6단위 세번변경기준 또는 체약당사국 내에서 발생한 부가가치가 40퍼센트 이상일 것
한-베트남,71,71.16,,71.16,6단위 세번변경기준 또는 체약당사국 내에서 발생한 부가가치가 40퍼센트 이상일 것
한-베트남,71,71.17,7117.11,7117.11,6단위 세번변경기준 또는 체약당사국 내에서 발생한 부가가치가 40퍼센트 이상일 것
한-베트남,71,71.17,7117.19,7117.19,4단위 세번변경기준 또는 체약당사국 내에서 발생한 부가가치가 40퍼센트 이상일 것
한-베트남,71,71.17,7117.90,7117.90,6단위 세번변경기준 또는 체약당사국 내에서 발생한 부가가치가 40퍼센트 이상일 것
한-베트남,71,71.18,,71.18,4단위 세번변경기준 또는 체약당사국 내에서 발생한 부가가치가 40퍼센트 이상일 것
한-베트남,72,72.01,,72.01,4단위 세번변경기준 또는 체약당사국 내에서 발생한 부가가치가 40퍼센트 이상일 것
한-베트남,72,72.02,,72.02,4단위 세번변경기준 또는 체약당사국 내에서 발생한 부가가치가 40퍼센트 이상일 것
한-베트남,72,72.03,,72.03,4단위 세번변경기준 또는 체약당사국 내에서 발생한 부가가치가 40퍼센트 이상일 것
한-베트남,72,72.04,,72.04,4단위 세번변경기준 또는 체약당사국 내에서 발생한 부가가치가 40퍼센트 이상일 것
한-베트남,72,72.05,,72.05,4단위 세번변경기준 또는 체약당사국 내에서 발생한 부가가치가 40퍼센트 이상일 것
한-베트남,72,72.06,,72.06,4단위 세번변경기준 또는 체약당사국 내에서 발생한 부가가치가 40퍼센트 이상일 것
한-베트남,72,72.07,,72.07,4단위 세번변경기준 또는 체약당사국 내에서 발생한 부가가치가 40퍼센트 이상일 것
한-베트남,72,72.08,,72.08,4단위 세번변경기준 또는 체약당사국 내에서 발생한 부가가치가 40퍼센트 이상일 것
한-베트남,72,72.09,,72.09,4단위 세번변경기준 또는 체약당사국 내에서 발생한 부가가치가 40퍼센트 이상일 것
한-베트남,72,72.10,,72.10,4단위 세번변경기준 또는 체약당사국 내에서 발생한 부가가치가 40퍼센트 이상일 것
한-베트남,72,72.11,,72.11,4단위 세번변경기준 또는 체약당사국 내에서 발생한 부가가치가 40퍼센트 이상일 것
한-베트남,72,72.12,,72.12,4단위 세번변경기준 또는 체약당사국 내에서 발생한 부가가치가 40퍼센트 이상일 것
한-베트남,72,72.13,,72.13,4단위 세번변경기준 또는 체약당사국 내에서 발생한 부가가치가 40퍼센트 이상일 것
한-베트남,72,72.14,,72.14,4단위 세번변경기준 또는 체약당사국 내에서 발생한 부가가치가 40퍼센트 이상일 것
한-베트남,72,72.15,,72.15,4단위 세번변경기준 또는 체약당사국 내에서 발생한 부가가치가 40퍼센트 이상일 것
한-베트남,72,72.16,,72.16,4단위 세번변경기준 또는 체약당사국 내에서 발생한 부가가치가 40퍼센트 이상일 것
한-베트남,72,72.17,,72.17,4단위 세번변경기준 또는 체약당사국 내에서 발생한 부가가치가 40퍼센트 이상일 것
한-베트남,72,72.18,,72.18,4단위 세번변경기준 또는 체약당사국 내에서 발생한 부가가치가 40퍼센트 이상일 것
한-베트남,72,72.19,7219.11,7219.11,4단위 세번변경기준 또는 체약당사국 내에서 발생한 부가가치가 40퍼센트 이상일 것
한-베트남,72,72.19,7219.12,7219.12,4단위 세번변경기준 또는 체약당사국 내에서 발생한 부가가치가 40퍼센트 이상일 것
한-베트남,72,72.19,7219.13,7219.13,4단위 세번변경기준 또는 체약당사국 내에서 발생한 부가가치가 40퍼센트 이상일 것
한-베트남,72,72.19,7219.14,7219.14,4단위 세번변경기준 또는 체약당사국 내에서 발생한 부가가치가 40퍼센트 이상일 것
한-베트남,72,72.19,7219.21,7219.21,4단위 세번변경기준 또는 체약당사국 내에서 발생한 부가가치가 40퍼센트 이상일 것
한-베트남,72,72.19,7219.22,7219.22,4단위 세번변경기준 또는 체약당사국 내에서 발생한 부가가치가 40퍼센트 이상일 것
한-베트남,72,72.19,7219.23,7219.23,4단위 세번변경기준 또는 체약당사국 내에서 발생한 부가가치가 40퍼센트 이상일 것
한-베트남,72,72.19,7219.24,7219.24,4단위 세번변경기준 또는 체약당사국 내에서 발생한 부가가치가 40퍼센트 이상일 것
한-베트남,72,72.19,7219.31,7219.31,6단위 세번변경기준 또는 체약당사국 내에서 발생한 부가가치가 40퍼센트 이상일 것
한-베트남,72,72.19,7219.32,7219.32,6단위 세번변경기준 또는 체약당사국 내에서 발생한 부가가치가 40퍼센트 이상일 것
한-베트남,72,72.19,7219.33,7219.33,6단위 세번변경기준 또는 체약당사국 내에서 발생한 부가가치가 40퍼센트 이상일 것
한-베트남,72,72.19,7219.34,7219.34,6단위 세번변경기준 또는 체약당사국 내에서 발생한 부가가치가 40퍼센트 이상일 것
한-베트남,72,72.19,7219.35,7219.35,6단위 세번변경기준 또는 체약당사국 내에서 발생한 부가가치가 40퍼센트 이상일 것
한-베트남,72,72.19,7219.90,7219.90,6단위 세번변경기준 또는 체약당사국 내에서 발생한 부가가치가 40퍼센트 이상일 것
한-베트남,72,72.20,7220.11,7220.11,4단위 세번변경기준(제7219호의 것은 제외한다) 또는 체약당 사국 내에서 발생한 부가가치가 40퍼센트 이상일 것
한-베트남,72,72.20,7220.12,7220.12,4단위 세번변경기준(제7219호의 것은 제외한다) 또는 체약당 사국 내에서 발생한 부가가치가 40퍼센트 이상일 것
한-베트남,72,72.20,7220.20,7220.20,4단위 세번변경기준 또는 체약당사국 내에서 발생한 부가가치가 40퍼센트 이상일 것
한-베트남,72,72.20,7220.90,7220.90,4단위 세번변경기준 또는 체약당사국 내에서 발생한 부가가치가 40퍼센트 이상일 것
한-베트남,72,72.21,7221.00,7221.00,4단위 세번변경기준 또는 체약당사국 내에서 발생한 부가가치가 40퍼센트 이상일 것
한-베트남,72,72.22,,72.22,4단위 세번변경기준 또는 체약당사국 내에서 발생한 부가가치가 40퍼센트 이상일 것
한-베트남,72,72.23,7223.00,7223.00,4단위 세번변경기준 또는 체약당사국 내에서 발생한 부가가치가 40퍼센트 이상일 것
한-베트남,72,72.24,,72.24,4단위 세번변경기준 또는 체약당사국 내에서 발생한 부가가치가 40퍼센트 이상일 것
한-베트남,72,72.25,,72.25,4단위 세번변경기준 또는 체약당사국 내에서 발생한 부가가치가 40퍼센트 이상일 것
한-베트남,72,72.26,,72.26,4단위 세번변경기준 또는 체약당사국 내에서 발생한 부가가치가 40퍼센트 이상일 것
한-베트남,72,72.27,,72.27,4단위 세번변경기준 또는 체약당사국 내에서 발생한 부가가치가 40퍼센트 이상일 것
한-베트남,72,72.28,,72.28,4단위 세번변경기준 또는 체약당사국 내에서 발생한 부가가치가 40퍼센트 이상일 것
한-베트남,72,72.29,,72.29,4단위 세번변경기준 또는 체약당사국 내에서 발생한 부가가치가 40퍼센트 이상일 것
한-베트남,73,,,73,4단위 세번변경기준 또는 체약당사국 내에서 발생한 부가가치가 40퍼센트 이상일 것
한-베트남,74,74.01,7401.00,7401.00,4단위 세번변경기준 또는 체약당사국 내에서 발생한 부가가치가 40퍼센트 이상일 것
한-베트남,74,74.02,7402.00,7402.00,4단위 세번변경기준 또는 체약당사국 내에서 발생한 부가가치가 40퍼센트 이상일 것
한-베트남,74,74.03,,74.03,4단위 세번변경기준 또는 체약당사국 내에서 발생한 부가가치가 40퍼센트 이상일 것
한-베트남,74,74.04,7404.00,7404.00,4단위 세번변경기준 또는 체약당사국 내에서 발생한 부가가치가 40퍼센트 이상일 것
한-베트남,74,74.05,7405.00,7405.00,4단위 세번변경기준 또는 체약당사국 내에서 발생한 부가가치가 40퍼센트 이상일 것
한-베트남,74,74.06,,74.06,4단위 세번변경기준 또는 체약당사국 내에서 발생한 부가가치가 40퍼센트 이상일 것
한-베트남,74,74.07,,74.07,4단위 세번변경기준 또는 체약당사국 내에서 발생한 부가가치가 40퍼센트 이상일 것
한-베트남,74,74.08,,74.08,4단위 세번변경기준(제7407호의 것은 제외한다) 또는 체약당 사국 내에서 발생한 부가가치가 40퍼센트 이상일 것
한-베트남,74,74.09,,74.09,4단위 세번변경기준 또는 체약당사국 내에서 발생한 부가가치가 40퍼센트 이상일 것
한-베트남,74,74.10,,74.10,4단위 세번변경기준 또는 체약당사국 내에서 발생한 부가가치가 40퍼센트 이상일 것
한-베트남,74,74.11,,74.11,4단위 세번변경기준 또는 체약당사국 내에서 발생한 부가가치가 40퍼센트 이상일 것
한-베트남,74,74.12,,74.12,4단위 세번변경기준 또는 체약당사국 내에서 발생한 부가가치가 40퍼센트 이상일 것
한-베트남,74,74.13,7413.00,7413.00,4단위 세번변경기준(제7408호의 것은 제외한다) 또는 체약당 사국 내에서 발생한 부가가치가 40퍼센트 이상일 것
한-베트남,74,74.15,,74.15,4단위 세번변경기준 또는 체약당사국 내에서 발생한 부가가치가 40퍼센트 이상일 것
한-베트남,74,74.18,,74.18,4단위 세번변경기준 또는 체약당사국 내에서 발생한 부가가치가 40퍼센트 이상일 것
한-베트남,74,74.19,,74.19,4단위 세번변경기준 또는 체약당사국 내에서 발생한 부가가치가 40퍼센트 이상일 것
한-베트남,75,75.01,,75.01,4단위 세번변경기준 또는 체약당사국 내에서 발생한 부가가치가 40퍼센트 이상일 것
한-베트남,75,75.02,,75.02,4단위 세번변경기준 또는 체약당사국 내에서 발생한 부가가치가 40퍼센트 이상일 것
한-베트남,75,75.03,7503.00,7503.00,4단위 세번변경기준 또는 체약당사국 내에서 발생한 부가가치가 40퍼센트 이상일 것
한-베트남,75,75.04,7504.00,7504.00,4단위 세번변경기준 또는 체약당사국 내에서 발생한 부가가치가 40퍼센트 이상일 것
한-베트남,75,75.05,,75.05,4단위 세번변경기준 또는 체약당사국 내에서 발생한 부가가치가 40퍼센트 이상일 것
한-베트남,75,75.06,,75.06,4단위 세번변경기준 또는 체약당사국 내에서 발생한 부가가치가 40퍼센트 이상일 것
한-베트남,75,75.07,7507.11,7507.11,4단위 세번변경기준 또는 체약당사국 내에서 발생한 부가가치가 40퍼센트 이상일 것
한-베트남,75,75.07,7507.12,7507.12,6단위 세번변경기준 또는 체약당사국 내에서 발생한 부가가치가 40퍼센트 이상일 것
한-베트남,75,75.07,7507.20,7507.20,6단위 세번변경기준 또는 체약당사국 내에서 발생한 부가가치가 40퍼센트 이상일 것
한-베트남,75,75.08,,75.08,6단위 세번변경기준 또는 체약당사국 내에서 발생한 부가가치가 40퍼센트 이상일 것
한-베트남,76,76.01,,76.01,4단위 세번변경기준 또는 체약당사국 내에서 발생한 부가가치가 40퍼센트 이상일 것
한-베트남,76,76.02,7602.00,7602.00,4단위 세번변경기준 또는 체약당사국 내에서 발생한 부가가치가 40퍼센트 이상일 것
한-베트남,76,76.03,,76.03,4단위 세번변경기준 또는 체약당사국 내에서 발생한 부가가치가 40퍼센트 이상일 것
한-베트남,76,76.04,,76.04,4단위 세번변경기준 또는 체약당사국 내에서 발생한 부가가치가 40퍼센트 이상일 것
한-베트남,76,76.05,,76.05,4단위 세번변경기준(제7604호의 것은 제외한다) 또는 체약당 사국 내에서 발생한 부가가치가 40퍼센트 이상일 것
한-베트남,76,76.06,,76.06,4단위 세번변경기준 또는 체약당사국 내에서 발생한 부가가치가 40퍼센트 이상일 것
한-베트남,76,76.07,,76.07,4단위 세번변경기준 또는 체약당사국 내에서 발생한 부가가치가 40퍼센트 이상일 것
한-베트남,76,76.08,,76.08,4단위 세번변경기준 또는 체약당사국 내에서 발생한 부가가치가 40퍼센트 이상일 것
한-베트남,76,76.09,7609.00,7609.00,4단위 세번변경기준 또는 체약당사국 내에서 발생한 부가가치가 40퍼센트 이상일 것
한-베트남,76,76.10,,76.10,4단위 세번변경기준 또는 체약당사국 내에서 발생한 부가가치가 40퍼센트 이상일 것
한-베트남,76,76.11,7611.00,7611.00,4단위 세번변경기준 또는 체약당사국 내에서 발생한 부가가치가 40퍼센트 이상일 것
한-베트남,76,76.12,,76.12,4단위 세번변경기준 또는 체약당사국 내에서 발생한 부가가치가 40퍼센트 이상일 것
한-베트남,76,76.13,7613.00,7613.00,4단위 세번변경기준 또는 체약당사국 내에서 발생한 부가가치가 40퍼센트 이상일 것
한-베트남,76,76.14,,76.14,4단위 세번변경기준(제7605호의 것은 제외한다) 또는 체약당 사국 내에서 발생한 부가가치가 40퍼센트 이상일 것
한-베트남,76,76.15,,76.15,4단위 세번변경기준 또는 체약당사국 내에서 발생한 부가가치가 40퍼센트 이상일 것
한-베트남,76,76.16,,76.16,4단위 세번변경기준 또는 체약당사국 내에서 발생한 부가가치가 40퍼센트 이상일 것
한-베트남,78,,,78,4단위 세번변경기준 또는 체약당사국 내에서 발생한 부가가치가 40퍼센트 이상일 것
한-베트남,79,,,79,4단위 세번변경기준 또는 체약당사국 내에서 발생한 부가가치가 40퍼센트 이상일 것
한-베트남,80,,,80,4단위 세번변경기준 또는 체약당사국 내에서 발생한 부가가치가 40퍼센트 이상일 것
한-베트남,81,81.01,,81.01,4단위 세번변경기준 또는 체약당사국 내에서 발생한 부가가치가 40퍼센트 이상일 것
한-베트남,81,81.02,,81.02,4단위 세번변경기준 또는 체약당사국 내에서 발생한 부가가치가 40퍼센트 이상일 것
한-베트남,81,81.03,,81.03,4단위 세번변경기준 또는 체약당사국 내에서 발생한 부가가치가 40퍼센트 이상일 것
한-베트남,81,81.04,8104.11,8104.11,4단위 세번변경기준 또는 체약당사국 내에서 발생한 부가가치가 40퍼센트 이상일 것
한-베트남,81,81.04,8104.19,8104.19,4단위 세번변경기준 또는 체약당사국 내에서 발생한 부가가치가 40퍼센트 이상일 것
한-베트남,81,81.04,8104.20,8104.20,4단위 세번변경기준 또는 체약당사국 내에서 발생한 부가가치가 40퍼센트 이상일 것
한-베트남,81,81.04,8104.30,8104.30,6단위 세번변경기준 또는 체약당사국 내에서 발생한 부가가치가 40퍼센트 이상일 것
한-베트남,81,81.04,8104.90,8104.90,6단위 세번변경기준 또는 체약당사국 내에서 발생한 부가가치가 40퍼센트 이상일 것
한-베트남,81,81.05,,81.05,4단위 세번변경기준 또는 체약당사국 내에서 발생한 부가가치가 40퍼센트 이상일 것
한-베트남,81,81.06,,81.06,4단위 세번변경기준 또는 체약당사국 내에서 발생한 부가가치가 40퍼센트 이상일 것
한-베트남,81,81.08,,81.08,4단위 세번변경기준 또는 체약당사국 내에서 발생한 부가가치가 40퍼센트 이상일 것
한-베트남,81,81.09,,81.09,4단위 세번변경기준 또는 체약당사국 내에서 발생한 부가가치가 40퍼센트 이상일 것
한-베트남,81,81.10,,81.10,4단위 세번변경기준 또는 체약당사국 내에서 발생한 부가가치가 40퍼센트 이상일 것
한-베트남,81,81.11,8111.00,8111.00,4단위 세번변경기준 또는 체약당사국 내에서 발생한 부가가치가 40퍼센트 이상일 것
한-베트남,81,81.12,,81.12,4단위 세번변경기준 또는 체약당사국 내에서 발생한 부가가치가 40퍼센트 이상일 것
한-베트남,81,81.13,8113.00,8113.00,4단위 세번변경기준 또는 체약당사국 내에서 발생한 부가가치가 40퍼센트 이상일 것
한-베트남,82,,,82,4단위 세번변경기준 또는 체약당사국 내에서 발생한 부가가치가 40퍼센트 이상일 것
한-베트남,83,,,83,4단위 세번변경기준 또는 체약당사국 내에서 발생한 부가가치가 40퍼센트 이상일 것
한-베트남,84,84.01,,84.01,4단위 세번변경기준 또는 체약당사국 내에서 발생한 부가가치가 40퍼센트 이상일 것
한-베트남,84,84.02,,84.02,4단위 세번변경기준 또는 체약당사국 내에서 발생한 부가가치가 40퍼센트 이상일 것
한-베트남,84,84.03,,84.03,4단위 세번변경기준 또는 체약당사국 내에서 발생한 부가가치가 40퍼센트 이상일 것
한-베트남,84,84.04,,84.04,4단위 세번변경기준 또는 체약당사국 내에서 발생한 부가가치가 40퍼센트 이상일 것
한-베트남,84,84.05,,84.05,4단위 세번변경기준 또는 체약당사국 내에서 발생한 부가가치가 40퍼센트 이상일 것
한-베트남,84,84.06,,84.06,4단위 세번변경기준 또는 체약당사국 내에서 발생한 부가가치가 40퍼센트 이상일 것
한-베트남,84,84.07,,84.07,4단위 세번변경기준 또는 체약당사국 내에서 발생한 부가가치가 40퍼센트 이상일 것
한-베트남,84,84.08,,84.08,4단위 세번변경기준 또는 체약당사국 내에서 발생한 부가가치가 40퍼센트 이상일 것
한-베트남,84,84.09,,84.09,4단위 세번변경기준 또는 체약당사국 내에서 발생한 부가가치가 40퍼센트 이상일 것
한-베트남,84,84.10,8410.11,8410.11,6단위 세번변경기준(제8410.12호 및 제8410.13호의 것은 제 외한다) 또는 체약당사국 내에서 발생한 부가가치가 40퍼센 트 이상일 것
한-베트남,84,84.10,8410.12,8410.12,6단위 세번변경기준(제8410.11호 및 제8410.13호의 것은 제 외한다) 또는 체약당사국 내에서 발생한 부가가치가 40퍼센 트 이상일 것
한-베트남,84,84.10,8410.13,8410.13,6단위 세번변경기준(제8410.11호 및 제8410.12호의 것은 제 외한다) 또는 체약당사국 내에서 발생한 부가가치가 40퍼센 트 이상일 것
한-베트남,84,84.10,8410.90,8410.90,4단위 세번변경기준 또는 체약당사국 내에서 발생한 부가가치가 40퍼센트 이상일 것
한-베트남,84,84.11,,84.11,4단위 세번변경기준 또는 체약당사국 내에서 발생한 부가가치가 40퍼센트 이상일 것
한-베트남,84,84.12,,84.12,4단위 세번변경기준 또는 체약당사국 내에서 발생한 부가가치가 40퍼센트 이상일 것
한-베트남,84,84.13,8413.11,8413.11,6단위 세번변경기준 또는 체약당사국 내에서 발생한 부가가치가 40퍼센트 이상일 것
한-베트남,84,84.13,8413.19,8413.19,6단위 세번변경기준 또는 체약당사국 내에서 발생한 부가가치가 40퍼센트 이상일 것
한-베트남,84,84.13,8413.20,8413.20,6단위 세번변경기준 또는 체약당사국 내에서 발생한 부가가치가 40퍼센트 이상일 것
한-베트남,84,84.13,8413.30,8413.30,6단위 세번변경기준 또는 체약당사국 내에서 발생한 부가가치가 40퍼센트 이상일 것
한-베트남,84,84.13,8413.40,8413.40,6단위 세번변경기준 또는 체약당사국 내에서 발생한 부가가치가 40퍼센트 이상일 것
한-베트남,84,84.13,8413.50,8413.50,6단위 세번변경기준 또는 체약당사국 내에서 발생한 부가가치가 40퍼센트 이상일 것
한-베트남,84,84.13,8413.60,8413.60,6단위 세번변경기준 또는 체약당사국 내에서 발생한 부가가치가 40퍼센트 이상일 것
한-베트남,84,84.13,8413.70,8413.70,6단위 세번변경기준 또는 체약당사국 내에서 발생한 부가가치가 40퍼센트 이상일 것
한-베트남,84,84.13,8413.81,8413.81,6단위 세번변경기준 또는 체약당사국 내에서 발생한 부가가치가 40퍼센트 이상일 것
한-베트남,84,84.13,8413.82,8413.82,6단위 세번변경기준 또는 체약당사국 내에서 발생한 부가가치가 40퍼센트 이상일 것
한-베트남,84,84.13,8413.91,8413.91,4단위 세번변경기준 또는 체약당사국 내에서 발생한 부가가치가 40퍼센트 이상일 것
한-베트남,84,84.13,8413.92,8413.92,4단위 세번변경기준 또는 체약당사국 내에서 발생한 부가가치가 40퍼센트 이상일 것
한-베트남,84,84.14,8414.10,8414.10,6단위 세번변경기준 또는 체약당사국 내에서 발생한 부가가치가 40퍼센트 이상일 것
한-베트남,84,84.14,8414.20,8414.20,6단위 세번변경기준 또는 체약당사국 내에서 발생한 부가가치가 40퍼센트 이상일 것
한-베트남,84,84.14,8414.30,8414.30,6단위 세번변경기준 또는 체약당사국 내에서 발생한 부가가치가 40퍼센트 이상일 것
한-베트남,84,84.14,8414.40,8414.40,6단위 세번변경기준 또는 체약당사국 내에서 발생한 부가가치가 40퍼센트 이상일 것
한-베트남,84,84.14,8414.51,8414.51,6단위 세번변경기준 또는 체약당사국 내에서 발생한 부가가치가 40퍼센트 이상일 것
한-베트남,84,84.14,8414.59,8414.59,6단위 세번변경기준 또는 체약당사국 내에서 발생한 부가가치가 40퍼센트 이상일 것
한-베트남,84,84.14,8414.60,8414.60,6단위 세번변경기준 또는 체약당사국 내에서 발생한 부가가치가 40퍼센트 이상일 것
한-베트남,84,84.14,8414.70,8414.70,6단위 세번변경기준 또는 체약당사국 내에서 발생한 부가가치가 40퍼센트 이상일 것
한-베트남,84,84.14,8414.80,8414.80,6단위 세번변경기준 또는 체약당사국 내에서 발생한 부가가치가 40퍼센트 이상일 것
한-베트남,84,84.14,8414.90,8414.90,4단위 세번변경기준 또는 체약당사국 내에서 발생한 부가가치가 40퍼센트 이상일 것
한-베트남,84,84.15,8415.10,8415.10,6단위 세번변경기준 또는 체약당사국 내에서 발생한 부가가치가 40퍼센트 이상일 것
한-베트남,84,84.15,8415.20,8415.20,6단위 세번변경기준 또는 체약당사국 내에서 발생한 부가가치가 40퍼센트 이상일 것
한-베트남,84,84.15,8415.81,8415.81,6단위 세번변경기준 또는 체약당사국 내에서 발생한 부가가치가 40퍼센트 이상일 것
한-베트남,84,84.15,8415.82,8415.82,6단위 세번변경기준 또는 체약당사국 내에서 발생한 부가가치가 40퍼센트 이상일 것
한-베트남,84,84.15,8415.83,8415.83,6단위 세번변경기준 또는 체약당사국 내에서 발생한 부가가치가 40퍼센트 이상일 것
한-베트남,84,84.15,8415.90,8415.90,4단위 세번변경기준 또는 체약당사국 내에서 발생한 부가가치가 40퍼센트 이상일 것
한-베트남,84,84.16,,84.16,4단위 세번변경기준 또는 체약당사국 내에서 발생한 부가가치가 40퍼센트 이상일 것
한-베트남,84,84.17,8417.10,8417.10,6단위 세번변경기준 또는 체약당사국 내에서 발생한 부가가치가 40퍼센트 이상일 것
한-베트남,84,84.17,8417.20,8417.20,6단위 세번변경기준 또는 체약당사국 내에서 발생한 부가가치가 40퍼센트 이상일 것
한-베트남,84,84.17,8417.80,8417.80,6단위 세번변경기준 또는 체약당사국 내에서 발생한 부가가치가 40퍼센트 이상일 것
한-베트남,84,84.17,8417.90,8417.90,4단위 세번변경기준 또는 체약당사국 내에서 발생한 부가가치가 40퍼센트 이상일 것
한-베트남,84,84.18,8418.10,8418.10,6단위 세번변경기준 또는 체약당사국 내에서 발생한 부가가치가 40퍼센트 이상일 것
한-베트남,84,84.18,8418.21,8418.21,6단위 세번변경기준 또는 체약당사국 내에서 발생한 부가가치가 40퍼센트 이상일 것
한-베트남,84,84.18,8418.29,8418.29,6단위 세번변경기준 또는 체약당사국 내에서 발생한 부가가치가 40퍼센트 이상일 것
한-베트남,84,84.18,8418.30,8418.30,6단위 세번변경기준 또는 체약당사국 내에서 발생한 부가가치가 40퍼센트 이상일 것
한-베트남,84,84.18,8418.40,8418.40,6단위 세번변경기준 또는 체약당사국 내에서 발생한 부가가치가 40퍼센트 이상일 것
한-베트남,84,84.18,8418.50,8418.50,6단위 세번변경기준 또는 체약당사국 내에서 발생한 부가가치가 40퍼센트 이상일 것
한-베트남,84,84.18,8418.61,8418.61,6단위 세번변경기준 또는 체약당사국 내에서 발생한 부가가치가 40퍼센트 이상일 것
한-베트남,84,84.18,8418.69,8418.69,6단위 세번변경기준 또는 체약당사국 내에서 발생한 부가가치가 40퍼센트 이상일 것
한-베트남,84,84.18,8418.91,8418.91,4단위 세번변경기준 또는 체약당사국 내에서 발생한 부가가치가 40퍼센트 이상일 것
한-베트남,84,84.18,8418.99,8418.99,4단위 세번변경기준 또는 체약당사국 내에서 발생한 부가가치가 40퍼센트 이상일 것
한-베트남,84,84.19,8419.11,8419.11,6단위 세번변경기준 또는 체약당사국 내에서 발생한 부가가치가 40퍼센트 이상일 것
한-베트남,84,84.19,8419.12,8419.12,6단위 세번변경기준 또는 체약당사국 내에서 발생한 부가가치가 40퍼센트 이상일 것
한-베트남,84,84.19,8419.19,8419.19,6단위 세번변경기준 또는 체약당사국 내에서 발생한 부가가치가 40퍼센트 이상일 것
한-베트남,84,84.19,8419.20,8419.20,6단위 세번변경기준 또는 체약당사국 내에서 발생한 부가가치가 40퍼센트 이상일 것
한-베트남,84,84.19,8419.33,8419.33,6단위 세번변경기준 또는 체약당사국 내에서 발생한 부가가치가 40퍼센트 이상일 것
한-베트남,84,84.19,8419.34,8419.34,6단위 세번변경기준 또는 체약당사국 내에서 발생한 부가가치가 40퍼센트 이상일 것
한-베트남,84,84.19,8419.35,8419.35,6단위 세번변경기준 또는 체약당사국 내에서 발생한 부가가치가 40퍼센트 이상일 것
한-베트남,84,84.19,8419.39,8419.39,6단위 세번변경기준 또는 체약당사국 내에서 발생한 부가가치가 40퍼센트 이상일 것
한-베트남,84,84.19,8419.40,8419.40,6단위 세번변경기준 또는 체약당사국 내에서 발생한 부가가치가 40퍼센트 이상일 것
한-베트남,84,84.19,8419.50,8419.50,6단위 세번변경기준 또는 체약당사국 내에서 발생한 부가가치가 40퍼센트 이상일 것
한-베트남,84,84.19,8419.60,8419.60,6단위 세번변경기준 또는 체약당사국 내에서 발생한 부가가치가 40퍼센트 이상일 것
한-베트남,84,84.19,8419.81,8419.81,6단위 세번변경기준 또는 체약당사국 내에서 발생한 부가가치가 40퍼센트 이상일 것
한-베트남,84,84.19,8419.89,8419.89,6단위 세번변경기준 또는 체약당사국 내에서 발생한 부가가치가 40퍼센트 이상일 것
한-베트남,84,84.19,8419.90,8419.90,4단위 세번변경기준 또는 체약당사국 내에서 발생한 부가가치가 40퍼센트 이상일 것
한-베트남,84,84.20,8420.10,8420.10,6단위 세번변경기준 또는 체약당사국 내에서 발생한 부가가치가 40퍼센트 이상일 것
한-베트남,84,84.20,8420.91,8420.91,4단위 세번변경기준 또는 체약당사국 내에서 발생한 부가가치가 40퍼센트 이상일 것
한-베트남,84,84.20,8420.99,8420.99,4단위 세번변경기준 또는 체약당사국 내에서 발생한 부가가치가 40퍼센트 이상일 것
한-베트남,84,84.21,8421.11,8421.11,6단위 세번변경기준 또는 체약당사국 내에서 발생한 부가가치가 40퍼센트 이상일 것
한-베트남,84,84.21,8421.12,8421.12,6단위 세번변경기준 또는 체약당사국 내에서 발생한 부가가치가 40퍼센트 이상일 것
한-베트남,84,84.21,8421.19,8421.19,6단위 세번변경기준 또는 체약당사국 내에서 발생한 부가가치가 40퍼센트 이상일 것
한-베트남,84,84.21,8421.21,8421.21,6단위 세번변경기준 또는 체약당사국 내에서 발생한 부가가치가 40퍼센트 이상일 것
한-베트남,84,84.21,8421.22,8421.22,6단위 세번변경기준 또는 체약당사국 내에서 발생한 부가가치가 40퍼센트 이상일 것
한-베트남,84,84.21,8421.23,8421.23,6단위 세번변경기준 또는 체약당사국 내에서 발생한 부가가치가 40퍼센트 이상일 것
한-베트남,84,84.21,8421.29,8421.29,6단위 세번변경기준 또는 체약당사국 내에서 발생한 부가가치가 40퍼센트 이상일 것
한-베트남,84,84.21,8421.31,8421.31,6단위 세번변경기준 또는 체약당사국 내에서 발생한 부가가치가 40퍼센트 이상일 것
한-베트남,84,84.21,8421.32,8421.32,6단위 세번변경기준 또는 체약당사국 내에서 발생한 부가가치가 40퍼센트 이상일 것
한-베트남,84,84.21,8421.39,8421.39,6단위 세번변경기준 또는 체약당사국 내에서 발생한 부가가치가 40퍼센트 이상일 것
한-베트남,84,84.21,8421.91,8421.91,4단위 세번변경기준 또는 체약당사국 내에서 발생한 부가가치가 40퍼센트 이상일 것
한-베트남,84,84.21,8421.99,8421.99,4단위 세번변경기준 또는 체약당사국 내에서 발생한 부가가치가 40퍼센트 이상일 것
한-베트남,84,84.22,8422.11,8422.11,6단위 세번변경기준 또는 체약당사국 내에서 발생한 부가가치가 40퍼센트 이상일 것
한-베트남,84,84.22,8422.19,8422.19,6단위 세번변경기준 또는 체약당사국 내에서 발생한 부가가치가 40퍼센트 이상일 것
한-베트남,84,84.22,8422.20,8422.20,6단위 세번변경기준 또는 체약당사국 내에서 발생한 부가가치가 40퍼센트 이상일 것
한-베트남,84,84.22,8422.30,8422.30,6단위 세번변경기준 또는 체약당사국 내에서 발생한 부가가치가 40퍼센트 이상일 것
한-베트남,84,84.22,8422.40,8422.40,6단위 세번변경기준 또는 체약당사국 내에서 발생한 부가가치가 40퍼센트 이상일 것
한-베트남,84,84.22,8422.90,8422.90,4단위 세번변경기준 또는 체약당사국 내에서 발생한 부가가치가 40퍼센트 이상일 것
한-베트남,84,84.23,8423.10,8423.10,6단위 세번변경기준 또는 체약당사국 내에서 발생한 부가가치가 40퍼센트 이상일 것
한-베트남,84,84.23,8423.20,8423.20,6단위 세번변경기준 또는 체약당사국 내에서 발생한 부가가치가 40퍼센트 이상일 것
한-베트남,84,84.23,8423.30,8423.30,6단위 세번변경기준 또는 체약당사국 내에서 발생한 부가가치가 40퍼센트 이상일 것
한-베트남,84,84.23,8423.81,8423.81,6단위 세번변경기준 또는 체약당사국 내에서 발생한 부가가치가 40퍼센트 이상일 것
한-베트남,84,84.23,8423.82,8423.82,6단위 세번변경기준 또는 체약당사국 내에서 발생한 부가가치가 40퍼센트 이상일 것
한-베트남,84,84.23,8423.89,8423.89,6단위 세번변경기준 또는 체약당사국 내에서 발생한 부가가치가 40퍼센트 이상일 것
한-베트남,84,84.23,8423.90,8423.90,4단위 세번변경기준 또는 체약당사국 내에서 발생한 부가가치가 40퍼센트 이상일 것
한-베트남,84,84.24,8424.10,8424.10,6단위 세번변경기준 또는 체약당사국 내에서 발생한 부가가치가 40퍼센트 이상일 것
한-베트남,84,84.24,8424.20,8424.20,6단위 세번변경기준 또는 체약당사국 내에서 발생한 부가가치가 40퍼센트 이상일 것
한-베트남,84,84.24,8424.30,8424.30,6단위 세번변경기준 또는 체약당사국 내에서 발생한 부가가치가 40퍼센트 이상일 것
한-베트남,84,84.24,8424.41,8424.41,6단위 세번변경기준 또는 체약당사국 내에서 발생한 부가가치가 40퍼센트 이상일 것
한-베트남,84,84.24,8424.49,8424.49,6단위 세번변경기준 또는 체약당사국 내에서 발생한 부가가치가 40퍼센트 이상일 것
한-베트남,84,84.24,8424.82,8424.82,6단위 세번변경기준 또는 체약당사국 내에서 발생한 부가가치가 40퍼센트 이상일 것
한-베트남,84,84.24,8424.89,8424.89,6단위 세번변경기준 또는 체약당사국 내에서 발생한 부가가치가 40퍼센트 이상일 것
한-베트남,84,84.24,8424.90,8424.90,4단위 세번변경기준 또는 체약당사국 내에서 발생한 부가가치가 40퍼센트 이상일 것
한-베트남,84,84.25,,84.25,4단위 세번변경기준 또는 체약당사국 내에서 발생한 부가가치가 40퍼센트 이상일 것
한-베트남,84,84.26,,84.26,4단위 세번변경기준 또는 체약당사국 내에서 발생한 부가가치가 40퍼센트 이상일 것
한-베트남,84,84.27,,84.27,4단위 세번변경기준 또는 체약당사국 내에서 발생한 부가가치가 40퍼센트 이상일 것
한-베트남,84,84.28,,84.28,4단위 세번변경기준 또는 체약당사국 내에서 발생한 부가가치가 40퍼센트 이상일 것
한-베트남,84,84.29,,84.29,4단위 세번변경기준 또는 체약당사국 내에서 발생한 부가가치가 40퍼센트 이상일 것
한-베트남,84,84.30,,84.30,4단위 세번변경기준 또는 체약당사국 내에서 발생한 부가가치가 40퍼센트 이상일 것
한-베트남,84,84.31,,84.31,4단위 세번변경기준 또는 체약당사국 내에서 발생한 부가가치가 40퍼센트 이상일 것
한-베트남,84,84.32,8432.10,8432.10,6단위 세번변경기준 또는 체약당사국 내에서 발생한 부가가치가 40퍼센트 이상일 것
한-베트남,84,84.32,8432.21,8432.21,6단위 세번변경기준 또는 체약당사국 내에서 발생한 부가가치가 40퍼센트 이상일 것
한-베트남,84,84.32,8432.29,8432.29,6단위 세번변경기준 또는 체약당사국 내에서 발생한 부가가치가 40퍼센트 이상일 것
한-베트남,84,84.32,8432.31,8432.31,6단위 세번변경기준 또는 체약당사국 내에서 발생한 부가가치가 40퍼센트 이상일 것
한-베트남,84,84.32,8432.39,8432.39,6단위 세번변경기준 또는 체약당사국 내에서 발생한 부가가치가 40퍼센트 이상일 것
한-베트남,84,84.32,8432.41,8432.41,6단위 세번변경기준 또는 체약당사국 내에서 발생한 부가가치가 40퍼센트 이상일 것
한-베트남,84,84.32,8432.42,8432.42,6단위 세번변경기준 또는 체약당사국 내에서 발생한 부가가치가 40퍼센트 이상일 것
한-베트남,84,84.32,8432.80,8432.80,6단위 세번변경기준 또는 체약당사국 내에서 발생한 부가가치가 40퍼센트 이상일 것
한-베트남,84,84.32,8432.90,8432.90,4단위 세번변경기준 또는 체약당사국 내에서 발생한 부가가치가 40퍼센트 이상일 것
한-베트남,84,84.33,8433.11,8433.11,6단위 세번변경기준 또는 체약당사국 내에서 발생한 부가가치가 40퍼센트 이상일 것
한-베트남,84,84.33,8433.19,8433.19,6단위 세번변경기준 또는 체약당사국 내에서 발생한 부가가치가 40퍼센트 이상일 것
한-베트남,84,84.33,8433.20,8433.20,6단위 세번변경기준 또는 체약당사국 내에서 발생한 부가가치가 40퍼센트 이상일 것
한-베트남,84,84.33,8433.30,8433.30,6단위 세번변경기준 또는 체약당사국 내에서 발생한 부가가치가 40퍼센트 이상일 것
한-베트남,84,84.33,8433.40,8433.40,6단위 세번변경기준 또는 체약당사국 내에서 발생한 부가가치가 40퍼센트 이상일 것
한-베트남,84,84.33,8433.51,8433.51,6단위 세번변경기준 또는 체약당사국 내에서 발생한 부가가치가 40퍼센트 이상일 것
한-베트남,84,84.33,8433.52,8433.52,6단위 세번변경기준 또는 체약당사국 내에서 발생한 부가가치가 40퍼센트 이상일 것
한-베트남,84,84.33,8433.53,8433.53,6단위 세번변경기준 또는 체약당사국 내에서 발생한 부가가치가 40퍼센트 이상일 것
한-베트남,84,84.33,8433.59,8433.59,6단위 세번변경기준 또는 체약당사국 내에서 발생한 부가가치가 40퍼센트 이상일 것
한-베트남,84,84.33,8433.60,8433.60,6단위 세번변경기준 또는 체약당사국 내에서 발생한 부가가치가 40퍼센트 이상일 것
한-베트남,84,84.33,8433.90,8433.90,4단위 세번변경기준 또는 체약당사국 내에서 발생한 부가가치가 40퍼센트 이상일 것
한-베트남,84,84.34,,84.34,4단위 세번변경기준 또는 체약당사국 내에서 발생한 부가가치가 40퍼센트 이상일 것
한-베트남,84,84.35,,84.35,4단위 세번변경기준 또는 체약당사국 내에서 발생한 부가가치가 40퍼센트 이상일 것
한-베트남,84,84.36,8436.10,8436.10,6단위 세번변경기준 또는 체약당사국 내에서 발생한 부가가치가 40퍼센트 이상일 것
한-베트남,84,84.36,8436.21,8436.21,6단위 세번변경기준 또는 체약당사국 내에서 발생한 부가가치가 40퍼센트 이상일 것
한-베트남,84,84.36,8436.29,8436.29,6단위 세번변경기준 또는 체약당사국 내에서 발생한 부가가치가 40퍼센트 이상일 것
한-베트남,84,84.36,8436.80,8436.80,6단위 세번변경기준 또는 체약당사국 내에서 발생한 부가가치가 40퍼센트 이상일 것
한-베트남,84,84.36,8436.91,8436.91,4단위 세번변경기준 또는 체약당사국 내에서 발생한 부가가치가 40퍼센트 이상일 것
한-베트남,84,84.36,8436.99,8436.99,4단위 세번변경기준 또는 체약당사국 내에서 발생한 부가가치가 40퍼센트 이상일 것
한-베트남,84,84.37,8437.10,8437.10,6단위 세번변경기준 또는 체약당사국 내에서 발생한 부가가치가 40퍼센트 이상일 것
한-베트남,84,84.37,8437.80,8437.80,6단위 세번변경기준 또는 체약당사국 내에서 발생한 부가가치가 40퍼센트 이상일 것
한-베트남,84,84.37,8437.90,8437.90,4단위 세번변경기준 또는 체약당사국 내에서 발생한 부가가치가 40퍼센트 이상일 것
한-베트남,84,84.38,8438.10,8438.10,6단위 세번변경기준 또는 체약당사국 내에서 발생한 부가가치가 40퍼센트 이상일 것
한-베트남,84,84.38,8438.20,8438.20,6단위 세번변경기준 또는 체약당사국 내에서 발생한 부가가치가 40퍼센트 이상일 것
한-베트남,84,84.38,8438.30,8438.30,6단위 세번변경기준 또는 체약당사국 내에서 발생한 부가가치가 40퍼센트 이상일 것
한-베트남,84,84.38,8438.40,8438.40,6단위 세번변경기준 또는 체약당사국 내에서 발생한 부가가치가 40퍼센트 이상일 것
한-베트남,84,84.38,8438.50,8438.50,6단위 세번변경기준 또는 체약당사국 내에서 발생한 부가가치가 40퍼센트 이상일 것
한-베트남,84,84.38,8438.60,8438.60,6단위 세번변경기준 또는 체약당사국 내에서 발생한 부가가치가 40퍼센트 이상일 것
한-베트남,84,84.38,8438.80,8438.80,6단위 세번변경기준 또는 체약당사국 내에서 발생한 부가가치가 40퍼센트 이상일 것
한-베트남,84,84.38,8438.90,8438.90,4단위 세번변경기준 또는 체약당사국 내에서 발생한 부가가치가 40퍼센트 이상일 것
한-베트남,84,84.39,,84.39,4단위 세번변경기준 또는 체약당사국 내에서 발생한 부가가치가 40퍼센트 이상일 것
한-베트남,84,84.40,,84.40,4단위 세번변경기준 또는 체약당사국 내에서 발생한 부가가치가 40퍼센트 이상일 것
한-베트남,84,84.41,,84.41,4단위 세번변경기준 또는 체약당사국 내에서 발생한 부가가치가 40퍼센트 이상일 것
한-베트남,84,84.42,,84.42,4단위 세번변경기준 또는 체약당사국 내에서 발생한 부가가치가 40퍼센트 이상일 것
한-베트남,84,84.43,8443.11,8443.11,4단위 세번변경기준 또는 체약당사국 내에서 발생한 부가가치가 40퍼센트 이상일 것
한-베트남,84,84.43,8443.12,8443.12,4단위 세번변경기준 또는 체약당사국 내에서 발생한 부가가치가 40퍼센트 이상일 것
한-베트남,84,84.43,8443.13,8443.13,4단위 세번변경기준 또는 체약당사국 내에서 발생한 부가가치가 40퍼센트 이상일 것
한-베트남,84,84.43,8443.14,8443.14,4단위 세번변경기준 또는 체약당사국 내에서 발생한 부가가치가 40퍼센트 이상일 것
한-베트남,84,84.43,8443.15,8443.15,4단위 세번변경기준 또는 체약당사국 내에서 발생한 부가가치가 40퍼센트 이상일 것
한-베트남,84,84.43,8443.16,8443.16,4단위 세번변경기준 또는 체약당사국 내에서 발생한 부가가치가 40퍼센트 이상일 것
한-베트남,84,84.43,8443.17,8443.17,4단위 세번변경기준 또는 체약당사국 내에서 발생한 부가가치가 40퍼센트 이상일 것
한-베트남,84,84.43,8443.19,8443.19,4단위 세번변경기준 또는 체약당사국 내에서 발생한 부가가치가 40퍼센트 이상일 것
한-베트남,84,84.43,8443.31,8443.31,6단위 세번변경기준 또는 체약당사국 내에서 발생한 부가가치가 40퍼센트 이상일 것
한-베트남,84,84.43,8443.32,8443.32,6단위 세번변경기준 또는 체약당사국 내에서 발생한 부가가치가 40퍼센트 이상일 것
한-베트남,84,84.43,8443.39,8443.39,4단위 세번변경기준 또는 체약당사국 내에서 발생한 부가가치가 40퍼센트 이상일 것
한-베트남,84,84.43,8443.91,8443.91,4단위 세번변경기준 또는 체약당사국 내에서 발생한 부가가치가 40퍼센트 이상일 것
한-베트남,84,84.43,8443.99,8443.99,4단위 세번변경기준 또는 체약당사국 내에서 발생한 부가가치가 40퍼센트 이상일 것
한-베트남,84,84.44,8444.00,8444.00,4단위 세번변경기준 또는 체약당사국 내에서 발생한 부가가치가 40퍼센트 이상일 것
한-베트남,84,84.45,,84.45,4단위 세번변경기준 또는 체약당사국 내에서 발생한 부가가치가 40퍼센트 이상일 것
한-베트남,84,84.46,,84.46,4단위 세번변경기준 또는 체약당사국 내에서 발생한 부가가치가 40퍼센트 이상일 것
한-베트남,84,84.47,,84.47,4단위 세번변경기준 또는 체약당사국 내에서 발생한 부가가치가 40퍼센트 이상일 것
한-베트남,84,84.48,,84.48,4단위 세번변경기준 또는 체약당사국 내에서 발생한 부가가치가 40퍼센트 이상일 것
한-베트남,84,84.49,8449.00,8449.00,4단위 세번변경기준 또는 체약당사국 내에서 발생한 부가가치가 40퍼센트 이상일 것
한-베트남,84,84.50,8450.11,8450.11,6단위 세번변경기준 또는 체약당사국 내에서 발생한 부가가치가 40퍼센트 이상일 것
한-베트남,84,84.50,8450.12,8450.12,6단위 세번변경기준 또는 체약당사국 내에서 발생한 부가가치가 40퍼센트 이상일 것
한-베트남,84,84.50,8450.19,8450.19,6단위 세번변경기준 또는 체약당사국 내에서 발생한 부가가치가 40퍼센트 이상일 것
한-베트남,84,84.50,8450.20,8450.20,6단위 세번변경기준 또는 체약당사국 내에서 발생한 부가가치가 40퍼센트 이상일 것
한-베트남,84,84.50,8450.90,8450.90,4단위 세번변경기준 또는 체약당사국 내에서 발생한 부가가치가 40퍼센트 이상일 것
한-베트남,84,84.51,8451.10,8451.10,6단위 세번변경기준 또는 체약당사국 내에서 발생한 부가가치가 40퍼센트 이상일 것
한-베트남,84,84.51,8451.21,8451.21,6단위 세번변경기준 또는 체약당사국 내에서 발생한 부가가치가 40퍼센트 이상일 것
한-베트남,84,84.51,8451.29,8451.29,6단위 세번변경기준 또는 체약당사국 내에서 발생한 부가가치가 40퍼센트 이상일 것
한-베트남,84,84.51,8451.30,8451.30,6단위 세번변경기준 또는 체약당사국 내에서 발생한 부가가치가 40퍼센트 이상일 것
한-베트남,84,84.51,8451.40,8451.40,6단위 세번변경기준 또는 체약당사국 내에서 발생한 부가가치가 40퍼센트 이상일 것
한-베트남,84,84.51,8451.50,8451.50,6단위 세번변경기준 또는 체약당사국 내에서 발생한 부가가치가 40퍼센트 이상일 것
한-베트남,84,84.51,8451.80,8451.80,6단위 세번변경기준 또는 체약당사국 내에서 발생한 부가가치가 40퍼센트 이상일 것
한-베트남,84,84.51,8451.90,8451.90,4단위 세번변경기준 또는 체약당사국 내에서 발생한 부가가치가 40퍼센트 이상일 것
한-베트남,84,84.52,8452.10,8452.10,6단위 세번변경기준 또는 체약당사국 내에서 발생한 부가가치가 40퍼센트 이상일 것
한-베트남,84,84.52,8452.21,8452.21,6단위 세번변경기준 또는 체약당사국 내에서 발생한 부가가치가 40퍼센트 이상일 것
한-베트남,84,84.52,8452.29,8452.29,6단위 세번변경기준 또는 체약당사국 내에서 발생한 부가가치가 40퍼센트 이상일 것
한-베트남,84,84.52,8452.30,8452.30,6단위 세번변경기준 또는 체약당사국 내에서 발생한 부가가치가 40퍼센트 이상일 것
한-베트남,84,84.52,8452.90,8452.90,4단위 세번변경기준 또는 체약당사국 내에서 발생한 부가가치가 40퍼센트 이상일 것
한-베트남,84,84.53,,84.53,4단위 세번변경기준 또는 체약당사국 내에서 발생한 부가가치가 40퍼센트 이상일 것
한-베트남,84,84.54,8454.10,8454.10,6단위 세번변경기준 또는 체약당사국 내에서 발생한 부가가치가 40퍼센트 이상일 것
한-베트남,84,84.54,8454.20,8454.20,6단위 세번변경기준 또는 체약당사국 내에서 발생한 부가가치가 40퍼센트 이상일 것
한-베트남,84,84.54,8454.30,8454.30,6단위 세번변경기준 또는 체약당사국 내에서 발생한 부가가치가 40퍼센트 이상일 것
한-베트남,84,84.54,8454.90,8454.90,4단위 세번변경기준 또는 체약당사국 내에서 발생한 부가가치가 40퍼센트 이상일 것
한-베트남,84,84.55,,84.55,4단위 세번변경기준 또는 체약당사국 내에서 발생한 부가가치가 40퍼센트 이상일 것
한-베트남,84,84.56,,84.56,4단위 세번변경기준 또는 체약당사국 내에서 발생한 부가가치가 40퍼센트 이상일 것
한-베트남,84,84.57,,84.57,4단위 세번변경기준 또는 체약당사국 내에서 발생한 부가가치가 40퍼센트 이상일 것
한-베트남,84,84.58,,84.58,4단위 세번변경기준 또는 체약당사국 내에서 발생한 부가가치가 40퍼센트 이상일 것
한-베트남,84,84.59,,84.59,4단위 세번변경기준 또는 체약당사국 내에서 발생한 부가가치가 40퍼센트 이상일 것
한-베트남,84,84.60,,84.60,4단위 세번변경기준 또는 체약당사국 내에서 발생한 부가가치가 40퍼센트 이상일 것
한-베트남,84,84.61,,84.61,4단위 세번변경기준 또는 체약당사국 내에서 발생한 부가가치가 40퍼센트 이상일 것
한-베트남,84,84.62,,84.62,4단위 세번변경기준 또는 체약당사국 내에서 발생한 부가가치가 40퍼센트 이상일 것
한-베트남,84,84.63,,84.63,4단위 세번변경기준 또는 체약당사국 내에서 발생한 부가가치가 40퍼센트 이상일 것
한-베트남,84,84.64,,84.64,4단위 세번변경기준 또는 체약당사국 내에서 발생한 부가가치가 40퍼센트 이상일 것
한-베트남,84,84.65,,84.65,4단위 세번변경기준 또는 체약당사국 내에서 발생한 부가가치가 40퍼센트 이상일 것
한-베트남,84,84.66,,84.66,4단위 세번변경기준 또는 체약당사국 내에서 발생한 부가가치가 40퍼센트 이상일 것
한-베트남,84,84.67,8467.11,8467.11,6단위 세번변경기준 또는 체약당사국 내에서 발생한 부가가치가 40퍼센트 이상일 것
한-베트남,84,84.67,8467.19,8467.19,6단위 세번변경기준 또는 체약당사국 내에서 발생한 부가가치가 40퍼센트 이상일 것
한-베트남,84,84.67,8467.21,8467.21,6단위 세번변경기준 또는 체약당사국 내에서 발생한 부가가치가 40퍼센트 이상일 것
한-베트남,84,84.67,8467.22,8467.22,6단위 세번변경기준 또는 체약당사국 내에서 발생한 부가가치가 40퍼센트 이상일 것
한-베트남,84,84.67,8467.29,8467.29,6단위 세번변경기준 또는 체약당사국 내에서 발생한 부가가치가 40퍼센트 이상일 것
한-베트남,84,84.67,8467.81,8467.81,6단위 세번변경기준 또는 체약당사국 내에서 발생한 부가가치가 40퍼센트 이상일 것
한-베트남,84,84.67,8467.89,8467.89,6단위 세번변경기준 또는 체약당사국 내에서 발생한 부가가치가 40퍼센트 이상일 것
한-베트남,84,84.67,8467.91,8467.91,4단위 세번변경기준 또는 체약당사국 내에서 발생한 부가가치가 40퍼센트 이상일 것
한-베트남,84,84.67,8467.92,8467.92,4단위 세번변경기준 또는 체약당사국 내에서 발생한 부가가치가 40퍼센트 이상일 것
한-베트남,84,84.67,8467.99,8467.99,4단위 세번변경기준 또는 체약당사국 내에서 발생한 부가가치가 40퍼센트 이상일 것
한-베트남,84,84.68,,84.68,4단위 세번변경기준 또는 체약당사국 내에서 발생한 부가가치가 40퍼센트 이상일 것
한-베트남,84,84.70,,84.70,4단위 세번변경기준 또는 체약당사국 내에서 발생한 부가가치가 40퍼센트 이상일 것
한-베트남,84,84.71,,84.71,6단위 세번변경기준 또는 체약당사국 내에서 발생한 부가가치가 40퍼센트 이상일 것
한-베트남,84,84.72,,84.72,4단위 세번변경기준 또는 체약당사국 내에서 발생한 부가가치가 40퍼센트 이상일 것
한-베트남,84,84.73,,84.73,4단위 세번변경기준 또는 체약당사국 내에서 발생한 부가가치가 40퍼센트 이상일 것
한-베트남,84,84.74,,84.74,4단위 세번변경기준 또는 체약당사국 내에서 발생한 부가가치가 40퍼센트 이상일 것
한-베트남,84,84.75,,84.75,4단위 세번변경기준 또는 체약당사국 내에서 발생한 부가가치가 40퍼센트 이상일 것
한-베트남,84,84.76,,84.76,4단위 세번변경기준 또는 체약당사국 내에서 발생한 부가가치가 40퍼센트 이상일 것
한-베트남,84,84.77,,84.77,4단위 세번변경기준 또는 체약당사국 내에서 발생한 부가가치가 40퍼센트 이상일 것
한-베트남,84,84.78,,84.78,4단위 세번변경기준 또는 체약당사국 내에서 발생한 부가가치가 40퍼센트 이상일 것
한-베트남,84,84.79,8479.10,8479.10,6단위 세번변경기준 또는 체약당사국 내에서 발생한 부가가치가 40퍼센트 이상일 것
한-베트남,84,84.79,8479.20,8479.20,6단위 세번변경기준 또는 체약당사국 내에서 발생한 부가가치가 40퍼센트 이상일 것
한-베트남,84,84.79,8479.30,8479.30,6단위 세번변경기준 또는 체약당사국 내에서 발생한 부가가치가 40퍼센트 이상일 것
한-베트남,84,84.79,8479.40,8479.40,6단위 세번변경기준 또는 체약당사국 내에서 발생한 부가가치가 40퍼센트 이상일 것
한-베트남,84,84.79,8479.50,8479.50,6단위 세번변경기준 또는 체약당사국 내에서 발생한 부가가치가 40퍼센트 이상일 것
한-베트남,84,84.79,8479.60,8479.60,6단위 세번변경기준 또는 체약당사국 내에서 발생한 부가가치가 40퍼센트 이상일 것
한-베트남,84,84.79,8479.71,8479.71,6단위 세번변경기준 또는 체약당사국 내에서 발생한 부가가치가 40퍼센트 이상일 것
한-베트남,84,84.79,8479.79,8479.79,6단위 세번변경기준 또는 체약당사국 내에서 발생한 부가가치가 40퍼센트 이상일 것
한-베트남,84,84.79,8479.81,8479.81,6단위 세번변경기준 또는 체약당사국 내에서 발생한 부가가치가 40퍼센트 이상일 것
한-베트남,84,84.79,8479.82,8479.82,6단위 세번변경기준 또는 체약당사국 내에서 발생한 부가가치가 40퍼센트 이상일 것
한-베트남,84,84.79,8479.83,8479.83,6단위 세번변경기준 또는 체약당사국 내에서 발생한 부가가치가 40퍼센트 이상일 것
한-베트남,84,84.79,8479.89,8479.89,6단위 세번변경기준 또는 체약당사국 내에서 발생한 부가가치가 40퍼센트 이상일 것
한-베트남,84,84.79,8479.90,8479.90,4단위 세번변경기준 또는 체약당사국 내에서 발생한 부가가치가 40퍼센트 이상일 것
한-베트남,84,84.80,,84.80,4단위 세번변경기준 또는 체약당사국 내에서 발생한 부가가치가 40퍼센트 이상일 것
한-베트남,84,84.81,,84.81,4단위 세번변경기준 또는 체약당사국 내에서 발생한 부가가치가 40퍼센트 이상일 것
한-베트남,84,84.82,8482.10,8482.10,6단위 세번변경기준 또는 체약당사국 내에서 발생한 부가가치가 40퍼센트 이상일 것
한-베트남,84,84.82,8482.20,8482.20,6단위 세번변경기준 또는 체약당사국 내에서 발생한 부가가치가 40퍼센트 이상일 것
한-베트남,84,84.82,8482.30,8482.30,6단위 세번변경기준 또는 체약당사국 내에서 발생한 부가가치가 40퍼센트 이상일 것
한-베트남,84,84.82,8482.40,8482.40,6단위 세번변경기준 또는 체약당사국 내에서 발생한 부가가치가 40퍼센트 이상일 것
한-베트남,84,84.82,8482.50,8482.50,6단위 세번변경기준 또는 체약당사국 내에서 발생한 부가가치가 40퍼센트 이상일 것
한-베트남,84,84.82,8482.80,8482.80,6단위 세번변경기준 또는 체약당사국 내에서 발생한 부가가치가 40퍼센트 이상일 것
한-베트남,84,84.82,8482.91,8482.91,4단위 세번변경기준 또는 체약당사국 내에서 발생한 부가가치가 40퍼센트 이상일 것
한-베트남,84,84.82,8482.99,8482.99,4단위 세번변경기준 또는 체약당사국 내에서 발생한 부가가치가 40퍼센트 이상일 것
한-베트남,84,84.83,,84.83,4단위 세번변경기준 또는 체약당사국 내에서 발생한 부가가치가 40퍼센트 이상일 것
한-베트남,84,84.84,,84.84,4단위 세번변경기준 또는 체약당사국 내에서 발생한 부가가치가 40퍼센트 이상일 것
한-베트남,84,84.85,8485.10,8485.10,6단위 세번변경기준 또는 체약당사국 내에서 발생한 부가가치가 40퍼센트 이상일 것
한-베트남,84,84.85,8485.20,8485.20,6단위 세번변경기준 또는 체약당사국 내에서 발생한 부가가치가 40퍼센트 이상일 것
한-베트남,84,84.85,8485.30,8485.30,6단위 세번변경기준 또는 체약당사국 내에서 발생한 부가가치가 40퍼센트 이상일 것
한-베트남,84,84.85,8485.80,8485.80,6단위 세번변경기준 또는 체약당사국 내에서 발생한 부가가치가 40퍼센트 이상일 것
한-베트남,84,84.85,8485.90,8485.90,4단위 세번변경기준 또는 체약당사국 내에서 발생한 부가가치가 40퍼센트 이상일 것
한-베트남,84,84.86,8486.10,8486.10,6단위 세번변경기준 또는 체약당사국 내에서 발생한 부가가치가 40퍼센트 이상일 것
한-베트남,84,84.86,8486.20,8486.20,6단위 세번변경기준 또는 체약당사국 내에서 발생한 부가가치가 40퍼센트 이상일 것
한-베트남,84,84.86,8486.30,8486.30,6단위 세번변경기준 또는 체약당사국 내에서 발생한 부가가치가 40퍼센트 이상일 것
한-베트남,84,84.86,8486.40,8486.40,6단위 세번변경기준 또는 체약당사국 내에서 발생한 부가가치가 40퍼센트 이상일 것
한-베트남,84,84.86,8486.90,8486.90,4단위 세번변경기준 또는 체약당사국 내에서 발생한 부가가치가 40퍼센트 이상일 것
한-베트남,84,84.87,,84.87,4단위 세번변경기준 또는 체약당사국 내에서 발생한 부가가치가 40퍼센트 이상일 것
한-베트남,85,85.01,,85.01,4단위 세번변경기준 또는 체약당사국 내에서 발생한 부가가치가 40퍼센트 이상일 것
한-베트남,85,85.02,,85.02,4단위 세번변경기준 또는 체약당사국 내에서 발생한 부가가치가 40퍼센트 이상일 것
한-베트남,85,85.03,8503.00,8503.00,4단위 세번변경기준 또는 체약당사국 내에서 발생한 부가가치가 40퍼센트 이상일 것
한-베트남,85,85.04,8504.10,8504.10,6단위 세번변경기준 또는 체약당사국 내에서 발생한 부가가치가 40퍼센트 이상일 것
한-베트남,85,85.04,8504.21,8504.21,6단위 세번변경기준 또는 체약당사국 내에서 발생한 부가가치가 40퍼센트 이상일 것
한-베트남,85,85.04,8504.22,8504.22,6단위 세번변경기준 또는 체약당사국 내에서 발생한 부가가치가 40퍼센트 이상일 것
한-베트남,85,85.04,8504.23,8504.23,6단위 세번변경기준 또는 체약당사국 내에서 발생한 부가가치가 40퍼센트 이상일 것
한-베트남,85,85.04,8504.31,8504.31,6단위 세번변경기준 또는 체약당사국 내에서 발생한 부가가치가 40퍼센트 이상일 것
한-베트남,85,85.04,8504.32,8504.32,6단위 세번변경기준 또는 체약당사국 내에서 발생한 부가가치가 40퍼센트 이상일 것
한-베트남,85,85.04,8504.33,8504.33,6단위 세번변경기준 또는 체약당사국 내에서 발생한 부가가치가 40퍼센트 이상일 것
한-베트남,85,85.04,8504.34,8504.34,6단위 세번변경기준 또는 체약당사국 내에서 발생한 부가가치가 40퍼센트 이상일 것
한-베트남,85,85.04,8504.40,8504.40,6단위 세번변경기준 또는 체약당사국 내에서 발생한 부가가치가 40퍼센트 이상일 것
한-베트남,85,85.04,8504.50,8504.50,6단위 세번변경기준 또는 체약당사국 내에서 발생한 부가가치가 40퍼센트 이상일 것
한-베트남,85,85.04,8504.90,8504.90,4단위 세번변경기준 또는 체약당사국 내에서 발생한 부가가치가 40퍼센트 이상일 것
한-베트남,85,85.05,,85.05,4단위 세번변경기준 또는 체약당사국 내에서 발생한 부가가치가 40퍼센트 이상일 것
한-베트남,85,85.06,8506.10,8506.10,6단위 세번변경기준 또는 체약당사국 내에서 발생한 부가가치가 40퍼센트 이상일 것
한-베트남,85,85.06,8506.30,8506.30,6단위 세번변경기준 또는 체약당사국 내에서 발생한 부가가치가 40퍼센트 이상일 것
한-베트남,85,85.06,8506.40,8506.40,6단위 세번변경기준 또는 체약당사국 내에서 발생한 부가가치가 40퍼센트 이상일 것
한-베트남,85,85.06,8506.50,8506.50,6단위 세번변경기준 또는 체약당사국 내에서 발생한 부가가치가 40퍼센트 이상일 것
한-베트남,85,85.06,8506.60,8506.60,6단위 세번변경기준 또는 체약당사국 내에서 발생한 부가가치가 40퍼센트 이상일 것
한-베트남,85,85.06,8506.80,8506.80,6단위 세번변경기준 또는 체약당사국 내에서 발생한 부가가치가 40퍼센트 이상일 것
한-베트남,85,85.06,8506.90,8506.90,4단위 세번변경기준 또는 체약당사국 내에서 발생한 부가가치가 40퍼센트 이상일 것
한-베트남,85,85.07,8507.10,8507.10,6단위 세번변경기준 또는 체약당사국 내에서 발생한 부가가치가 40퍼센트 이상일 것
한-베트남,85,85.07,8507.20,8507.20,6단위 세번변경기준 또는 체약당사국 내에서 발생한 부가가치가 40퍼센트 이상일 것
한-베트남,85,85.07,8507.30,8507.30,6단위 세번변경기준 또는 체약당사국 내에서 발생한 부가가치가 40퍼센트 이상일 것
한-베트남,85,85.07,8507.50,8507.50,6단위 세번변경기준 또는 체약당사국 내에서 발생한 부가가치가 40퍼센트 이상일 것
한-베트남,85,85.07,8507.60,8507.60,6단위 세번변경기준 또는 체약당사국 내에서 발생한 부가가치가 40퍼센트 이상일 것
한-베트남,85,85.07,8507.80,8507.80,6단위 세번변경기준 또는 체약당사국 내에서 발생한 부가가치가 40퍼센트 이상일 것
한-베트남,85,85.07,8507.90,8507.90,4단위 세번변경기준 또는 체약당사국 내에서 발생한 부가가치가 40퍼센트 이상일 것
한-베트남,85,85.08,8508.11,8508.11,6단위 세번변경기준 또는 체약당사국 내에서 발생한 부가가치가 40퍼센트 이상일 것
한-베트남,85,85.08,8508.19,8508.19,6단위 세번변경기준 또는 체약당사국 내에서 발생한 부가가치가 40퍼센트 이상일 것
한-베트남,85,85.08,8508.60,8508.60,6단위 세번변경기준 또는 체약당사국 내에서 발생한 부가가치가 40퍼센트 이상일 것
한-베트남,85,85.08,8508.70,8508.70,4단위 세번변경기준 또는 체약당사국 내에서 발생한 부가가치가 40퍼센트 이상일 것
한-베트남,85,85.09,,85.09,4단위 세번변경기준 또는 체약당사국 내에서 발생한 부가가치가 40퍼센트 이상일 것
한-베트남,85,85.10,,85.10,4단위 세번변경기준 또는 체약당사국 내에서 발생한 부가가치가 40퍼센트 이상일 것
한-베트남,85,85.11,8511.10,8511.10,6단위 세번변경기준 또는 체약당사국 내에서 발생한 부가가치가 40퍼센트 이상일 것
한-베트남,85,85.11,8511.20,8511.20,6단위 세번변경기준 또는 체약당사국 내에서 발생한 부가가치가 40퍼센트 이상일 것
한-베트남,85,85.11,8511.30,8511.30,6단위 세번변경기준 또는 체약당사국 내에서 발생한 부가가치가 40퍼센트 이상일 것
한-베트남,85,85.11,8511.40,8511.40,6단위 세번변경기준 또는 체약당사국 내에서 발생한 부가가치가 40퍼센트 이상일 것
한-베트남,85,85.11,8511.50,8511.50,6단위 세번변경기준 또는 체약당사국 내에서 발생한 부가가치가 40퍼센트 이상일 것
한-베트남,85,85.11,8511.80,8511.80,6단위 세번변경기준 또는 체약당사국 내에서 발생한 부가가치가 40퍼센트 이상일 것
한-베트남,85,85.11,8511.90,8511.90,4단위 세번변경기준 또는 체약당사국 내에서 발생한 부가가치가 40퍼센트 이상일 것
한-베트남,85,85.12,,85.12,4단위 세번변경기준 또는 체약당사국 내에서 발생한 부가가치가 40퍼센트 이상일 것
한-베트남,85,85.13,,85.13,4단위 세번변경기준 또는 체약당사국 내에서 발생한 부가가치가 40퍼센트 이상일 것
한-베트남,85,85.14,,85.14,4단위 세번변경기준 또는 체약당사국 내에서 발생한 부가가치가 40퍼센트 이상일 것
한-베트남,85,85.15,,85.15,4단위 세번변경기준 또는 체약당사국 내에서 발생한 부가가치가 40퍼센트 이상일 것
한-베트남,85,85.16,8516.10,8516.10,6단위 세번변경기준 또는 체약당사국 내에서 발생한 부가가치가 40퍼센트 이상일 것
한-베트남,85,85.16,8516.21,8516.21,6단위 세번변경기준 또는 체약당사국 내에서 발생한 부가가치가 40퍼센트 이상일 것
한-베트남,85,85.16,8516.29,8516.29,6단위 세번변경기준 또는 체약당사국 내에서 발생한 부가가치가 40퍼센트 이상일 것
한-베트남,85,85.16,8516.31,8516.31,6단위 세번변경기준 또는 체약당사국 내에서 발생한 부가가치가 40퍼센트 이상일 것
한-베트남,85,85.16,8516.32,8516.32,6단위 세번변경기준 또는 체약당사국 내에서 발생한 부가가치가 40퍼센트 이상일 것
한-베트남,85,85.16,8516.33,8516.33,6단위 세번변경기준 또는 체약당사국 내에서 발생한 부가가치가 40퍼센트 이상일 것
한-베트남,85,85.16,8516.40,8516.40,6단위 세번변경기준 또는 체약당사국 내에서 발생한 부가가치가 40퍼센트 이상일 것
한-베트남,85,85.16,8516.50,8516.50,6단위 세번변경기준 또는 체약당사국 내에서 발생한 부가가치가 40퍼센트 이상일 것
한-베트남,85,85.16,8516.60,8516.60,6단위 세번변경기준 또는 체약당사국 내에서 발생한 부가가치가 40퍼센트 이상일 것
한-베트남,85,85.16,8516.71,8516.71,6단위 세번변경기준 또는 체약당사국 내에서 발생한 부가가치가 40퍼센트 이상일 것
한-베트남,85,85.16,8516.72,8516.72,6단위 세번변경기준 또는 체약당사국 내에서 발생한 부가가치가 40퍼센트 이상일 것
한-베트남,85,85.16,8516.79,8516.79,6단위 세번변경기준 또는 체약당사국 내에서 발생한 부가가치가 40퍼센트 이상일 것
한-베트남,85,85.16,8516.80,8516.80,6단위 세번변경기준 또는 체약당사국 내에서 발생한 부가가치가 40퍼센트 이상일 것
한-베트남,85,85.16,8516.90,8516.90,4단위 세번변경기준 또는 체약당사국 내에서 발생한 부가가치가 40퍼센트 이상일 것
한-베트남,85,85.17,8517.11,8517.11,6단위 세번변경기준 또는 체약당사국 내에서 발생한 부가가치가 40퍼센트 이상일 것
한-베트남,85,85.17,8517.13,8517.13,6단위 세번변경기준 또는 체약당사국 내에서 발생한 부가가치가 40퍼센트 이상일 것
한-베트남,85,85.17,8517.14,8517.14,6단위 세번변경기준 또는 체약당사국 내에서 발생한 부가가치가 40퍼센트 이상일 것
한-베트남,85,85.17,8517.18,8517.18,6단위 세번변경기준 또는 체약당사국 내에서 발생한 부가가치가 40퍼센트 이상일 것
한-베트남,85,85.17,8517.61,8517.61,6단위 세번변경기준 또는 체약당사국 내에서 발생한 부가가치가 40퍼센트 이상일 것
한-베트남,85,85.17,8517.62,8517.62,6단위 세번변경기준 또는 체약당사국 내에서 발생한 부가가치가 40퍼센트 이상일 것
한-베트남,85,85.17,8517.69,8517.69,6단위 세번변경기준 또는 체약당사국 내에서 발생한 부가가치가 40퍼센트 이상일 것
한-베트남,85,85.17,8517.71,8517.71,4단위 세번변경기준 또는 체약당사국 내에서 발생한 부가가치가 40퍼센트 이상일 것
한-베트남,85,85.17,8517.79,8517.79,4단위 세번변경기준 또는 체약당사국 내에서 발생한 부가가치가 40퍼센트 이상일 것
한-베트남,85,85.18,8518.10,8518.10,6단위 세번변경기준 또는 체약당사국 내에서 발생한 부가가치가 40퍼센트 이상일 것
한-베트남,85,85.18,8518.21,8518.21,6단위 세번변경기준 또는 체약당사국 내에서 발생한 부가가치가 40퍼센트 이상일 것
한-베트남,85,85.18,8518.22,8518.22,6단위 세번변경기준 또는 체약당사국 내에서 발생한 부가가치가 40퍼센트 이상일 것
한-베트남,85,85.18,8518.29,8518.29,6단위 세번변경기준 또는 체약당사국 내에서 발생한 부가가치가 40퍼센트 이상일 것
한-베트남,85,85.18,8518.30,8518.30,6단위 세번변경기준 또는 체약당사국 내에서 발생한 부가가치가 40퍼센트 이상일 것
한-베트남,85,85.18,8518.40,8518.40,6단위 세번변경기준 또는 체약당사국 내에서 발생한 부가가치가 40퍼센트 이상일 것
한-베트남,85,85.18,8518.50,8518.50,6단위 세번변경기준 또는 체약당사국 내에서 발생한 부가가치가 40퍼센트 이상일 것
한-베트남,85,85.18,8518.90,8518.90,4단위 세번변경기준 또는 체약당사국 내에서 발생한 부가가치가 40퍼센트 이상일 것
한-베트남,85,85.19,,85.19,4단위 세번변경기준 또는 체약당사국 내에서 발생한 부가가치가 40퍼센트 이상일 것
한-베트남,85,85.21,,85.21,4단위 세번변경기준 또는 체약당사국 내에서 발생한 부가가치가 40퍼센트 이상일 것
한-베트남,85,85.22,,85.22,4단위 세번변경기준 또는 체약당사국 내에서 발생한 부가가치가 40퍼센트 이상일 것
한-베트남,85,85.23,,85.23,4단위 세번변경기준 또는 체약당사국 내에서 발생한 부가가치가 40퍼센트 이상일 것
한-베트남,85,85.24,,85.24,6단위 세번변경기준 또는 체약당사국 내에서 발생한 부가가치가 40퍼센트 이상일 것
한-베트남,85,85.25,,85.25,4단위 세번변경기준 또는 체약당사국 내에서 발생한 부가가치가 40퍼센트 이상일 것
한-베트남,85,85.26,,85.26,4단위 세번변경기준 또는 체약당사국 내에서 발생한 부가가치가 40퍼센트 이상일 것
한-베트남,85,85.27,,85.27,4단위 세번변경기준 또는 체약당사국 내에서 발생한 부가가치가 40퍼센트 이상일 것
한-베트남,85,85.28,,85.28,4단위 세번변경기준 또는 체약당사국 내에서 발생한 부가가치가 40퍼센트 이상일 것
한-베트남,85,85.29,,85.29,4단위 세번변경기준 또는 체약당사국 내에서 발생한 부가가치가 40퍼센트 이상일 것
한-베트남,85,85.30,,85.30,4단위 세번변경기준 또는 체약당사국 내에서 발생한 부가가치가 40퍼센트 이상일 것
한-베트남,85,85.31,8531.10,8531.10,6단위 세번변경기준 또는 체약당사국 내에서 발생한 부가가치가 40퍼센트 이상일 것
한-베트남,85,85.31,8531.20,8531.20,6단위 세번변경기준 또는 체약당사국 내에서 발생한 부가가치가 40퍼센트 이상일 것
한-베트남,85,85.31,8531.80,8531.80,6단위 세번변경기준 또는 체약당사국 내에서 발생한 부가가치가 40퍼센트 이상일 것
한-베트남,85,85.31,8531.90,8531.90,4단위 세번변경기준 또는 체약당사국 내에서 발생한 부가가치가 40퍼센트 이상일 것
한-베트남,85,85.32,8532.10,8532.10,4단위 세번변경기준 또는 체약당사국 내에서 발생한 부가가치가 40퍼센트 이상일 것
한-베트남,85,85.32,8532.21,8532.21,4단위 세번변경기준 또는 체약당사국 내에서 발생한 부가가치가 40퍼센트 이상일 것
한-베트남,85,85.32,8532.22,8532.22,6단위 세번변경기준 또는 체약당사국 내에서 발생한 부가가치가 40퍼센트 이상일 것
한-베트남,85,85.32,8532.23,8532.23,4단위 세번변경기준 또는 체약당사국 내에서 발생한 부가가치가 40퍼센트 이상일 것
한-베트남,85,85.32,8532.24,8532.24,4단위 세번변경기준 또는 체약당사국 내에서 발생한 부가가치가 40퍼센트 이상일 것
한-베트남,85,85.32,8532.25,8532.25,4단위 세번변경기준 또는 체약당사국 내에서 발생한 부가가치가 40퍼센트 이상일 것
한-베트남,85,85.32,8532.29,8532.29,4단위 세번변경기준 또는 체약당사국 내에서 발생한 부가가치가 40퍼센트 이상일 것
한-베트남,85,85.32,8532.30,8532.30,4단위 세번변경기준 또는 체약당사국 내에서 발생한 부가가치가 40퍼센트 이상일 것
한-베트남,85,85.32,8532.90,8532.90,4단위 세번변경기준 또는 체약당사국 내에서 발생한 부가가치가 40퍼센트 이상일 것
한-베트남,85,85.33,,85.33,4단위 세번변경기준 또는 체약당사국 내에서 발생한 부가가치가 40퍼센트 이상일 것
한-베트남,85,85.34,8534.00,8534.00,4단위 세번변경기준 또는 체약당사국 내에서 발생한 부가가치가 40퍼센트 이상일 것
한-베트남,85,85.35,,85.35,4단위 세번변경기준 또는 체약당사국 내에서 발생한 부가가치가 40퍼센트 이상일 것
한-베트남,85,85.36,8536.10,8536.10,6단위 세번변경기준 또는 체약당사국 내에서 발생한 부가가치가 40퍼센트 이상일 것
한-베트남,85,85.36,8536.20,8536.20,4단위 세번변경기준 또는 체약당사국 내에서 발생한 부가가치가 40퍼센트 이상일 것
한-베트남,85,85.36,8536.30,8536.30,4단위 세번변경기준 또는 체약당사국 내에서 발생한 부가가치가 40퍼센트 이상일 것
한-베트남,85,85.36,8536.41,8536.41,4단위 세번변경기준 또는 체약당사국 내에서 발생한 부가가치가 40퍼센트 이상일 것
한-베트남,85,85.36,8536.49,8536.49,4단위 세번변경기준 또는 체약당사국 내에서 발생한 부가가치가 40퍼센트 이상일 것
한-베트남,85,85.36,8536.50,8536.50,4단위 세번변경기준 또는 체약당사국 내에서 발생한 부가가치가 40퍼센트 이상일 것
한-베트남,85,85.36,8536.61,8536.61,4단위 세번변경기준 또는 체약당사국 내에서 발생한 부가가치가 40퍼센트 이상일 것
한-베트남,85,85.36,8536.69,8536.69,4단위 세번변경기준 또는 체약당사국 내에서 발생한 부가가치가 40퍼센트 이상일 것
한-베트남,85,85.36,8536.70,8536.70,4단위 세번변경기준 또는 체약당사국 내에서 발생한 부가가치가 40퍼센트 이상일 것
한-베트남,85,85.36,8536.90,8536.90,4단위 세번변경기준 또는 체약당사국 내에서 발생한 부가가치가 40퍼센트 이상일 것
한-베트남,85,85.37,,85.37,4단위 세번변경기준 또는 체약당사국 내에서 발생한 부가가치가 40퍼센트 이상일 것
한-베트남,85,85.38,,85.38,4단위 세번변경기준 또는 체약당사국 내에서 발생한 부가가치가 40퍼센트 이상일 것
한-베트남,85,85.39,8539.10,8539.10,6단위 세번변경기준 또는 체약당사국 내에서 발생한 부가가치가 40퍼센트 이상일 것
한-베트남,85,85.39,8539.21,8539.21,6단위 세번변경기준 또는 체약당사국 내에서 발생한 부가가치가 40퍼센트 이상일 것
한-베트남,85,85.39,8539.22,8539.22,6단위 세번변경기준 또는 체약당사국 내에서 발생한 부가가치가 40퍼센트 이상일 것
한-베트남,85,85.39,8539.29,8539.29,6단위 세번변경기준 또는 체약당사국 내에서 발생한 부가가치가 40퍼센트 이상일 것
한-베트남,85,85.39,8539.31,8539.31,6단위 세번변경기준 또는 체약당사국 내에서 발생한 부가가치가 40퍼센트 이상일 것
한-베트남,85,85.39,8539.32,8539.32,6단위 세번변경기준 또는 체약당사국 내에서 발생한 부가가치가 40퍼센트 이상일 것
한-베트남,85,85.39,8539.39,8539.39,6단위 세번변경기준 또는 체약당사국 내에서 발생한 부가가치가 40퍼센트 이상일 것
한-베트남,85,85.39,8539.41,8539.41,6단위 세번변경기준 또는 체약당사국 내에서 발생한 부가가치가 40퍼센트 이상일 것
한-베트남,85,85.39,8539.49,8539.49,6단위 세번변경기준 또는 체약당사국 내에서 발생한 부가가치가 40퍼센트 이상일 것
한-베트남,85,85.39,8539.51,8539.51,6단위 세번변경기준 또는 체약당사국 내에서 발생한 부가가치가 40퍼센트 이상일 것
한-베트남,85,85.39,8539.52,8539.52,6단위 세번변경기준 또는 체약당사국 내에서 발생한 부가가치가 40퍼센트 이상일 것
한-베트남,85,85.39,8539.90,8539.90,4단위 세번변경기준 또는 체약당사국 내에서 발생한 부가가치가 40퍼센트 이상일 것
한-베트남,85,85.40,8540.11,8540.11,6단위 세번변경기준 또는 체약당사국 내에서 발생한 부가가치가 40퍼센트 이상일 것
한-베트남,85,85.40,8540.12,8540.12,6단위 세번변경기준 또는 체약당사국 내에서 발생한 부가가치가 40퍼센트 이상일 것
한-베트남,85,85.40,8540.20,8540.20,6단위 세번변경기준 또는 체약당사국 내에서 발생한 부가가치가 40퍼센트 이상일 것
한-베트남,85,85.40,8540.40,8540.40,6단위 세번변경기준 또는 체약당사국 내에서 발생한 부가가치가 40퍼센트 이상일 것
한-베트남,85,85.40,8540.60,8540.60,6단위 세번변경기준 또는 체약당사국 내에서 발생한 부가가치가 40퍼센트 이상일 것
한-베트남,85,85.40,8540.71,8540.71,6단위 세번변경기준 또는 체약당사국 내에서 발생한 부가가치가 40퍼센트 이상일 것
한-베트남,85,85.40,8540.79,8540.79,6단위 세번변경기준 또는 체약당사국 내에서 발생한 부가가치가 40퍼센트 이상일 것
한-베트남,85,85.40,8540.81,8540.81,6단위 세번변경기준 또는 체약당사국 내에서 발생한 부가가치가 40퍼센트 이상일 것
한-베트남,85,85.40,8540.89,8540.89,6단위 세번변경기준 또는 체약당사국 내에서 발생한 부가가치가 40퍼센트 이상일 것
한-베트남,85,85.40,8540.91,8540.91,4단위 세번변경기준 또는 체약당사국 내에서 발생한 부가가치가 40퍼센트 이상일 것
한-베트남,85,85.40,8540.99,8540.99,4단위 세번변경기준 또는 체약당사국 내에서 발생한 부가가치가 40퍼센트 이상일 것
한-베트남,85,85.41,8541.10,8541.10,6단위 세번변경기준 또는 체약당사국 내에서 발생한 부가가치가 40퍼센트 이상일 것
한-베트남,85,85.41,8541.21,8541.21,6단위 세번변경기준 또는 체약당사국 내에서 발생한 부가가치가 40퍼센트 이상일 것
한-베트남,85,85.41,8541.29,8541.29,6단위 세번변경기준 또는 체약당사국 내에서 발생한 부가가치가 40퍼센트 이상일 것
한-베트남,85,85.41,8541.30,8541.30,6단위 세번변경기준 또는 체약당사국 내에서 발생한 부가가치가 40퍼센트 이상일 것
한-베트남,85,85.41,8541.41,8541.41,6단위 세번변경기준 또는 체약당사국 내에서 발생한 부가가치가 40퍼센트 이상일 것
한-베트남,85,85.41,8541.42,8541.42,6단위 세번변경기준 또는 체약당사국 내에서 발생한 부가가치가 40퍼센트 이상일 것
한-베트남,85,85.41,8541.43,8541.43,6단위 세번변경기준 또는 체약당사국 내에서 발생한 부가가치가 40퍼센트 이상일 것
한-베트남,85,85.41,8541.49,8541.49,6단위 세번변경기준 또는 체약당사국 내에서 발생한 부가가치가 40퍼센트 이상일 것
한-베트남,85,85.41,8541.51,8541.51,6단위 세번변경기준 또는 체약당사국 내에서 발생한 부가가치가 40퍼센트 이상일 것
한-베트남,85,85.41,8541.59,8541.59,6단위 세번변경기준 또는 체약당사국 내에서 발생한 부가가치가 40퍼센트 이상일 것
한-베트남,85,85.41,8541.60,8541.60,6단위 세번변경기준 또는 체약당사국 내에서 발생한 부가가치가 40퍼센트 이상일 것
한-베트남,85,85.41,8541.90,8541.90,4단위 세번변경기준 또는 체약당사국 내에서 발생한 부가가치가 40퍼센트 이상일 것
한-베트남,85,85.42,8542.31,8542.31,6단위 세번변경기준 또는 체약당사국 내에서 발생한 부가가치가 40퍼센트 이상일 것
한-베트남,85,85.42,8542.32,8542.32,4단위 세번변경기준 또는 체약당사국 내에서 발생한 부가가치가 40퍼센트 이상일 것
한-베트남,85,85.42,8542.33,8542.33,6단위 세번변경기준 또는 체약당사국 내에서 발생한 부가가치가 40퍼센트 이상일 것
한-베트남,85,85.42,8542.39,8542.39,6단위 세번변경기준 또는 체약당사국 내에서 발생한 부가가치가 40퍼센트 이상일 것
한-베트남,85,85.42,8542.90,8542.90,4단위 세번변경기준 또는 체약당사국 내에서 발생한 부가가치가 40퍼센트 이상일 것
한-베트남,85,85.43,8543.10,8543.10,6단위 세번변경기준 또는 체약당사국 내에서 발생한 부가가치가 40퍼센트 이상일 것
한-베트남,85,85.43,8543.20,8543.20,6단위 세번변경기준 또는 체약당사국 내에서 발생한 부가가치가 40퍼센트 이상일 것
한-베트남,85,85.43,8543.30,8543.30,4단위 세번변경기준 또는 체약당사국 내에서 발생한 부가가치가 40퍼센트 이상일 것
한-베트남,85,85.43,8543.40,8543.40,6단위 세번변경기준 또는 체약당사국 내에서 발생한 부가가치가 40퍼센트 이상일 것
한-베트남,85,85.43,8543.70,8543.70,6단위 세번변경기준 또는 체약당사국 내에서 발생한 부가가치가 40퍼센트 이상일 것
한-베트남,85,85.43,8543.90,8543.90,4단위 세번변경기준 또는 체약당사국 내에서 발생한 부가가치가 40퍼센트 이상일 것
한-베트남,85,85.44,,85.44,4단위 세번변경기준 또는 체약당사국 내에서 발생한 부가가치가 40퍼센트 이상일 것
한-베트남,85,85.45,,85.45,4단위 세번변경기준 또는 체약당사국 내에서 발생한 부가가치가 40퍼센트 이상일 것
한-베트남,85,85.46,,85.46,4단위 세번변경기준 또는 체약당사국 내에서 발생한 부가가치가 40퍼센트 이상일 것
한-베트남,85,85.47,,85.47,4단위 세번변경기준 또는 체약당사국 내에서 발생한 부가가치가 40퍼센트 이상일 것
한-베트남,85,85.48,8548.00,8548.00,4단위 세번변경기준 또는 체약당사국 내에서 발생한 부가가치가 40퍼센트 이상일 것
한-베트남,85,85.49,,85.49,4단위 세번변경기준 또는 체약당사국 내에서 발생한 부가가치가 40퍼센트 이상일 것
한-베트남,86,,,86,4단위 세번변경기준 또는 체약당사국 내에서 발생한 부가가치가 40퍼센트 이상일 것
한-베트남,87,87.01,,87.01,4단위 세번변경기준 또는 체약당사국 내에서 발생한 부가가치가 40퍼센트 이상일 것
한-베트남,87,87.02,,87.02,체약당사국 내에서 발생한 부가가치가 45퍼센트 이상일 것
한-베트남,87,87.03,8703.10,8703.10,4단위 세번변경기준 또는 체약당사국 내에서 발생한 부가가치가 40퍼센트 이상일 것
한-베트남,87,87.03,8703.21,8703.21,체약당사국 내에서 발생한 부가가치가 45퍼센트 이상일 것
한-베트남,87,87.03,8703.22,8703.22,체약당사국 내에서 발생한 부가가치가 45퍼센트 이상일 것
한-베트남,87,87.03,8703.23,8703.23,체약당사국 내에서 발생한 부가가치가 45퍼센트 이상일 것
한-베트남,87,87.03,8703.24,8703.24,체약당사국 내에서 발생한 부가가치가 45퍼센트 이상일 것
한-베트남,87,87.03,8703.31,8703.31,체약당사국 내에서 발생한 부가가치가 45퍼센트 이상일 것
한-베트남,87,87.03,8703.32,8703.32,체약당사국 내에서 발생한 부가가치가 45퍼센트 이상일 것
한-베트남,87,87.03,8703.33,8703.33,체약당사국 내에서 발생한 부가가치가 45퍼센트 이상일 것
한-베트남,87,87.03,8703.40,8703.40,체약당사국 내에서 발생한 부가가치가 45퍼센트 이상일 것
한-베트남,87,87.03,8703.50,8703.50,체약당사국 내에서 발생한 부가가치가 45퍼센트 이상일 것
한-베트남,87,87.03,8703.60,8703.60,체약당사국 내에서 발생한 부가가치가 45퍼센트 이상일 것
한-베트남,87,87.03,8703.70,8703.70,체약당사국 내에서 발생한 부가가치가 45퍼센트 이상일 것
한-베트남,87,87.03,8703.80,8703.80,체약당사국 내에서 발생한 부가가치가 45퍼센트 이상일 것
한-베트남,87,87.03,8703.90,8703.90,체약당사국 내에서 발생한 부가가치가 45퍼센트 이상일 것
한-베트남,87,87.04,,87.04,체약당사국 내에서 발생한 부가가치가 45퍼센트 이상일 것
한-베트남,87,87.05,,87.05,4단위 세번변경기준 또는 체약당사국 내에서 발생한 부가가치가 40퍼센트 이상일 것
한-베트남,87,87.06,8706.00,8706.00,4단위 세번변경기준 또는 체약당사국 내에서 발생한 부가가치가 40퍼센트 이상일 것
한-베트남,87,87.07,,87.07,4단위 세번변경기준 또는 체약당사국 내에서 발생한 부가가치가 40퍼센트 이상일 것
한-베트남,87,87.08,8708.10,8708.10,4단위 세번변경기준 또는 체약당사국 내에서 발생한 부가가치가 40퍼센트 이상일 것
한-베트남,87,87.08,8708.21,8708.21,4단위 세번변경기준 또는 체약당사국 내에서 발생한 부가가치가 40퍼센트 이상일 것
한-베트남,87,87.08,8708.22,8708.22,4단위 세번변경기준 또는 체약당사국 내에서 발생한 부가가치가 40퍼센트 이상일 것
한-베트남,87,87.08,8708.29,8708.29,4단위 세번변경기준 또는 체약당사국 내에서 발생한 부가가치가 40퍼센트 이상일 것
한-베트남,87,87.08,8708.30,8708.30,4단위 세번변경기준 또는 체약당사국 내에서 발생한 부가가치가 40퍼센트 이상일 것
한-베트남,87,87.08,8708.40,8708.40,가. 기어박스: 4단위 세번변경기준 또는 체약당사국 내에서 발생한 부가가치가 40퍼센트 이상일 것 나. 부분품: 4단위 세번변경기준 또는 체약당사국 내에서 발 생한 부가가치가 45퍼센트 이상일 것
한-베트남,87,87.08,8708.50,8708.50,가. 차동장치를 갖춘 구동 차축 및 비구동 차축: 4단위 세번 변경기준 또는 체약당사국 내에서 발생한 부가가치가 40 퍼센트 이상일 것 나. 부분품: 4단위 세번변경기준 또는 체약당사국 내에서 발 생한 부가가치가 45퍼센트 이상일 것
한-베트남,87,87.08,8708.70,8708.70,4단위 세번변경기준 또는 체약당사국 내에서 발생한 부가가치가 40퍼센트 이상일 것
한-베트남,87,87.08,8708.80,8708.80,4단위 세번변경기준 또는 체약당사국 내에서 발생한 부가가치가 40퍼센트 이상일 것
한-베트남,87,87.08,8708.91,8708.91,가. 방열기: 4단위 세번변경기준 또는 체약당사국 내에서 발 생한 부가가치가 40퍼센트 이상일 것 나. 부분품: 4단위 세번변경기준 또는 체약당사국 내에서 발 생한 부가가치가 45퍼센트 이상일 것
한-베트남,87,87.08,8708.92,8708.92,가. 소음기(머플러) 및 배기관: 4단위 세번변경기준 또는 체 약당사국 내에서 발생한 부가가치가 40퍼센트 이상일 것 나. 부분품: 4단위 세번변경기준 또는 체약당사국 내에서 발 생한 부가가치가 45퍼센트 이상일 것
한-베트남,87,87.08,8708.93,8708.93,4단위 세번변경기준 또는 체약당사국 내에서 발생한 부가가치가 40퍼센트 이상일 것
한-베트남,87,87.08,8708.94,8708.94,체약당사국 내에서 발생한 부가가치가 45퍼센트 이상일 것
한-베트남,87,87.08,8708.95,8708.95,4단위 세번변경기준 또는 체약당사국 내에서 발생한 부가가치가 40퍼센트 이상일 것
한-베트남,87,87.08,8708.99,8708.99,4단위 세번변경기준 또는 체약당사국 내에서 발생한 부가가치가 40퍼센트 이상일 것
한-베트남,87,87.09,,87.09,4단위 세번변경기준 또는 체약당사국 내에서 발생한 부가가치가 40퍼센트 이상일 것
한-베트남,87,87.10,8710.00,8710.00,4단위 세번변경기준 또는 체약당사국 내에서 발생한 부가가치가 40퍼센트 이상일 것
한-베트남,87,87.11,,87.11,4단위 세번변경기준 또는 체약당사국 내에서 발생한 부가가치가 40퍼센트 이상일 것
한-베트남,87,87.12,8712.00,8712.00,4단위 세번변경기준 또는 체약당사국 내에서 발생한 부가가치가 40퍼센트 이상일 것
한-베트남,87,87.13,,87.13,4단위 세번변경기준 또는 체약당사국 내에서 발생한 부가가치가 40퍼센트 이상일 것
한-베트남,87,87.14,,87.14,4단위 세번변경기준 또는 체약당사국 내에서 발생한 부가가치가 40퍼센트 이상일 것
한-베트남,87,87.15,8715.00,8715.00,4단위 세번변경기준 또는 체약당사국 내에서 발생한 부가가치가 40퍼센트 이상일 것
한-베트남,87,87.16,,87.16,4단위 세번변경기준 또는 체약당사국 내에서 발생한 부가가치가 40퍼센트 이상일 것
한-베트남,88,,,88,4단위 세번변경기준 또는 체약당사국 내에서 발생한 부가가치가 40퍼센트 이상일 것
한-베트남,89,89.01,,89.01,4단위 세번변경기준 또는 체약당사국 내에서 발생한 부가가치가 40퍼센트 이상일 것
한-베트남,89,89.02,8902.00,8902.00,4단위 세번변경기준 또는 체약당사국 내에서 발생한 부가가치가 40퍼센트 이상일 것
한-베트남,89,89.03,,89.03,4단위 세번변경기준 또는 체약당사국 내에서 발생한 부가가치가 40퍼센트 이상일 것
한-베트남,89,89.04,8904.00,8904.00,4단위 세번변경기준 또는 체약당사국 내에서 발생한 부가가치가 40퍼센트 이상일 것
한-베트남,89,89.05,,89.05,4단위 세번변경기준 또는 체약당사국 내에서 발생한 부가가치가 40퍼센트 이상일 것
한-베트남,89,89.06,,89.06,4단위 세번변경기준 또는 체약당사국 내에서 발생한 부가가치가 40퍼센트 이상일 것
한-베트남,89,89.07,8907.10,8907.10,4단위 세번변경기준 또는 체약당사국 내에서 발생한 부가가치가 50퍼센트 이상일 것
한-베트남,89,89.07,8907.90,8907.90,4단위 세번변경기준 또는 체약당사국 내에서 발생한 부가가치가 40퍼센트 이상일 것
한-베트남,89,89.08,8908.00,8908.00,4단위 세번변경기준 또는 체약당사국 내에서 발생한 부가가치가 40퍼센트 이상일 것
한-베트남,90,,,90,4단위 세번변경기준 또는 체약당사국 내에서 발생한 부가가치가 40퍼센트 이상일 것
한-베트남,91,,,91,4단위 세번변경기준 또는 체약당사국 내에서 발생한 부가가치가 40퍼센트 이상일 것
한-베트남,92,,,92,4단위 세번변경기준 또는 체약당사국 내에서 발생한 부가가치가 40퍼센트 이상일 것
한-베트남,93,,,93,4단위 세번변경기준 또는 체약당사국 내에서 발생한 부가가치가 40퍼센트 이상일 것
한-베트남,94,94.01,,94.01,4단위 세번변경기준 또는 체약당사국 내에서 발생한 부가가치가 40퍼센트 이상일 것
한-베트남,94,94.02,,94.02,4단위 세번변경기준 또는 체약당사국 내에서 발생한 부가가치가 40퍼센트 이상일 것
한-베트남,94,94.03,9403.10,9403.10,6단위 세번변경기준 또는 체약당사국 내에서 발생한 부가가치가 40퍼센트 이상일 것
한-베트남,94,94.03,9403.20,9403.20,6단위 세번변경기준 또는 체약당사국 내에서 발생한 부가가치가 40퍼센트 이상일 것
한-베트남,94,94.03,9403.30,9403.30,4단위 세번변경기준 또는 체약당사국 내에서 발생한 부가가치가 60퍼센트 이상일 것
한-베트남,94,94.03,9403.40,9403.40,4단위 세번변경기준 또는 체약당사국 내에서 발생한 부가가치가 60퍼센트 이상일 것
한-베트남,94,94.03,9403.50,9403.50,4단위 세번변경기준 또는 체약당사국 내에서 발생한 부가가치가 60퍼센트 이상일 것
한-베트남,94,94.03,9403.60,9403.60,4단위 세번변경기준 또는 체약당사국 내에서 발생한 부가가치가 60퍼센트 이상일 것
한-베트남,94,94.03,9403.70,9403.70,6단위 세번변경기준 또는 체약당사국 내에서 발생한 부가가치가 40퍼센트 이상일 것
한-베트남,94,94.03,9403.82,9403.82,6단위 세번변경기준 또는 체약당사국 내에서 발생한 부가가치가 40퍼센트 이상일 것
한-베트남,94,94.03,9403.83,9403.83,6단위 세번변경기준 또는 체약당사국 내에서 발생한 부가가치가 40퍼센트 이상일 것
한-베트남,94,94.03,9403.89,9403.89,6단위 세번변경기준 또는 체약당사국 내에서 발생한 부가가치가 40퍼센트 이상일 것
한-베트남,94,94.03,9403.91,9403.91,4단위 세번변경기준 또는 체약당사국 내에서 발생한 부가가치가 40퍼센트 이상일 것
한-베트남,94,94.03,9403.99,9403.99,4단위 세번변경기준 또는 체약당사국 내에서 발생한 부가가치가 40퍼센트 이상일 것
한-베트남,94,94.04,,94.04,4단위 세번변경기준 또는 체약당사국 내에서 발생한 부가가치가 40퍼센트 이상일 것
한-베트남,94,94.05,,94.05,4단위 세번변경기준 또는 체약당사국 내에서 발생한 부가가치가 40퍼센트 이상일 것
한-베트남,94,94.06,,94.06,4단위 세번변경기준 또는 체약당사국 내에서 발생한 부가가치가 40퍼센트 이상일 것
한-베트남,95,95.03,9503.00,9503.00,4단위 세번변경기준 또는 체약당사국 내에서 발생한 부가가치가 40퍼센트 이상일 것
한-베트남,95,95.04,9504.20,9504.20,6단위 세번변경기준 또는 체약당사국 내에서 발생한 부가가치가 40퍼센트 이상일 것
한-베트남,95,95.04,9504.30,9504.30,6단위 세번변경기준 또는 체약당사국 내에서 발생한 부가가치가 40퍼센트 이상일 것
한-베트남,95,95.04,9504.40,9504.40,6단위 세번변경기준 또는 체약당사국 내에서 발생한 부가가치가 40퍼센트 이상일 것
한-베트남,95,95.04,9504.50,9504.50,6단위 세번변경기준 또는 체약당사국 내에서 발생한 부가가치가 40퍼센트 이상일 것
한-베트남,95,95.04,9504.90,9504.90,4단위 세번변경기준 또는 체약당사국 내에서 발생한 부가가치가 40퍼센트 이상일 것
한-베트남,95,95.05,,95.05,4단위 세번변경기준 또는 체약당사국 내에서 발생한 부가가치가 40퍼센트 이상일 것
한-베트남,95,95.06,,95.06,4단위 세번변경기준 또는 체약당사국 내에서 발생한 부가가치가 40퍼센트 이상일 것
한-베트남,95,95.07,,95.07,4단위 세번변경기준 또는 체약당사국 내에서 발생한 부가가치가 40퍼센트 이상일 것
한-베트남,95,95.08,,95.08,4단위 세번변경기준 또는 체약당사국 내에서 발생한 부가가치가 40퍼센트 이상일 것
한-베트남,96,96.01,,96.01,4단위 세번변경기준 또는 체약당사국 내에서 발생한 부가가치가 40퍼센트 이상일 것
한-베트남,96,96.02,9602.00,9602.00,4단위 세번변경기준 또는 체약당사국 내에서 발생한 부가가치가 40퍼센트 이상일 것
한-베트남,96,96.03,,96.03,4단위 세번변경기준 또는 체약당사국 내에서 발생한 부가가치가 40퍼센트 이상일 것
한-베트남,96,96.04,9604.00,9604.00,4단위 세번변경기준 또는 체약당사국 내에서 발생한 부가가치가 40퍼센트 이상일 것
한-베트남,96,96.05,9605.00,9605.00,4단위 세번변경기준 또는 체약당사국 내에서 발생한 부가가치가 40퍼센트 이상일 것
한-베트남,96,96.06,,96.06,4단위 세번변경기준 또는 체약당사국 내에서 발생한 부가가치가 40퍼센트 이상일 것
한-베트남,96,96.07,,96.07,4단위 세번변경기준 또는 체약당사국 내에서 발생한 부가가치가 40퍼센트 이상일 것
한-베트남,96,96.08,9608.10,9608.10,6단위 세번변경기준 또는 체약당사국 내에서 발생한 부가가치가 40퍼센트 이상일 것
한-베트남,96,96.08,9608.20,9608.20,6단위 세번변경기준 또는 체약당사국 내에서 발생한 부가가치가 40퍼센트 이상일 것
한-베트남,96,96.08,9608.30,9608.30,6단위 세번변경기준 또는 체약당사국 내에서 발생한 부가가치가 40퍼센트 이상일 것
한-베트남,96,96.08,9608.40,9608.40,6단위 세번변경기준 또는 체약당사국 내에서 발생한 부가가치가 40퍼센트 이상일 것
한-베트남,96,96.08,9608.50,9608.50,4단위 세번변경기준 또는 체약당사국 내에서 발생한 부가가치가 40퍼센트 이상일 것
한-베트남,96,96.08,9608.60,9608.60,4단위 세번변경기준 또는 체약당사국 내에서 발생한 부가가치가 40퍼센트 이상일 것
한-베트남,96,96.08,9608.91,9608.91,4단위 세번변경기준 또는 체약당사국 내에서 발생한 부가가치가 40퍼센트 이상일 것
한-베트남,96,96.08,9608.99,9608.99,4단위 세번변경기준 또는 체약당사국 내에서 발생한 부가가치가 40퍼센트 이상일 것
한-베트남,96,96.09,9609.10,9609.10,6단위 세번변경기준 또는 체약당사국 내에서 발생한 부가가치가 40퍼센트 이상일 것
한-베트남,96,96.09,9609.20,9609.20,4단위 세번변경기준 또는 체약당사국 내에서 발생한 부가가치가 40퍼센트 이상일 것
한-베트남,96,96.09,9609.90,9609.90,4단위 세번변경기준 또는 체약당사국 내에서 발생한 부가가치가 40퍼센트 이상일 것
한-베트남,96,96.10,9610.00,9610.00,4단위 세번변경기준 또는 체약당사국 내에서 발생한 부가가치가 40퍼센트 이상일 것
한-베트남,96,96.11,9611.00,9611.00,4단위 세번변경기준 또는 체약당사국 내에서 발생한 부가가치가 40퍼센트 이상일 것
한-베트남,96,96.12,,96.12,4단위 세번변경기준 또는 체약당사국 내에서 발생한 부가가치가 40퍼센트 이상일 것
한-베트남,96,96.13,9613.10,9613.10,6단위 세번변경기준 또는 체약당사국 내에서 발생한 부가가치가 40퍼센트 이상일 것
한-베트남,96,96.13,9613.20,9613.20,6단위 세번변경기준 또는 체약당사국 내에서 발생한 부가가치가 40퍼센트 이상일 것
한-베트남,96,96.13,9613.80,9613.80,6단위 세번변경기준 또는 체약당사국 내에서 발생한 부가가치가 40퍼센트 이상일 것
한-베트남,96,96.13,9613.90,9613.90,4단위 세번변경기준 또는 체약당사국 내에서 발생한 부가가치가 40퍼센트 이상일 것
한-베트남,96,96.14,9614.00,9614.00,4단위 세번변경기준 또는 체약당사국 내에서 발생한 부가가치가 40퍼센트 이상일 것
한-베트남,96,96.15,,96.15,4단위 세번변경기준 또는 체약당사국 내에서 발생한 부가가치가 40퍼센트 이상일 것
한-베트남,96,96.16,,96.16,4단위 세번변경기준 또는 체약당사국 내에서 발생한 부가가치가 40퍼센트 이상일 것
한-베트남,96,96.17,9617.00,9617.00,4단위 세번변경기준 또는 체약당사국 내에서 발생한 부가가치가 40퍼센트 이상일 것
한-베트남,96,96.18,9618.00,9618.00,4단위 세번변경기준 또는 체약당사국 내에서 발생한 부가가치가 40퍼센트 이상일 것
한-베트남,96,96.19,9619.00,9619.00,4단위 세번변경기준 또는 체약당사국 내에서 발생한 부가가치가 40퍼센트 이상일 것
한-베트남,96,96.20,9620.00,9620.00,4단위 세번변경기준 또는 체약당사국 내에서 발생한 부가가치가 40퍼센트 이상일 것
한-베트남,97,,,97,4단위 세번변경기준 또는 체약당사국 내에서 발생한 부가가치가 40퍼센트 이상일 것
RCEP,01,,,01,완전생산기준
RCEP,02,,,02,2단위 세번변경기준(제01류의 것은 제외한다)
RCEP,03,03.01,,03.01,완전생산기준
RCEP,03,03.02,,03.02,2단위 세번변경기준
RCEP,03,03.03,,03.03,2단위 세번변경기준
RCEP,03,03.04,0304.31,0304.31,2단위 세번변경기준
RCEP,03,03.04,0304.32,0304.32,2단위 세번변경기준
RCEP,03,03.04,0304.33,0304.33,2단위 세번변경기준
RCEP,03,03.04,0304.39,0304.39,1. 잉어[카틀라 카틀라(Catla catla)ㆍ오스테오킬루스 하셀티 (Osteochilus hasselti)ㆍ렙토바르부스 호에베니(Leptobarbu s hoeveni)ㆍ사이프리너스(Cyprinus)속{사이프리너스 카르 피오(Cyprinus carpio)는 제외한다}ㆍ카라시우스(Carassius) 속{카라시우스 카라시우스(Carassius carassius)는 제외한 다}ㆍ라베오(Labeo)속ㆍ메갈로브라마(Megalobrama)속]: 4 단위 세번변경기준 2. 그 밖의 모든 상품: 2단위 세번변경기준
RCEP,03,03.04,0304.41,0304.41,2단위 세번변경기준 또는 당사자에서 발생한 부가가치가 40퍼 센트 이상일 것
RCEP,03,03.04,0304.42,0304.42,2단위 세번변경기준 또는 당사자에서 발생한 부가가치가 40퍼 센트 이상일 것
RCEP,03,03.04,0304.43,0304.43,2단위 세번변경기준 또는 당사자에서 발생한 부가가치가 40퍼 센트 이상일 것
RCEP,03,03.04,0304.44,0304.44,2단위 세번변경기준 또는 당사자에서 발생한 부가가치가 40퍼 센트 이상일 것
RCEP,03,03.04,0304.45,0304.45,2단위 세번변경기준 또는 당사자에서 발생한 부가가치가 40퍼 센트 이상일 것
RCEP,03,03.04,0304.46,0304.46,2단위 세번변경기준 또는 당사자에서 발생한 부가가치가 40퍼 센트 이상일 것
RCEP,03,03.04,0304.47,0304.47,4단위 세번변경기준
RCEP,03,03.04,0304.48,0304.48,4단위 세번변경기준
RCEP,03,03.04,0304.49,0304.49,4단위 세번변경기준
RCEP,03,03.04,0304.51,0304.51,2단위 세번변경기준
RCEP,03,03.04,0304.52,0304.52,2단위 세번변경기준
RCEP,03,03.04,0304.53,0304.53,2단위 세번변경기준
RCEP,03,03.04,0304.54,0304.54,2단위 세번변경기준
RCEP,03,03.04,0304.55,0304.55,2단위 세번변경기준
RCEP,03,03.04,0304.56,0304.56,2단위 세번변경기준
RCEP,03,03.04,0304.57,0304.57,2단위 세번변경기준
RCEP,03,03.04,0304.59,0304.59,2단위 세번변경기준
RCEP,03,03.04,0304.61,0304.61,2단위 세번변경기준
RCEP,03,03.04,0304.62,0304.62,2단위 세번변경기준
RCEP,03,03.04,0304.63,0304.63,2단위 세번변경기준
RCEP,03,03.04,0304.69,0304.69,1. 잉어[카틀라 카틀라(Catla catla)ㆍ오스테오킬루스 하셀티 (Osteochilus hasselti)ㆍ렙토바르부스 호에베니(Leptobarbu s hoeveni)ㆍ사이프리너스(Cyprinus)속{사이프리너스 카르 피오(Cyprinus carpio)는 제외한다}ㆍ카라시우스(Carassius) 속{카라시우스 카라시우스(Carassius carassius)는 제외한 다}ㆍ라베오(Labeo)속ㆍ메갈로브라마(Megalobrama)속]: 2 단위 세번변경기준 또는 당사자에서 발생한 부가가치가 40 퍼센트 이상일 것 2. 그 밖의 모든 상품: 2단위 세번변경기준
RCEP,03,03.04,0304.71,0304.71,2단위 세번변경기준 또는 당사자에서 발생한 부가가치가 40퍼 센트 이상일 것
RCEP,03,03.04,0304.72,0304.72,2단위 세번변경기준 또는 당사자에서 발생한 부가가치가 40퍼 센트 이상일 것
RCEP,03,03.04,0304.73,0304.73,2단위 세번변경기준 또는 당사자에서 발생한 부가가치가 40퍼 센트 이상일 것
RCEP,03,03.04,0304.74,0304.74,4단위 세번변경기준
RCEP,03,03.04,0304.75,0304.75,2단위 세번변경기준 또는 당사자에서 발생한 부가가치가 40퍼 센트 이상일 것
RCEP,03,03.04,0304.79,0304.79,2단위 세번변경기준 또는 당사자에서 발생한 부가가치가 40퍼 센트 이상일 것
RCEP,03,03.04,0304.81,0304.81,2단위 세번변경기준 또는 당사자에서 발생한 부가가치가 40퍼 센트 이상일 것
RCEP,03,03.04,0304.82,0304.82,2단위 세번변경기준 또는 당사자에서 발생한 부가가치가 40퍼 센트 이상일 것
RCEP,03,03.04,0304.83,0304.83,2단위 세번변경기준 또는 당사자에서 발생한 부가가치가 40퍼 센트 이상일 것
RCEP,03,03.04,0304.84,0304.84,2단위 세번변경기준 또는 당사자에서 발생한 부가가치가 40퍼 센트 이상일 것
RCEP,03,03.04,0304.85,0304.85,2단위 세번변경기준 또는 당사자에서 발생한 부가가치가 40퍼 센트 이상일 것
RCEP,03,03.04,0304.86,0304.86,2단위 세번변경기준 또는 당사자에서 발생한 부가가치가 40퍼 센트 이상일 것
RCEP,03,03.04,0304.87,0304.87,2단위 세번변경기준 또는 당사자에서 발생한 부가가치가 40퍼 센트 이상일 것
RCEP,03,03.04,0304.88,0304.88,2단위 세번변경기준 또는 당사자에서 발생한 부가가치가 40퍼 센트 이상일 것
RCEP,03,03.04,0304.89,0304.89,2단위 세번변경기준 또는 당사자에서 발생한 부가가치가 40퍼 센트 이상일 것
RCEP,03,03.04,0304.91,0304.91,2단위 세번변경기준
RCEP,03,03.04,0304.92,0304.92,2단위 세번변경기준
RCEP,03,03.04,0304.93,0304.93,2단위 세번변경기준
RCEP,03,03.04,0304.94,0304.94,2단위 세번변경기준
RCEP,03,03.04,0304.95,0304.95,2단위 세번변경기준
RCEP,03,03.04,0304.96,0304.96,2단위 세번변경기준
RCEP,03,03.04,0304.97,0304.97,2단위 세번변경기준
RCEP,03,03.04,0304.99,0304.99,2단위 세번변경기준
RCEP,03,03.05,0305.20,0305.20,2단위 세번변경기준 또는 당사자에서 발생한 부가가치가 40퍼 센트 이상일 것
RCEP,03,03.05,0305.31,0305.31,2단위 세번변경기준
RCEP,03,03.05,0305.32,0305.32,2단위 세번변경기준 또는 당사자에서 발생한 부가가치가 40퍼 센트 이상일 것
RCEP,03,03.05,0305.39,0305.39,2단위 세번변경기준
RCEP,03,03.05,0305.41,0305.41,2단위 세번변경기준 또는 당사자에서 발생한 부가가치가 40퍼 센트 이상일 것
RCEP,03,03.05,0305.42,0305.42,2단위 세번변경기준 또는 당사자에서 발생한 부가가치가 40퍼 센트 이상일 것
RCEP,03,03.05,0305.43,0305.43,2단위 세번변경기준 또는 당사자에서 발생한 부가가치가 40퍼 센트 이상일 것
RCEP,03,03.05,0305.44,0305.44,2단위 세번변경기준
RCEP,03,03.05,0305.49,0305.49,2단위 세번변경기준
RCEP,03,03.05,0305.51,0305.51,2단위 세번변경기준 또는 당사자에서 발생한 부가가치가 40퍼 센트 이상일 것
RCEP,03,03.05,0305.52,0305.52,2단위 세번변경기준
RCEP,03,03.05,0305.53,0305.53,2단위 세번변경기준
RCEP,03,03.05,0305.54,0305.54,2단위 세번변경기준
RCEP,03,03.05,0305.59,0305.59,2단위 세번변경기준
RCEP,03,03.05,0305.61,0305.61,4단위 세번변경기준
RCEP,03,03.05,0305.62,0305.62,2단위 세번변경기준 또는 당사자에서 발생한 부가가치가 40퍼 센트 이상일 것
RCEP,03,03.05,0305.63,0305.63,4단위 세번변경기준
RCEP,03,03.05,0305.64,0305.64,2단위 세번변경기준
RCEP,03,03.05,0305.69,0305.69,2단위 세번변경기준
RCEP,03,03.05,0305.71,0305.71,2단위 세번변경기준 또는 당사자에서 발생한 부가가치가 40퍼 센트 이상일 것
RCEP,03,03.05,0305.72,0305.72,2단위 세번변경기준 또는 당사자에서 발생한 부가가치가 40퍼 센트 이상일 것
RCEP,03,03.05,0305.79,0305.79,2단위 세번변경기준 또는 당사자에서 발생한 부가가치가 40퍼 센트 이상일 것
RCEP,03,03.06,,03.06,2단위 세번변경기준
RCEP,03,03.07,,03.07,2단위 세번변경기준
RCEP,03,03.08,,03.08,2단위 세번변경기준
RCEP,03,03.09,0309.10,0309.10,4단위 세번변경기준
RCEP,03,03.09,0309.90,0309.90,2단위 세번변경기준
RCEP,04,04.01,,04.01,2단위 세번변경기준 또는 당사자에서 발생한 부가가치가 40퍼 센트 이상일 것
RCEP,04,04.02,,04.02,2단위 세번변경기준 또는 당사자에서 발생한 부가가치가 40퍼 센트 이상일 것
RCEP,04,04.03,,04.03,2단위 세번변경기준 또는 당사자에서 발생한 부가가치가 40퍼 센트 이상일 것
RCEP,04,04.04,,04.04,2단위 세번변경기준 또는 당사자에서 발생한 부가가치가 40퍼 센트 이상일 것
RCEP,04,04.05,,04.05,2단위 세번변경기준 또는 당사자에서 발생한 부가가치가 40퍼 센트 이상일 것
RCEP,04,04.06,0406.10,0406.10,2단위 세번변경기준 또는 당사자에서 발생한 부가가치가 40퍼 센트 이상일 것
RCEP,04,04.06,0406.20,0406.20,6단위 세번변경기준 또는 당사자에서 발생한 부가가치가 40퍼 센트 이상일 것
RCEP,04,04.06,0406.30,0406.30,2단위 세번변경기준 또는 당사자에서 발생한 부가가치가 40퍼 센트 이상일 것
RCEP,04,04.06,0406.40,0406.40,2단위 세번변경기준 또는 당사자에서 발생한 부가가치가 40퍼 센트 이상일 것
RCEP,04,04.06,0406.90,0406.90,2단위 세번변경기준 또는 당사자에서 발생한 부가가치가 40퍼 센트 이상일 것
RCEP,04,04.07,0407.11,0407.11,완전생산기준
RCEP,04,04.07,0407.19,0407.19,완전생산기준
RCEP,04,04.07,0407.21,0407.21,완전생산기준
RCEP,04,04.07,0407.29,0407.29,완전생산기준
RCEP,04,04.07,0407.90,0407.90,2단위 세번변경기준
RCEP,04,04.08,,04.08,2단위 세번변경기준
RCEP,04,04.09,0409.00,0409.00,2단위 세번변경기준
RCEP,04,04.10,,04.10,2단위 세번변경기준
RCEP,05,05.01,0501.00,0501.00,2단위 세번변경기준
RCEP,05,05.02,,05.02,2단위 세번변경기준
RCEP,05,05.04,0504.00,0504.00,2단위 세번변경기준(제01류의 것은 제외한다)
RCEP,05,05.05,,05.05,2단위 세번변경기준
RCEP,05,05.06,,05.06,2단위 세번변경기준
RCEP,05,05.07,,05.07,2단위 세번변경기준
RCEP,05,05.08,0508.00,0508.00,2단위 세번변경기준
RCEP,05,05.10,0510.00,0510.00,2단위 세번변경기준
RCEP,05,05.11,,05.11,2단위 세번변경기준
RCEP,06,,,06,2단위 세번변경기준 또는 당사자에서 발생한 부가가치가 40퍼 센트 이상일 것
RCEP,07,07.01,,07.01,완전생산기준
RCEP,07,07.02,0702.00,0702.00,완전생산기준
RCEP,07,07.03,,07.03,완전생산기준
RCEP,07,07.04,,07.04,완전생산기준
RCEP,07,07.05,,07.05,완전생산기준
RCEP,07,07.06,,07.06,완전생산기준
RCEP,07,07.07,0707.00,0707.00,완전생산기준
RCEP,07,07.08,,07.08,완전생산기준
RCEP,07,07.09,,07.09,완전생산기준
RCEP,07,07.10,,07.10,2단위 세번변경기준
RCEP,07,07.11,,07.11,2단위 세번변경기준
RCEP,07,07.12,,07.12,2단위 세번변경기준
RCEP,07,07.13,,07.13,2단위 세번변경기준
RCEP,07,07.14,,07.14,2단위 세번변경기준
RCEP,08,08.01,0801.11,0801.11,2단위 세번변경기준
RCEP,08,08.01,0801.12,0801.12,2단위 세번변경기준
RCEP,08,08.01,0801.19,0801.19,2단위 세번변경기준
RCEP,08,08.01,0801.21,0801.21,2단위 세번변경기준
RCEP,08,08.01,0801.22,0801.22,2단위 세번변경기준
RCEP,08,08.01,0801.31,0801.31,2단위 세번변경기준
RCEP,08,08.01,0801.32,0801.32,2단위 세번변경기준 또는 당사자에서 발생한 부가가치가 40퍼 센트 이상일 것
RCEP,08,08.02,0802.11,0802.11,2단위 세번변경기준
RCEP,08,08.02,0802.12,0802.12,2단위 세번변경기준 또는 당사자에서 발생한 부가가치가 40퍼 센트 이상일 것
RCEP,08,08.02,0802.21,0802.21,2단위 세번변경기준
RCEP,08,08.02,0802.22,0802.22,2단위 세번변경기준 또는 당사자에서 발생한 부가가치가 40퍼 센트 이상일 것
RCEP,08,08.02,0802.31,0802.31,2단위 세번변경기준
RCEP,08,08.02,0802.32,0802.32,2단위 세번변경기준 또는 당사자에서 발생한 부가가치가 40퍼 센트 이상일 것
RCEP,08,08.02,0802.41,0802.41,2단위 세번변경기준
RCEP,08,08.02,0802.42,0802.42,2단위 세번변경기준 또는 당사자에서 발생한 부가가치가 40퍼 센트 이상일 것
RCEP,08,08.02,0802.51,0802.51,2단위 세번변경기준
RCEP,08,08.02,0802.52,0802.52,2단위 세번변경기준 또는 당사자에서 발생한 부가가치가 40퍼 센트 이상일 것
RCEP,08,08.02,0802.61,0802.61,2단위 세번변경기준
RCEP,08,08.02,0802.62,0802.62,2단위 세번변경기준 또는 당사자에서 발생한 부가가치가 40퍼 센트 이상일 것
RCEP,08,08.02,0802.70,0802.70,2단위 세번변경기준
RCEP,08,08.02,0802.80,0802.80,2단위 세번변경기준
RCEP,08,08.02,0802.91,0802.91,2단위 세번변경기준
RCEP,08,08.02,0802.92,0802.92,2단위 세번변경기준
RCEP,08,08.02,0802.99,0802.99,2단위 세번변경기준
RCEP,08,08.03,,08.03,2단위 세번변경기준
RCEP,08,08.04,,08.04,2단위 세번변경기준
RCEP,08,08.05,,08.05,2단위 세번변경기준
RCEP,08,08.06,,08.06,2단위 세번변경기준
RCEP,08,08.07,,08.07,2단위 세번변경기준
RCEP,08,08.08,,08.08,2단위 세번변경기준
RCEP,08,08.09,,08.09,2단위 세번변경기준
RCEP,08,08.10,,08.10,2단위 세번변경기준
RCEP,08,08.11,,08.11,2단위 세번변경기준
RCEP,08,08.12,,08.12,2단위 세번변경기준
RCEP,08,08.13,0813.10,0813.10,2단위 세번변경기준
RCEP,08,08.13,0813.20,0813.20,2단위 세번변경기준
RCEP,08,08.13,0813.30,0813.30,2단위 세번변경기준
RCEP,08,08.13,0813.40,0813.40,2단위 세번변경기준
RCEP,08,08.13,0813.50,0813.50,2단위 세번변경기준 또는 당사자에서 발생한 부가가치가 40퍼 센트 이상일 것
RCEP,08,08.14,0814.00,0814.00,2단위 세번변경기준 또는 당사자에서 발생한 부가가치가 40퍼 센트 이상일 것
RCEP,09,09.01,0901.11,0901.11,2단위 세번변경기준
RCEP,09,09.01,0901.12,0901.12,당사자에서 발생한 부가가치가 40퍼센트 이상일 것
RCEP,09,09.01,0901.21,0901.21,당사자에서 발생한 부가가치가 40퍼센트 이상일 것
RCEP,09,09.01,0901.22,0901.22,당사자에서 발생한 부가가치가 40퍼센트 이상일 것
RCEP,09,09.01,0901.90,0901.90,당사자에서 발생한 부가가치가 40퍼센트 이상일 것
RCEP,09,09.02,0902.10,0902.10,완전생산기준
RCEP,09,09.02,0902.20,0902.20,완전생산기준
RCEP,09,09.02,0902.30,0902.30,2단위 세번변경기준 또는 당사자에서 발생한 부가가치가 40퍼 센트 이상일 것
RCEP,09,09.02,0902.40,0902.40,2단위 세번변경기준
RCEP,09,09.03,0903.00,0903.00,2단위 세번변경기준
RCEP,09,09.04,0904.11,0904.11,완전생산기준
RCEP,09,09.04,0904.12,0904.12,2단위 세번변경기준
RCEP,09,09.04,0904.21,0904.21,완전생산기준
RCEP,09,09.04,0904.22,0904.22,완전생산기준
RCEP,09,09.05,0905.10,0905.10,완전생산기준
RCEP,09,09.05,0905.20,0905.20,2단위 세번변경기준
RCEP,09,09.06,0906.11,0906.11,완전생산기준
RCEP,09,09.06,0906.19,0906.19,완전생산기준
RCEP,09,09.06,0906.20,0906.20,2단위 세번변경기준
RCEP,09,09.07,0907.10,0907.10,완전생산기준
RCEP,09,09.07,0907.20,0907.20,2단위 세번변경기준
RCEP,09,09.08,0908.11,0908.11,완전생산기준
RCEP,09,09.08,0908.12,0908.12,2단위 세번변경기준
RCEP,09,09.08,0908.21,0908.21,완전생산기준
RCEP,09,09.08,0908.22,0908.22,2단위 세번변경기준
RCEP,09,09.08,0908.31,0908.31,완전생산기준
RCEP,09,09.08,0908.32,0908.32,2단위 세번변경기준
RCEP,09,09.09,0909.21,0909.21,완전생산기준
RCEP,09,09.09,0909.22,0909.22,2단위 세번변경기준
RCEP,09,09.09,0909.31,0909.31,완전생산기준
RCEP,09,09.09,0909.32,0909.32,2단위 세번변경기준
RCEP,09,09.09,0909.61,0909.61,완전생산기준
RCEP,09,09.09,0909.62,0909.62,2단위 세번변경기준
RCEP,09,09.10,0910.11,0910.11,완전생산기준
RCEP,09,09.10,0910.12,0910.12,2단위 세번변경기준
RCEP,09,09.10,0910.20,0910.20,2단위 세번변경기준
RCEP,09,09.10,0910.30,0910.30,2단위 세번변경기준
RCEP,09,09.10,0910.91,0910.91,2단위 세번변경기준 또는 당사자에서 발생한 부가가치가 40퍼 센트 이상일 것
RCEP,09,09.10,0910.99,0910.99,2단위 세번변경기준 또는 당사자에서 발생한 부가가치가 40퍼 센트 이상일 것
RCEP,10,,,10,완전생산기준
RCEP,11,11.01,1101.00,1101.00,2단위 세번변경기준
RCEP,11,11.02,,11.02,2단위 세번변경기준(제10류의 것은 제외한다)
RCEP,11,11.03,1103.11,1103.11,2단위 세번변경기준
RCEP,11,11.03,1103.13,1103.13,2단위 세번변경기준(제10류의 것은 제외한다)
RCEP,11,11.03,1103.19,1103.19,2단위 세번변경기준(제10류의 것은 제외한다)
RCEP,11,11.03,1103.20,1103.20,2단위 세번변경기준(제10류의 것은 제외한다)
RCEP,11,11.04,1104.12,1104.12,2단위 세번변경기준
RCEP,11,11.04,1104.19,1104.19,2단위 세번변경기준(제10류의 것은 제외한다)
RCEP,11,11.04,1104.22,1104.22,2단위 세번변경기준
RCEP,11,11.04,1104.23,1104.23,2단위 세번변경기준(제10류의 것은 제외한다)
RCEP,11,11.04,1104.29,1104.29,2단위 세번변경기준(제10류의 것은 제외한다)
RCEP,11,11.04,1104.30,1104.30,2단위 세번변경기준(제10류의 것은 제외한다)
RCEP,11,11.05,,11.05,2단위 세번변경기준
RCEP,11,11.06,,11.06,2단위 세번변경기준
RCEP,11,11.07,,11.07,2단위 세번변경기준(제10류의 것은 제외한다)
RCEP,11,11.08,,11.08,2단위 세번변경기준
RCEP,11,11.09,1109.00,1109.00,2단위 세번변경기준
RCEP,12,12.01,,12.01,완전생산기준
RCEP,12,12.02,1202.30,1202.30,완전생산기준
RCEP,12,12.02,1202.41,1202.41,완전생산기준
RCEP,12,12.02,1202.42,1202.42,2단위 세번변경기준
RCEP,12,12.03,1203.00,1203.00,완전생산기준
RCEP,12,12.04,1204.00,1204.00,2단위 세번변경기준
RCEP,12,12.05,,12.05,완전생산기준
RCEP,12,12.06,1206.00,1206.00,2단위 세번변경기준
RCEP,12,12.07,,12.07,완전생산기준
RCEP,12,12.08,,12.08,4단위 세번변경기준
RCEP,12,12.09,,12.09,2단위 세번변경기준
RCEP,12,12.10,,12.10,2단위 세번변경기준
RCEP,12,12.11,1211.20,1211.20,완전생산기준
RCEP,12,12.11,1211.30,1211.30,완전생산기준
RCEP,12,12.11,1211.40,1211.40,완전생산기준
RCEP,12,12.11,1211.50,1211.50,2단위 세번변경기준
RCEP,12,12.11,1211.60,1211.60,2단위 세번변경기준
RCEP,12,12.11,1211.90,1211.90,2단위 세번변경기준
RCEP,12,12.12,,12.12,2단위 세번변경기준
RCEP,12,12.13,1213.00,1213.00,2단위 세번변경기준
RCEP,12,12.14,,12.14,2단위 세번변경기준
RCEP,13,13.01,,13.01,2단위 세번변경기준
RCEP,13,13.02,1302.11,1302.11,2단위 세번변경기준
RCEP,13,13.02,1302.12,1302.12,2단위 세번변경기준
RCEP,13,13.02,1302.13,1302.13,2단위 세번변경기준
RCEP,13,13.02,1302.14,1302.14,2단위 세번변경기준
RCEP,13,13.02,1302.19,1302.19,2단위 세번변경기준(소호 제1211.20호의 것은 제외한다)
RCEP,13,13.02,1302.20,1302.20,2단위 세번변경기준
RCEP,13,13.02,1302.31,1302.31,2단위 세번변경기준
RCEP,13,13.02,1302.32,1302.32,2단위 세번변경기준
RCEP,13,13.02,1302.39,1302.39,2단위 세번변경기준
RCEP,14,,,14,2단위 세번변경기준
RCEP,15,15.01,,15.01,2단위 세번변경기준
RCEP,15,15.02,,15.02,2단위 세번변경기준
RCEP,15,15.03,1503.00,1503.00,2단위 세번변경기준
RCEP,15,15.04,,15.04,2단위 세번변경기준
RCEP,15,15.05,1505.00,1505.00,2단위 세번변경기준
RCEP,15,15.06,1506.00,1506.00,2단위 세번변경기준
RCEP,15,15.07,1507.10,1507.10,2단위 세번변경기준
RCEP,15,15.07,1507.90,1507.90,2단위 세번변경기준 또는 당사자에서 발생한 부가가치가 40퍼 센트 이상일 것
RCEP,15,15.08,,15.08,2단위 세번변경기준
RCEP,15,15.09,,15.09,2단위 세번변경기준
RCEP,15,15.10,,15.10,2단위 세번변경기준
RCEP,15,15.11,1511.10,1511.10,완전생산기준
RCEP,15,15.11,1511.90,1511.90,2단위 세번변경기준
RCEP,15,15.12,,15.12,2단위 세번변경기준
RCEP,15,15.13,1513.11,1513.11,2단위 세번변경기준
RCEP,15,15.13,1513.19,1513.19,2단위 세번변경기준
RCEP,15,15.13,1513.21,1513.21,완전생산기준
RCEP,15,15.13,1513.29,1513.29,완전생산기준
RCEP,15,15.14,,15.14,2단위 세번변경기준
RCEP,15,15.15,,15.15,2단위 세번변경기준
RCEP,15,15.16,,15.16,2단위 세번변경기준
RCEP,15,15.17,,15.17,2단위 세번변경기준 또는 당사자에서 발생한 부가가치가 40퍼 센트 이상일 것
RCEP,15,15.18,1518.00,1518.00,2단위 세번변경기준 또는 당사자에서 발생한 부가가치가 40퍼 센트 이상일 것
RCEP,15,15.20,1520.00,1520.00,2단위 세번변경기준 또는 당사자에서 발생한 부가가치가 40퍼 센트 이상일 것
RCEP,15,15.21,,15.21,2단위 세번변경기준
RCEP,15,15.22,1522.00,1522.00,2단위 세번변경기준
RCEP,16,16.01,1601.00,1601.00,1. 곤충의 것: 2단위 세번변경기준 또는 당사자에서 발생한 부 가가치가 40퍼센트 이상일 것 2. 그 밖의 모든 상품: 2단위 세번변경기준
RCEP,16,16.02,1602.10,1602.10,1. 곤충의 것: 2단위 세번변경기준 또는 당사자에서 발생한 부 가가치가 40퍼센트 이상일 것 2. 그 밖의 모든 상품: 2단위 세번변경기준
RCEP,16,16.02,1602.20,1602.20,2단위 세번변경기준
RCEP,16,16.02,1602.31,1602.31,2단위 세번변경기준 또는 당사자에서 발생한 부가가치가 40퍼 센트 이상일 것
RCEP,16,16.02,1602.32,1602.32,2단위 세번변경기준
RCEP,16,16.02,1602.39,1602.39,2단위 세번변경기준
RCEP,16,16.02,1602.41,1602.41,2단위 세번변경기준
RCEP,16,16.02,1602.42,1602.42,2단위 세번변경기준
RCEP,16,16.02,1602.49,1602.49,2단위 세번변경기준
RCEP,16,16.02,1602.50,1602.50,2단위 세번변경기준
RCEP,16,16.02,1602.90,1602.90,1. 곤충의 것: 2단위 세번변경기준 또는 당사자에서 발생한 부 가가치가 40퍼센트 이상일 것 2. 그 밖의 모든 상품: 2단위 세번변경기준
RCEP,16,16.03,1603.00,1603.00,2단위 세번변경기준 또는 당사자에서 발생한 부가가치가 40퍼 센트 이상일 것
RCEP,16,16.04,1604.11,1604.11,2단위 세번변경기준
RCEP,16,16.04,1604.12,1604.12,2단위 세번변경기준
RCEP,16,16.04,1604.13,1604.13,2단위 세번변경기준
RCEP,16,16.04,1604.14,1604.14,2단위 세번변경기준
RCEP,16,16.04,1604.15,1604.15,2단위 세번변경기준
RCEP,16,16.04,1604.16,1604.16,2단위 세번변경기준
RCEP,16,16.04,1604.17,1604.17,2단위 세번변경기준
RCEP,16,16.04,1604.18,1604.18,2단위 세번변경기준 또는 당사자에서 발생한 부가가치가 40퍼 센트 이상일 것
RCEP,16,16.04,1604.19,1604.19,2단위 세번변경기준 또는 당사자에서 발생한 부가가치가 40퍼 센트 이상일 것
RCEP,16,16.04,1604.20,1604.20,2단위 세번변경기준 또는 당사자에서 발생한 부가가치가 40퍼 센트 이상일 것
RCEP,16,16.04,1604.31,1604.31,2단위 세번변경기준
RCEP,16,16.04,1604.32,1604.32,2단위 세번변경기준
RCEP,16,16.05,,16.05,2단위 세번변경기준
RCEP,17,17.01,1701.12,1701.12,2단위 세번변경기준(소호 제1212.91호의 것은 제외한다)
RCEP,17,17.01,1701.13,1701.13,완전생산기준
RCEP,17,17.01,1701.14,1701.14,완전생산기준
RCEP,17,17.01,1701.91,1701.91,2단위 세번변경기준 또는 당사자에서 발생한 부가가치가 40퍼 센트 이상일 것
RCEP,17,17.01,1701.99,1701.99,2단위 세번변경기준 또는 당사자에서 발생한 부가가치가 40퍼 센트 이상일 것
RCEP,17,17.02,,17.02,2단위 세번변경기준
RCEP,17,17.03,,17.03,2단위 세번변경기준
RCEP,17,17.04,,17.04,4단위 세번변경기준
RCEP,18,18.01,1801.00,1801.00,2단위 세번변경기준
RCEP,18,18.02,1802.00,1802.00,2단위 세번변경기준
RCEP,18,18.03,,18.03,4단위 세번변경기준 또는 당사자에서 발생한 부가가치가 40퍼 센트 이상일 것
RCEP,18,18.04,1804.00,1804.00,4단위 세번변경기준 또는 당사자에서 발생한 부가가치가 40퍼 센트 이상일 것
RCEP,18,18.05,1805.00,1805.00,4단위 세번변경기준 또는 당사자에서 발생한 부가가치가 40퍼 센트 이상일 것
RCEP,18,18.06,,18.06,4단위 세번변경기준 또는 당사자에서 발생한 부가가치가 40퍼 센트 이상일 것
RCEP,19,19.01,,19.01,2단위 세번변경기준
RCEP,19,19.02,,19.02,2단위 세번변경기준
RCEP,19,19.03,1903.00,1903.00,2단위 세번변경기준
RCEP,19,19.04,,19.04,2단위 세번변경기준
RCEP,19,19.05,,19.05,4단위 세번변경기준 또는 당사자에서 발생한 부가가치가 40퍼 센트 이상일 것
RCEP,20,20.01,,20.01,2단위 세번변경기준
RCEP,20,20.02,,20.02,2단위 세번변경기준
RCEP,20,20.03,,20.03,2단위 세번변경기준
RCEP,20,20.04,,20.04,2단위 세번변경기준
RCEP,20,20.05,,20.05,2단위 세번변경기준
RCEP,20,20.06,2006.00,2006.00,2단위 세번변경기준
RCEP,20,20.07,,20.07,2단위 세번변경기준
RCEP,20,20.08,2008.11,2008.11,2단위 세번변경기준
RCEP,20,20.08,2008.19,2008.19,2단위 세번변경기준
RCEP,20,20.08,2008.20,2008.20,2단위 세번변경기준
RCEP,20,20.08,2008.30,2008.30,2단위 세번변경기준
RCEP,20,20.08,2008.40,2008.40,2단위 세번변경기준
RCEP,20,20.08,2008.50,2008.50,2단위 세번변경기준
RCEP,20,20.08,2008.60,2008.60,2단위 세번변경기준
RCEP,20,20.08,2008.70,2008.70,2단위 세번변경기준
RCEP,20,20.08,2008.80,2008.80,2단위 세번변경기준
RCEP,20,20.08,2008.91,2008.91,2단위 세번변경기준
RCEP,20,20.08,2008.93,2008.93,2단위 세번변경기준
RCEP,20,20.08,2008.97,2008.97,2단위 세번변경기준 또는 당사자에서 발생한 부가가치가 40퍼 센트 이상일 것
RCEP,20,20.08,2008.99,2008.99,2단위 세번변경기준
RCEP,20,20.09,2009.11,2009.11,2단위 세번변경기준
RCEP,20,20.09,2009.12,2009.12,2단위 세번변경기준
RCEP,20,20.09,2009.19,2009.19,2단위 세번변경기준 또는 당사자에서 발생한 부가가치가 40퍼 센트 이상일 것
RCEP,20,20.09,2009.21,2009.21,2단위 세번변경기준
RCEP,20,20.09,2009.29,2009.29,2단위 세번변경기준 또는 당사자에서 발생한 부가가치가 40퍼 센트 이상일 것
RCEP,20,20.09,2009.31,2009.31,2단위 세번변경기준 또는 당사자에서 발생한 부가가치가 40퍼 센트 이상일 것
RCEP,20,20.09,2009.39,2009.39,2단위 세번변경기준
RCEP,20,20.09,2009.41,2009.41,2단위 세번변경기준 또는 당사자에서 발생한 부가가치가 40퍼 센트 이상일 것
RCEP,20,20.09,2009.49,2009.49,2단위 세번변경기준 또는 당사자에서 발생한 부가가치가 40퍼 센트 이상일 것
RCEP,20,20.09,2009.50,2009.50,2단위 세번변경기준 또는 당사자에서 발생한 부가가치가 40퍼 센트 이상일 것
RCEP,20,20.09,2009.61,2009.61,2단위 세번변경기준 또는 당사자에서 발생한 부가가치가 40퍼 센트 이상일 것
RCEP,20,20.09,2009.69,2009.69,2단위 세번변경기준 또는 당사자에서 발생한 부가가치가 40퍼 센트 이상일 것
RCEP,20,20.09,2009.71,2009.71,2단위 세번변경기준 또는 당사자에서 발생한 부가가치가 40퍼 센트 이상일 것
RCEP,20,20.09,2009.79,2009.79,2단위 세번변경기준 또는 당사자에서 발생한 부가가치가 40퍼 센트 이상일 것
RCEP,20,20.09,2009.81,2009.81,2단위 세번변경기준 또는 당사자에서 발생한 부가가치가 40퍼 센트 이상일 것
RCEP,20,20.09,2009.89,2009.89,2단위 세번변경기준 또는 당사자에서 발생한 부가가치가 40퍼 센트 이상일 것
RCEP,20,20.09,2009.90,2009.90,2단위 세번변경기준 또는 당사자에서 발생한 부가가치가 40퍼 센트 이상일 것
RCEP,21,21.01,,21.01,2단위 세번변경기준 또는 당사자에서 발생한 부가가치가 40퍼 센트 이상일 것
RCEP,21,21.02,,21.02,2단위 세번변경기준 또는 당사자에서 발생한 부가가치가 40퍼 센트 이상일 것
RCEP,21,21.03,,21.03,2단위 세번변경기준 또는 당사자에서 발생한 부가가치가 40퍼 센트 이상일 것
RCEP,21,21.04,,21.04,2단위 세번변경기준 또는 당사자에서 발생한 부가가치가 40퍼 센트 이상일 것
RCEP,21,21.05,2105.00,2105.00,2단위 세번변경기준 또는 당사자에서 발생한 부가가치가 40퍼 센트 이상일 것
RCEP,21,21.06,2106.10,2106.10,2단위 세번변경기준 또는 당사자에서 발생한 부가가치가 40퍼 센트 이상일 것
RCEP,21,21.06,2106.90,2106.90,4단위 세번변경기준 또는 당사자에서 발생한 부가가치가 40퍼 센트 이상일 것
RCEP,22,22.01,,22.01,2단위 세번변경기준
RCEP,22,22.02,,22.02,2단위 세번변경기준
RCEP,22,22.03,2203.00,2203.00,2단위 세번변경기준
RCEP,22,22.04,2204.10,2204.10,6단위 세번변경기준
RCEP,22,22.04,2204.21,2204.21,6단위 세번변경기준(소호 제2204.22호와 제2204.29호의 것은 제외한다)
RCEP,22,22.04,2204.22,2204.22,6단위 세번변경기준(소호 제2204.21호와 제2204.29호의 것은 제외한다)
RCEP,22,22.04,2204.29,2204.29,6단위 세번변경기준(소호 제2204.21호와 제2204.22호의 것은 제외한다)
RCEP,22,22.04,2204.30,2204.30,2단위 세번변경기준
RCEP,22,22.05,,22.05,4단위 세번변경기준
RCEP,22,22.06,2206.00,2206.00,4단위 세번변경기준
RCEP,22,22.07,,22.07,2단위 세번변경기준
RCEP,22,22.08,,22.08,4단위 세번변경기준 또는 당사자에서 발생한 부가가치가 40퍼 센트 이상일 것
RCEP,22,22.09,2209.00,2209.00,4단위 세번변경기준
RCEP,23,23.01,,23.01,2단위 세번변경기준
RCEP,23,23.02,,23.02,2단위 세번변경기준
RCEP,23,23.03,,23.03,2단위 세번변경기준
RCEP,23,23.04,2304.00,2304.00,2단위 세번변경기준
RCEP,23,23.05,2305.00,2305.00,2단위 세번변경기준
RCEP,23,23.06,,23.06,4단위 세번변경기준
RCEP,23,23.07,2307.00,2307.00,2단위 세번변경기준
RCEP,23,23.08,2308.00,2308.00,4단위 세번변경기준
RCEP,23,23.09,,23.09,4단위 세번변경기준 또는 당사자에서 발생한 부가가치가 40퍼 센트 이상일 것
RCEP,24,24.01,,24.01,2단위 세번변경기준
RCEP,24,24.02,,24.02,4단위 세번변경기준
RCEP,24,24.03,,24.03,4단위 세번변경기준
RCEP,24,24.04,2404.11,2404.11,4단위 세번변경기준(제2403호의 것은 제외한다)
RCEP,24,24.04,2404.12,2404.12,4단위 세번변경기준(제3824호의 것은 제외한다) 또는 당사자 에서 발생한 부가가치가 40퍼센트 이상일 것
RCEP,24,24.04,2404.19,2404.19,1. 제조한 담배 대용물: 4단위 세번변경기준(제2403호의 것은 제외한다) 2. 그 밖의 모든 상품: 4단위 세번변경기준(제3824호의 것은 제외한다) 또는 당사자에서 발생한 부가가치가 40퍼센트 이 상일 것
RCEP,24,24.04,2404.91,2404.91,4단위 세번변경기준(제2106호의 것은 제외한다) 또는 당사자 에서 발생한 부가가치가 40퍼센트 이상일 것
RCEP,24,24.04,2404.92,2404.92,4단위 세번변경기준(제3824호의 것은 제외한다) 또는 당사자 에서 발생한 부가가치가 40퍼센트 이상일 것
RCEP,24,24.04,2404.99,2404.99,4단위 세번변경기준(제3824호의 것은 제외한다) 또는 당사자 에서 발생한 부가가치가 40퍼센트 이상일 것
RCEP,25,25.01,2501.00,2501.00,2단위 세번변경기준
RCEP,25,25.02,2502.00,2502.00,2단위 세번변경기준
RCEP,25,25.03,2503.00,2503.00,4단위 세번변경기준 또는 당사자에서 발생한 부가가치가 40퍼 센트 이상일 것
RCEP,25,25.04,,25.04,2단위 세번변경기준
RCEP,25,25.05,,25.05,4단위 세번변경기준
RCEP,25,25.06,,25.06,2단위 세번변경기준
RCEP,25,25.07,2507.00,2507.00,4단위 세번변경기준
RCEP,25,25.08,,25.08,4단위 세번변경기준
RCEP,25,25.09,2509.00,2509.00,4단위 세번변경기준
RCEP,25,25.10,,25.10,4단위 세번변경기준
RCEP,25,25.11,,25.11,4단위 세번변경기준
RCEP,25,25.12,2512.00,2512.00,4단위 세번변경기준
RCEP,25,25.13,,25.13,4단위 세번변경기준
RCEP,25,25.14,2514.00,2514.00,4단위 세번변경기준
RCEP,25,25.15,,25.15,4단위 세번변경기준
RCEP,25,25.16,,25.16,4단위 세번변경기준
RCEP,25,25.17,,25.17,4단위 세번변경기준
RCEP,25,25.18,,25.18,4단위 세번변경기준
RCEP,25,25.19,,25.19,4단위 세번변경기준
RCEP,25,25.20,,25.20,4단위 세번변경기준
RCEP,25,25.21,2521.00,2521.00,4단위 세번변경기준
RCEP,25,25.22,,25.22,4단위 세번변경기준
RCEP,25,25.23,,25.23,4단위 세번변경기준
RCEP,25,25.24,,25.24,4단위 세번변경기준
RCEP,25,25.25,,25.25,4단위 세번변경기준
RCEP,25,25.26,,25.26,4단위 세번변경기준
RCEP,25,25.28,2528.00,2528.00,4단위 세번변경기준
RCEP,25,25.29,,25.29,4단위 세번변경기준
RCEP,25,25.30,,25.30,4단위 세번변경기준
RCEP,26,,,26,4단위 세번변경기준
RCEP,27,27.01,,27.01,4단위 세번변경기준
RCEP,27,27.02,,27.02,4단위 세번변경기준
RCEP,27,27.03,2703.00,2703.00,4단위 세번변경기준
RCEP,27,27.04,2704.00,2704.00,4단위 세번변경기준
RCEP,27,27.05,2705.00,2705.00,4단위 세번변경기준
RCEP,27,27.06,2706.00,2706.00,4단위 세번변경기준
RCEP,27,27.07,,27.07,4단위 세번변경기준 또는 당사자에서 발생한 부가가치가 40퍼 센트 이상일 것
RCEP,27,27.08,,27.08,4단위 세번변경기준
RCEP,27,27.09,2709.00,2709.00,4단위 세번변경기준
RCEP,27,27.10,2710.12,2710.12,4단위 세번변경기준 또는 당사자에서 발생한 부가가치가 40퍼 센트 이상일 것
RCEP,27,27.10,2710.19,2710.19,4단위 세번변경기준 또는 당사자에서 발생한 부가가치가 40퍼 센트 이상일 것
RCEP,27,27.10,2710.20,2710.20,4단위 세번변경기준 또는 당사자에서 발생한 부가가치가 40퍼 센트 이상일 것
RCEP,27,27.10,2710.91,2710.91,완전생산기준
RCEP,27,27.10,2710.99,2710.99,완전생산기준
RCEP,27,27.11,,27.11,4단위 세번변경기준
RCEP,27,27.12,,27.12,4단위 세번변경기준 또는 당사자에서 발생한 부가가치가 40퍼 센트 이상일 것
RCEP,27,27.13,,27.13,4단위 세번변경기준
RCEP,27,27.14,,27.14,4단위 세번변경기준
RCEP,27,27.15,2715.00,2715.00,4단위 세번변경기준
RCEP,27,27.16,2716.00,2716.00,4단위 세번변경기준
RCEP,28,28.01,2801.10,2801.10,4단위 세번변경기준 또는 당사자에서 발생한 부가가치가 40퍼 센트 이상일 것
RCEP,28,28.01,2801.20,2801.20,6단위 세번변경기준 또는 당사자에서 발생한 부가가치가 40퍼 센트 이상일 것
RCEP,28,28.01,2801.30,2801.30,6단위 세번변경기준 또는 당사자에서 발생한 부가가치가 40퍼 센트 이상일 것
RCEP,28,28.02,2802.00,2802.00,4단위 세번변경기준 또는 당사자에서 발생한 부가가치가 40퍼 센트 이상일 것
RCEP,28,28.03,2803.00,2803.00,4단위 세번변경기준 또는 당사자에서 발생한 부가가치가 40퍼 센트 이상일 것
RCEP,28,28.04,,28.04,4단위 세번변경기준 또는 당사자에서 발생한 부가가치가 40퍼 센트 이상일 것
RCEP,28,28.05,,28.05,4단위 세번변경기준 또는 당사자에서 발생한 부가가치가 40퍼 센트 이상일 것
RCEP,28,28.06,2806.10,2806.10,4단위 세번변경기준 또는 당사자에서 발생한 부가가치가 40퍼 센트 이상일 것
RCEP,28,28.06,2806.20,2806.20,6단위 세번변경기준 또는 당사자에서 발생한 부가가치가 40퍼 센트 이상일 것
RCEP,28,28.07,2807.00,2807.00,4단위 세번변경기준 또는 당사자에서 발생한 부가가치가 40퍼 센트 이상일 것
RCEP,28,28.08,2808.00,2808.00,4단위 세번변경기준 또는 당사자에서 발생한 부가가치가 40퍼 센트 이상일 것
RCEP,28,28.09,,28.09,4단위 세번변경기준 또는 당사자에서 발생한 부가가치가 40퍼 센트 이상일 것
RCEP,28,28.10,2810.00,2810.00,4단위 세번변경기준 또는 당사자에서 발생한 부가가치가 40퍼 센트 이상일 것
RCEP,28,28.11,,28.11,6단위 세번변경기준 또는 당사자에서 발생한 부가가치가 40퍼 센트 이상일 것
RCEP,28,28.12,,28.12,4단위 세번변경기준 또는 당사자에서 발생한 부가가치가 40퍼 센트 이상일 것
RCEP,28,28.13,,28.13,4단위 세번변경기준 또는 당사자에서 발생한 부가가치가 40퍼 센트 이상일 것
RCEP,28,28.14,,28.14,4단위 세번변경기준 또는 당사자에서 발생한 부가가치가 40퍼 센트 이상일 것
RCEP,28,28.15,2815.11,2815.11,6단위 세번변경기준(소호 제2815.12호의 것은 제외한다) 또는 당사자에서 발생한 부가가치가 40퍼센트 이상일 것
RCEP,28,28.15,2815.12,2815.12,6단위 세번변경기준(소호 제2815.11호의 것은 제외한다) 또는 당사자에서 발생한 부가가치가 40퍼센트 이상일 것
RCEP,28,28.15,2815.20,2815.20,6단위 세번변경기준 또는 당사자에서 발생한 부가가치가 40퍼 센트 이상일 것
RCEP,28,28.15,2815.30,2815.30,4단위 세번변경기준 또는 당사자에서 발생한 부가가치가 40퍼 센트 이상일 것
RCEP,28,28.16,,28.16,4단위 세번변경기준 또는 당사자에서 발생한 부가가치가 40퍼 센트 이상일 것
RCEP,28,28.17,2817.00,2817.00,4단위 세번변경기준 또는 당사자에서 발생한 부가가치가 40퍼 센트 이상일 것
RCEP,28,28.18,,28.18,6단위 세번변경기준 또는 당사자에서 발생한 부가가치가 40퍼 센트 이상일 것
RCEP,28,28.19,,28.19,4단위 세번변경기준 또는 당사자에서 발생한 부가가치가 40퍼 센트 이상일 것
RCEP,28,28.20,,28.20,4단위 세번변경기준 또는 당사자에서 발생한 부가가치가 40퍼 센트 이상일 것
RCEP,28,28.21,,28.21,6단위 세번변경기준 또는 당사자에서 발생한 부가가치가 40퍼 센트 이상일 것
RCEP,28,28.22,2822.00,2822.00,4단위 세번변경기준 또는 당사자에서 발생한 부가가치가 40퍼 센트 이상일 것
RCEP,28,28.23,2823.00,2823.00,4단위 세번변경기준 또는 당사자에서 발생한 부가가치가 40퍼 센트 이상일 것
RCEP,28,28.24,,28.24,4단위 세번변경기준 또는 당사자에서 발생한 부가가치가 40퍼 센트 이상일 것
RCEP,28,28.25,,28.25,4단위 세번변경기준 또는 당사자에서 발생한 부가가치가 40퍼 센트 이상일 것
RCEP,28,28.26,2826.12,2826.12,6단위 세번변경기준 또는 당사자에서 발생한 부가가치가 40퍼 센트 이상일 것
RCEP,28,28.26,2826.19,2826.19,4단위 세번변경기준 또는 당사자에서 발생한 부가가치가 40퍼 센트 이상일 것
RCEP,28,28.26,2826.30,2826.30,6단위 세번변경기준 또는 당사자에서 발생한 부가가치가 40퍼 센트 이상일 것
RCEP,28,28.26,2826.90,2826.90,4단위 세번변경기준 또는 당사자에서 발생한 부가가치가 40퍼 센트 이상일 것
RCEP,28,28.27,2827.10,2827.10,4단위 세번변경기준 또는 당사자에서 발생한 부가가치가 40퍼 센트 이상일 것
RCEP,28,28.27,2827.20,2827.20,4단위 세번변경기준 또는 당사자에서 발생한 부가가치가 40퍼 센트 이상일 것
RCEP,28,28.27,2827.31,2827.31,6단위 세번변경기준 또는 당사자에서 발생한 부가가치가 40퍼 센트 이상일 것
RCEP,28,28.27,2827.32,2827.32,6단위 세번변경기준 또는 당사자에서 발생한 부가가치가 40퍼 센트 이상일 것
RCEP,28,28.27,2827.35,2827.35,4단위 세번변경기준 또는 당사자에서 발생한 부가가치가 40퍼 센트 이상일 것
RCEP,28,28.27,2827.39,2827.39,6단위 세번변경기준 또는 당사자에서 발생한 부가가치가 40퍼 센트 이상일 것
RCEP,28,28.27,2827.41,2827.41,4단위 세번변경기준 또는 당사자에서 발생한 부가가치가 40퍼 센트 이상일 것
RCEP,28,28.27,2827.49,2827.49,4단위 세번변경기준 또는 당사자에서 발생한 부가가치가 40퍼 센트 이상일 것
RCEP,28,28.27,2827.51,2827.51,4단위 세번변경기준 또는 당사자에서 발생한 부가가치가 40퍼 센트 이상일 것
RCEP,28,28.27,2827.59,2827.59,6단위 세번변경기준 또는 당사자에서 발생한 부가가치가 40퍼 센트 이상일 것
RCEP,28,28.27,2827.60,2827.60,6단위 세번변경기준 또는 당사자에서 발생한 부가가치가 40퍼 센트 이상일 것
RCEP,28,28.28,,28.28,4단위 세번변경기준 또는 당사자에서 발생한 부가가치가 40퍼 센트 이상일 것
RCEP,28,28.29,,28.29,4단위 세번변경기준 또는 당사자에서 발생한 부가가치가 40퍼 센트 이상일 것
RCEP,28,28.30,,28.30,4단위 세번변경기준 또는 당사자에서 발생한 부가가치가 40퍼 센트 이상일 것
RCEP,28,28.31,,28.31,4단위 세번변경기준 또는 당사자에서 발생한 부가가치가 40퍼 센트 이상일 것
RCEP,28,28.32,,28.32,4단위 세번변경기준 또는 당사자에서 발생한 부가가치가 40퍼 센트 이상일 것
RCEP,28,28.33,2833.11,2833.11,4단위 세번변경기준 또는 당사자에서 발생한 부가가치가 40퍼 센트 이상일 것
RCEP,28,28.33,2833.19,2833.19,6단위 세번변경기준 또는 당사자에서 발생한 부가가치가 40퍼 센트 이상일 것
RCEP,28,28.33,2833.21,2833.21,4단위 세번변경기준 또는 당사자에서 발생한 부가가치가 40퍼 센트 이상일 것
RCEP,28,28.33,2833.22,2833.22,4단위 세번변경기준 또는 당사자에서 발생한 부가가치가 40퍼 센트 이상일 것
RCEP,28,28.33,2833.24,2833.24,4단위 세번변경기준 또는 당사자에서 발생한 부가가치가 40퍼 센트 이상일 것
RCEP,28,28.33,2833.25,2833.25,4단위 세번변경기준 또는 당사자에서 발생한 부가가치가 40퍼 센트 이상일 것
RCEP,28,28.33,2833.27,2833.27,4단위 세번변경기준 또는 당사자에서 발생한 부가가치가 40퍼 센트 이상일 것
RCEP,28,28.33,2833.29,2833.29,4단위 세번변경기준 또는 당사자에서 발생한 부가가치가 40퍼 센트 이상일 것
RCEP,28,28.33,2833.30,2833.30,4단위 세번변경기준 또는 당사자에서 발생한 부가가치가 40퍼 센트 이상일 것
RCEP,28,28.33,2833.40,2833.40,4단위 세번변경기준 또는 당사자에서 발생한 부가가치가 40퍼 센트 이상일 것
RCEP,28,28.34,2834.10,2834.10,6단위 세번변경기준 또는 당사자에서 발생한 부가가치가 40퍼 센트 이상일 것
RCEP,28,28.34,2834.21,2834.21,6단위 세번변경기준 또는 당사자에서 발생한 부가가치가 40퍼 센트 이상일 것
RCEP,28,28.34,2834.29,2834.29,4단위 세번변경기준 또는 당사자에서 발생한 부가가치가 40퍼 센트 이상일 것
RCEP,28,28.35,2835.10,2835.10,6단위 세번변경기준 또는 당사자에서 발생한 부가가치가 40퍼 센트 이상일 것
RCEP,28,28.35,2835.22,2835.22,4단위 세번변경기준 또는 당사자에서 발생한 부가가치가 40퍼 센트 이상일 것
RCEP,28,28.35,2835.24,2835.24,4단위 세번변경기준 또는 당사자에서 발생한 부가가치가 40퍼 센트 이상일 것
RCEP,28,28.35,2835.25,2835.25,4단위 세번변경기준 또는 당사자에서 발생한 부가가치가 40퍼 센트 이상일 것
RCEP,28,28.35,2835.26,2835.26,6단위 세번변경기준 또는 당사자에서 발생한 부가가치가 40퍼 센트 이상일 것
RCEP,28,28.35,2835.29,2835.29,4단위 세번변경기준 또는 당사자에서 발생한 부가가치가 40퍼 센트 이상일 것
RCEP,28,28.35,2835.31,2835.31,4단위 세번변경기준 또는 당사자에서 발생한 부가가치가 40퍼 센트 이상일 것
RCEP,28,28.35,2835.39,2835.39,6단위 세번변경기준 또는 당사자에서 발생한 부가가치가 40퍼 센트 이상일 것
RCEP,28,28.36,2836.20,2836.20,4단위 세번변경기준 또는 당사자에서 발생한 부가가치가 40퍼 센트 이상일 것
RCEP,28,28.36,2836.30,2836.30,6단위 세번변경기준 또는 당사자에서 발생한 부가가치가 40퍼 센트 이상일 것
RCEP,28,28.36,2836.40,2836.40,4단위 세번변경기준 또는 당사자에서 발생한 부가가치가 40퍼 센트 이상일 것
RCEP,28,28.36,2836.50,2836.50,4단위 세번변경기준 또는 당사자에서 발생한 부가가치가 40퍼 센트 이상일 것
RCEP,28,28.36,2836.60,2836.60,4단위 세번변경기준 또는 당사자에서 발생한 부가가치가 40퍼 센트 이상일 것
RCEP,28,28.36,2836.91,2836.91,6단위 세번변경기준 또는 당사자에서 발생한 부가가치가 40퍼 센트 이상일 것
RCEP,28,28.36,2836.92,2836.92,4단위 세번변경기준 또는 당사자에서 발생한 부가가치가 40퍼 센트 이상일 것
RCEP,28,28.36,2836.99,2836.99,6단위 세번변경기준 또는 당사자에서 발생한 부가가치가 40퍼 센트 이상일 것
RCEP,28,28.37,,28.37,4단위 세번변경기준 또는 당사자에서 발생한 부가가치가 40퍼 센트 이상일 것
RCEP,28,28.39,2839.11,2839.11,4단위 세번변경기준 또는 당사자에서 발생한 부가가치가 40퍼 센트 이상일 것
RCEP,28,28.39,2839.19,2839.19,6단위 세번변경기준 또는 당사자에서 발생한 부가가치가 40퍼 센트 이상일 것
RCEP,28,28.39,2839.90,2839.90,4단위 세번변경기준 또는 당사자에서 발생한 부가가치가 40퍼 센트 이상일 것
RCEP,28,28.40,2840.11,2840.11,4단위 세번변경기준 또는 당사자에서 발생한 부가가치가 40퍼 센트 이상일 것
RCEP,28,28.40,2840.19,2840.19,4단위 세번변경기준 또는 당사자에서 발생한 부가가치가 40퍼 센트 이상일 것
RCEP,28,28.40,2840.20,2840.20,6단위 세번변경기준 또는 당사자에서 발생한 부가가치가 40퍼 센트 이상일 것
RCEP,28,28.40,2840.30,2840.30,4단위 세번변경기준 또는 당사자에서 발생한 부가가치가 40퍼 센트 이상일 것
RCEP,28,28.41,,28.41,4단위 세번변경기준 또는 당사자에서 발생한 부가가치가 40퍼 센트 이상일 것
RCEP,28,28.42,2842.10,2842.10,4단위 세번변경기준 또는 당사자에서 발생한 부가가치가 40퍼 센트 이상일 것
RCEP,28,28.42,2842.90,2842.90,6단위 세번변경기준 또는 당사자에서 발생한 부가가치가 40퍼 센트 이상일 것
RCEP,28,28.43,,28.43,4단위 세번변경기준 또는 당사자에서 발생한 부가가치가 40퍼 센트 이상일 것
RCEP,28,28.44,,28.44,4단위 세번변경기준 또는 당사자에서 발생한 부가가치가 40퍼 센트 이상일 것
RCEP,28,28.45,,28.45,4단위 세번변경기준 또는 당사자에서 발생한 부가가치가 40퍼 센트 이상일 것
RCEP,28,28.46,,28.46,4단위 세번변경기준 또는 당사자에서 발생한 부가가치가 40퍼 센트 이상일 것
RCEP,28,28.47,2847.00,2847.00,4단위 세번변경기준 또는 당사자에서 발생한 부가가치가 40퍼 센트 이상일 것
RCEP,28,28.49,2849.10,2849.10,6단위 세번변경기준 또는 당사자에서 발생한 부가가치가 40퍼 센트 이상일 것
RCEP,28,28.49,2849.20,2849.20,6단위 세번변경기준 또는 당사자에서 발생한 부가가치가 40퍼 센트 이상일 것
RCEP,28,28.49,2849.90,2849.90,4단위 세번변경기준 또는 당사자에서 발생한 부가가치가 40퍼 센트 이상일 것
RCEP,28,28.50,2850.00,2850.00,4단위 세번변경기준 또는 당사자에서 발생한 부가가치가 40퍼 센트 이상일 것
RCEP,28,28.52,,28.52,4단위 세번변경기준 또는 당사자에서 발생한 부가가치가 40퍼 센트 이상일 것
RCEP,28,28.53,,28.53,4단위 세번변경기준 또는 당사자에서 발생한 부가가치가 40퍼 센트 이상일 것
RCEP,29,29.01,,29.01,4단위 세번변경기준 또는 당사자에서 발생한 부가가치가 40퍼 센트 이상일 것 또는 화학반응
RCEP,29,29.02,,29.02,4단위 세번변경기준 또는 당사자에서 발생한 부가가치가 40퍼 센트 이상일 것 또는 화학반응
RCEP,29,29.03,2903.11,2903.11,4단위 세번변경기준 또는 당사자에서 발생한 부가가치가 40퍼 센트 이상일 것
RCEP,29,29.03,2903.12,2903.12,4단위 세번변경기준 또는 당사자에서 발생한 부가가치가 40퍼 센트 이상일 것
RCEP,29,29.03,2903.13,2903.13,4단위 세번변경기준 또는 당사자에서 발생한 부가가치가 40퍼 센트 이상일 것
RCEP,29,29.03,2903.14,2903.14,4단위 세번변경기준 또는 당사자에서 발생한 부가가치가 40퍼 센트 이상일 것
RCEP,29,29.03,2903.15,2903.15,6단위 세번변경기준 또는 당사자에서 발생한 부가가치가 40퍼 센트 이상일 것
RCEP,29,29.03,2903.19,2903.19,4단위 세번변경기준 또는 당사자에서 발생한 부가가치가 40퍼 센트 이상일 것
RCEP,29,29.03,2903.21,2903.21,6단위 세번변경기준 또는 당사자에서 발생한 부가가치가 40퍼 센트 이상일 것
RCEP,29,29.03,2903.22,2903.22,4단위 세번변경기준 또는 당사자에서 발생한 부가가치가 40퍼 센트 이상일 것
RCEP,29,29.03,2903.23,2903.23,4단위 세번변경기준 또는 당사자에서 발생한 부가가치가 40퍼 센트 이상일 것
RCEP,29,29.03,2903.29,2903.29,4단위 세번변경기준 또는 당사자에서 발생한 부가가치가 40퍼 센트 이상일 것
RCEP,29,29.03,2903.41,2903.41,6단위 세번변경기준 또는 당사자에서 발생한 부가가치가 40퍼 센트 이상일 것
RCEP,29,29.03,2903.42,2903.42,6단위 세번변경기준 또는 당사자에서 발생한 부가가치가 40퍼 센트 이상일 것
RCEP,29,29.03,2903.43,2903.43,6단위 세번변경기준 또는 당사자에서 발생한 부가가치가 40퍼 센트 이상일 것
RCEP,29,29.03,2903.44,2903.44,6단위 세번변경기준 또는 당사자에서 발생한 부가가치가 40퍼 센트 이상일 것
RCEP,29,29.03,2903.45,2903.45,6단위 세번변경기준 또는 당사자에서 발생한 부가가치가 40퍼 센트 이상일 것
RCEP,29,29.03,2903.46,2903.46,6단위 세번변경기준 또는 당사자에서 발생한 부가가치가 40퍼 센트 이상일 것
RCEP,29,29.03,2903.47,2903.47,6단위 세번변경기준 또는 당사자에서 발생한 부가가치가 40퍼 센트 이상일 것
RCEP,29,29.03,2903.48,2903.48,6단위 세번변경기준 또는 당사자에서 발생한 부가가치가 40퍼 센트 이상일 것
RCEP,29,29.03,2903.49,2903.49,6단위 세번변경기준 또는 당사자에서 발생한 부가가치가 40퍼 센트 이상일 것
RCEP,29,29.03,2903.51,2903.51,6단위 세번변경기준 또는 당사자에서 발생한 부가가치가 40퍼 센트 이상일 것
RCEP,29,29.03,2903.59,2903.59,6단위 세번변경기준 또는 당사자에서 발생한 부가가치가 40퍼 센트 이상일 것
RCEP,29,29.03,2903.61,2903.61,6단위 세번변경기준 또는 당사자에서 발생한 부가가치가 40퍼 센트 이상일 것
RCEP,29,29.03,2903.62,2903.62,4단위 세번변경기준 또는 당사자에서 발생한 부가가치가 40퍼 센트 이상일 것
RCEP,29,29.03,2903.69,2903.69,6단위 세번변경기준 또는 당사자에서 발생한 부가가치가 40퍼 센트 이상일 것
RCEP,29,29.03,2903.71,2903.71,4단위 세번변경기준 또는 당사자에서 발생한 부가가치가 40퍼 센트 이상일 것
RCEP,29,29.03,2903.72,2903.72,4단위 세번변경기준 또는 당사자에서 발생한 부가가치가 40퍼 센트 이상일 것
RCEP,29,29.03,2903.73,2903.73,4단위 세번변경기준 또는 당사자에서 발생한 부가가치가 40퍼 센트 이상일 것
RCEP,29,29.03,2903.74,2903.74,4단위 세번변경기준 또는 당사자에서 발생한 부가가치가 40퍼 센트 이상일 것
RCEP,29,29.03,2903.75,2903.75,4단위 세번변경기준 또는 당사자에서 발생한 부가가치가 40퍼 센트 이상일 것
RCEP,29,29.03,2903.76,2903.76,4단위 세번변경기준 또는 당사자에서 발생한 부가가치가 40퍼 센트 이상일 것
RCEP,29,29.03,2903.77,2903.77,6단위 세번변경기준 또는 당사자에서 발생한 부가가치가 40퍼 센트 이상일 것
RCEP,29,29.03,2903.78,2903.78,4단위 세번변경기준 또는 당사자에서 발생한 부가가치가 40퍼 센트 이상일 것
RCEP,29,29.03,2903.79,2903.79,6단위 세번변경기준 또는 당사자에서 발생한 부가가치가 40퍼 센트 이상일 것
RCEP,29,29.03,2903.81,2903.81,4단위 세번변경기준 또는 당사자에서 발생한 부가가치가 40퍼 센트 이상일 것
RCEP,29,29.03,2903.82,2903.82,4단위 세번변경기준 또는 당사자에서 발생한 부가가치가 40퍼 센트 이상일 것
RCEP,29,29.03,2903.83,2903.83,4단위 세번변경기준 또는 당사자에서 발생한 부가가치가 40퍼 센트 이상일 것
RCEP,29,29.03,2903.89,2903.89,4단위 세번변경기준 또는 당사자에서 발생한 부가가치가 40퍼 센트 이상일 것
RCEP,29,29.03,2903.91,2903.91,4단위 세번변경기준 또는 당사자에서 발생한 부가가치가 40퍼 센트 이상일 것
RCEP,29,29.03,2903.92,2903.92,4단위 세번변경기준 또는 당사자에서 발생한 부가가치가 40퍼 센트 이상일 것
RCEP,29,29.03,2903.93,2903.93,4단위 세번변경기준 또는 당사자에서 발생한 부가가치가 40퍼 센트 이상일 것
RCEP,29,29.03,2903.94,2903.94,4단위 세번변경기준 또는 당사자에서 발생한 부가가치가 40퍼 센트 이상일 것
RCEP,29,29.03,2903.99,2903.99,4단위 세번변경기준 또는 당사자에서 발생한 부가가치가 40퍼 센트 이상일 것
RCEP,29,29.04,,29.04,4단위 세번변경기준 또는 당사자에서 발생한 부가가치가 40퍼 센트 이상일 것
RCEP,29,29.05,2905.11,2905.11,4단위 세번변경기준 또는 당사자에서 발생한 부가가치가 40퍼 센트 이상일 것
RCEP,29,29.05,2905.12,2905.12,6단위 세번변경기준 또는 당사자에서 발생한 부가가치가 40퍼 센트 이상일 것
RCEP,29,29.05,2905.13,2905.13,4단위 세번변경기준 또는 당사자에서 발생한 부가가치가 40퍼 센트 이상일 것
RCEP,29,29.05,2905.14,2905.14,4단위 세번변경기준 또는 당사자에서 발생한 부가가치가 40퍼 센트 이상일 것
RCEP,29,29.05,2905.16,2905.16,6단위 세번변경기준 또는 당사자에서 발생한 부가가치가 40퍼 센트 이상일 것
RCEP,29,29.05,2905.17,2905.17,6단위 세번변경기준 또는 당사자에서 발생한 부가가치가 40퍼 센트 이상일 것
RCEP,29,29.05,2905.19,2905.19,4단위 세번변경기준 또는 당사자에서 발생한 부가가치가 40퍼 센트 이상일 것
RCEP,29,29.05,2905.22,2905.22,4단위 세번변경기준 또는 당사자에서 발생한 부가가치가 40퍼 센트 이상일 것
RCEP,29,29.05,2905.29,2905.29,4단위 세번변경기준 또는 당사자에서 발생한 부가가치가 40퍼 센트 이상일 것
RCEP,29,29.05,2905.31,2905.31,4단위 세번변경기준 또는 당사자에서 발생한 부가가치가 40퍼 센트 이상일 것
RCEP,29,29.05,2905.32,2905.32,6단위 세번변경기준 또는 당사자에서 발생한 부가가치가 40퍼 센트 이상일 것
RCEP,29,29.05,2905.39,2905.39,4단위 세번변경기준 또는 당사자에서 발생한 부가가치가 40퍼 센트 이상일 것
RCEP,29,29.05,2905.41,2905.41,4단위 세번변경기준 또는 당사자에서 발생한 부가가치가 40퍼 센트 이상일 것
RCEP,29,29.05,2905.42,2905.42,4단위 세번변경기준 또는 당사자에서 발생한 부가가치가 40퍼 센트 이상일 것
RCEP,29,29.05,2905.43,2905.43,4단위 세번변경기준 또는 당사자에서 발생한 부가가치가 40퍼 센트 이상일 것
RCEP,29,29.05,2905.44,2905.44,4단위 세번변경기준 또는 당사자에서 발생한 부가가치가 40퍼 센트 이상일 것
RCEP,29,29.05,2905.45,2905.45,6단위 세번변경기준 또는 당사자에서 발생한 부가가치가 40퍼 센트 이상일 것
RCEP,29,29.05,2905.49,2905.49,4단위 세번변경기준 또는 당사자에서 발생한 부가가치가 40퍼 센트 이상일 것
RCEP,29,29.05,2905.51,2905.51,4단위 세번변경기준 또는 당사자에서 발생한 부가가치가 40퍼 센트 이상일 것
RCEP,29,29.05,2905.59,2905.59,4단위 세번변경기준 또는 당사자에서 발생한 부가가치가 40퍼 센트 이상일 것
RCEP,29,29.06,,29.06,4단위 세번변경기준 또는 당사자에서 발생한 부가가치가 40퍼 센트 이상일 것
RCEP,29,29.07,,29.07,4단위 세번변경기준 또는 당사자에서 발생한 부가가치가 40퍼 센트 이상일 것 또는 화학반응
RCEP,29,29.08,,29.08,4단위 세번변경기준 또는 당사자에서 발생한 부가가치가 40퍼 센트 이상일 것
RCEP,29,29.09,2909.11,2909.11,4단위 세번변경기준 또는 당사자에서 발생한 부가가치가 40퍼 센트 이상일 것 또는 화학반응
RCEP,29,29.09,2909.19,2909.19,4단위 세번변경기준 또는 당사자에서 발생한 부가가치가 40퍼 센트 이상일 것 또는 화학반응
RCEP,29,29.09,2909.20,2909.20,4단위 세번변경기준 또는 당사자에서 발생한 부가가치가 40퍼 센트 이상일 것 또는 화학반응
RCEP,29,29.09,2909.30,2909.30,4단위 세번변경기준 또는 당사자에서 발생한 부가가치가 40퍼 센트 이상일 것 또는 화학반응
RCEP,29,29.09,2909.41,2909.41,4단위 세번변경기준 또는 당사자에서 발생한 부가가치가 40퍼 센트 이상일 것 또는 화학반응
RCEP,29,29.09,2909.43,2909.43,4단위 세번변경기준 또는 당사자에서 발생한 부가가치가 40퍼 센트 이상일 것 또는 화학반응
RCEP,29,29.09,2909.44,2909.44,4단위 세번변경기준 또는 당사자에서 발생한 부가가치가 40퍼 센트 이상일 것 또는 화학반응
RCEP,29,29.09,2909.49,2909.49,4단위 세번변경기준 또는 당사자에서 발생한 부가가치가 40퍼 센트 이상일 것 또는 화학반응
RCEP,29,29.09,2909.50,2909.50,4단위 세번변경기준 또는 당사자에서 발생한 부가가치가 40퍼 센트 이상일 것 또는 화학반응
RCEP,29,29.09,2909.60,2909.60,1. 과산화아세탈과 과산화헤미아세탈의 것: 4단위 세번변경기 준 또는 당사자에서 발생한 부가가치가 40퍼센트 이상일 것 2. 기타: 4단위 세번변경기준 또는 당사자에서 발생한 부가가치가 40퍼센트 이상일 것 또는 화학 반응
RCEP,29,29.10,2910.10,2910.10,4단위 세번변경기준 또는 당사자에서 발생한 부가가치가 40퍼 센트 이상일 것
RCEP,29,29.10,2910.20,2910.20,4단위 세번변경기준 또는 당사자에서 발생한 부가가치가 40퍼 센트 이상일 것
RCEP,29,29.10,2910.30,2910.30,4단위 세번변경기준 또는 당사자에서 발생한 부가가치가 40퍼 센트 이상일 것
RCEP,29,29.10,2910.40,2910.40,4단위 세번변경기준 또는 당사자에서 발생한 부가가치가 40퍼 센트 이상일 것
RCEP,29,29.10,2910.50,2910.50,6단위 세번변경기준 또는 당사자에서 발생한 부가가치가 40퍼 센트 이상일 것
RCEP,29,29.10,2910.90,2910.90,6단위 세번변경기준 또는 당사자에서 발생한 부가가치가 40퍼 센트 이상일 것
RCEP,29,29.11,2911.00,2911.00,4단위 세번변경기준 또는 당사자에서 발생한 부가가치가 40퍼 센트 이상일 것
RCEP,29,29.12,,29.12,4단위 세번변경기준 또는 당사자에서 발생한 부가가치가 40퍼 센트 이상일 것
RCEP,29,29.13,2913.00,2913.00,4단위 세번변경기준 또는 당사자에서 발생한 부가가치가 40퍼 센트 이상일 것
RCEP,29,29.14,,29.14,4단위 세번변경기준 또는 당사자에서 발생한 부가가치가 40퍼 센트 이상일 것 또는 화학반응
RCEP,29,29.15,2915.11,2915.11,4단위 세번변경기준 또는 당사자에서 발생한 부가가치가 40퍼 센트 이상일 것
RCEP,29,29.15,2915.12,2915.12,4단위 세번변경기준 또는 당사자에서 발생한 부가가치가 40퍼 센트 이상일 것
RCEP,29,29.15,2915.13,2915.13,4단위 세번변경기준 또는 당사자에서 발생한 부가가치가 40퍼 센트 이상일 것
RCEP,29,29.15,2915.21,2915.21,6단위 세번변경기준 또는 당사자에서 발생한 부가가치가 40퍼 센트 이상일 것
RCEP,29,29.15,2915.24,2915.24,4단위 세번변경기준 또는 당사자에서 발생한 부가가치가 40퍼 센트 이상일 것
RCEP,29,29.15,2915.29,2915.29,4단위 세번변경기준 또는 당사자에서 발생한 부가가치가 40퍼 센트 이상일 것
RCEP,29,29.15,2915.31,2915.31,6단위 세번변경기준 또는 당사자에서 발생한 부가가치가 40퍼 센트 이상일 것
RCEP,29,29.15,2915.32,2915.32,6단위 세번변경기준 또는 당사자에서 발생한 부가가치가 40퍼 센트 이상일 것
RCEP,29,29.15,2915.33,2915.33,4단위 세번변경기준 또는 당사자에서 발생한 부가가치가 40퍼 센트 이상일 것
RCEP,29,29.15,2915.36,2915.36,4단위 세번변경기준 또는 당사자에서 발생한 부가가치가 40퍼 센트 이상일 것
RCEP,29,29.15,2915.39,2915.39,6단위 세번변경기준 또는 당사자에서 발생한 부가가치가 40퍼 센트 이상일 것
RCEP,29,29.15,2915.40,2915.40,4단위 세번변경기준 또는 당사자에서 발생한 부가가치가 40퍼 센트 이상일 것
RCEP,29,29.15,2915.50,2915.50,4단위 세번변경기준 또는 당사자에서 발생한 부가가치가 40퍼 센트 이상일 것
RCEP,29,29.15,2915.60,2915.60,4단위 세번변경기준 또는 당사자에서 발생한 부가가치가 40퍼 센트 이상일 것
RCEP,29,29.15,2915.70,2915.70,6단위 세번변경기준 또는 당사자에서 발생한 부가가치가 40퍼 센트 이상일 것
RCEP,29,29.15,2915.90,2915.90,6단위 세번변경기준 또는 당사자에서 발생한 부가가치가 40퍼 센트 이상일 것
RCEP,29,29.16,2916.11,2916.11,4단위 세번변경기준 또는 당사자에서 발생한 부가가치가 40퍼 센트 이상일 것
RCEP,29,29.16,2916.12,2916.12,4단위 세번변경기준 또는 당사자에서 발생한 부가가치가 40퍼 센트 이상일 것
RCEP,29,29.16,2916.13,2916.13,4단위 세번변경기준 또는 당사자에서 발생한 부가가치가 40퍼 센트 이상일 것
RCEP,29,29.16,2916.14,2916.14,4단위 세번변경기준 또는 당사자에서 발생한 부가가치가 40퍼 센트 이상일 것
RCEP,29,29.16,2916.15,2916.15,4단위 세번변경기준 또는 당사자에서 발생한 부가가치가 40퍼 센트 이상일 것 또는 화학반응
RCEP,29,29.16,2916.16,2916.16,4단위 세번변경기준 또는 당사자에서 발생한 부가가치가 40퍼 센트 이상일 것
RCEP,29,29.16,2916.19,2916.19,6단위 세번변경기준 또는 당사자에서 발생한 부가가치가 40퍼 센트 이상일 것
RCEP,29,29.16,2916.20,2916.20,6단위 세번변경기준 또는 당사자에서 발생한 부가가치가 40퍼 센트 이상일 것
RCEP,29,29.16,2916.31,2916.31,4단위 세번변경기준 또는 당사자에서 발생한 부가가치가 40퍼 센트 이상일 것
RCEP,29,29.16,2916.32,2916.32,6단위 세번변경기준 또는 당사자에서 발생한 부가가치가 40퍼 센트 이상일 것
RCEP,29,29.16,2916.34,2916.34,4단위 세번변경기준 또는 당사자에서 발생한 부가가치가 40퍼 센트 이상일 것
RCEP,29,29.16,2916.39,2916.39,6단위 세번변경기준 또는 당사자에서 발생한 부가가치가 40퍼 센트 이상일 것
RCEP,29,29.17,2917.11,2917.11,4단위 세번변경기준 또는 당사자에서 발생한 부가가치가 40퍼 센트 이상일 것
RCEP,29,29.17,2917.12,2917.12,6단위 세번변경기준 또는 당사자에서 발생한 부가가치가 40퍼 센트 이상일 것
RCEP,29,29.17,2917.13,2917.13,4단위 세번변경기준 또는 당사자에서 발생한 부가가치가 40퍼 센트 이상일 것
RCEP,29,29.17,2917.14,2917.14,4단위 세번변경기준 또는 당사자에서 발생한 부가가치가 40퍼 센트 이상일 것
RCEP,29,29.17,2917.19,2917.19,4단위 세번변경기준 또는 당사자에서 발생한 부가가치가 40퍼 센트 이상일 것
RCEP,29,29.17,2917.20,2917.20,4단위 세번변경기준 또는 당사자에서 발생한 부가가치가 40퍼 센트 이상일 것
RCEP,29,29.17,2917.32,2917.32,4단위 세번변경기준 또는 당사자에서 발생한 부가가치가 40퍼 센트 이상일 것
RCEP,29,29.17,2917.33,2917.33,4단위 세번변경기준 또는 당사자에서 발생한 부가가치가 40퍼 센트 이상일 것
RCEP,29,29.17,2917.34,2917.34,4단위 세번변경기준 또는 당사자에서 발생한 부가가치가 40퍼 센트 이상일 것
RCEP,29,29.17,2917.35,2917.35,4단위 세번변경기준 또는 당사자에서 발생한 부가가치가 40퍼 센트 이상일 것
RCEP,29,29.17,2917.36,2917.36,6단위 세번변경기준 또는 당사자에서 발생한 부가가치가 40퍼 센트 이상일 것
RCEP,29,29.17,2917.37,2917.37,4단위 세번변경기준 또는 당사자에서 발생한 부가가치가 40퍼 센트 이상일 것
RCEP,29,29.17,2917.39,2917.39,4단위 세번변경기준 또는 당사자에서 발생한 부가가치가 40퍼 센트 이상일 것
RCEP,29,29.18,2918.11,2918.11,4단위 세번변경기준 또는 당사자에서 발생한 부가가치가 40퍼 센트 이상일 것
RCEP,29,29.18,2918.12,2918.12,6단위 세번변경기준 또는 당사자에서 발생한 부가가치가 40퍼 센트 이상일 것
RCEP,29,29.18,2918.13,2918.13,6단위 세번변경기준 또는 당사자에서 발생한 부가가치가 40퍼 센트 이상일 것
RCEP,29,29.18,2918.14,2918.14,4단위 세번변경기준 또는 당사자에서 발생한 부가가치가 40퍼 센트 이상일 것
RCEP,29,29.18,2918.15,2918.15,4단위 세번변경기준 또는 당사자에서 발생한 부가가치가 40퍼 센트 이상일 것
RCEP,29,29.18,2918.16,2918.16,4단위 세번변경기준 또는 당사자에서 발생한 부가가치가 40퍼 센트 이상일 것
RCEP,29,29.18,2918.17,2918.17,4단위 세번변경기준 또는 당사자에서 발생한 부가가치가 40퍼 센트 이상일 것
RCEP,29,29.18,2918.18,2918.18,4단위 세번변경기준 또는 당사자에서 발생한 부가가치가 40퍼 센트 이상일 것
RCEP,29,29.18,2918.19,2918.19,4단위 세번변경기준 또는 당사자에서 발생한 부가가치가 40퍼 센트 이상일 것
RCEP,29,29.18,2918.21,2918.21,4단위 세번변경기준 또는 당사자에서 발생한 부가가치가 40퍼 센트 이상일 것
RCEP,29,29.18,2918.22,2918.22,4단위 세번변경기준 또는 당사자에서 발생한 부가가치가 40퍼 센트 이상일 것
RCEP,29,29.18,2918.23,2918.23,4단위 세번변경기준 또는 당사자에서 발생한 부가가치가 40퍼 센트 이상일 것
RCEP,29,29.18,2918.29,2918.29,4단위 세번변경기준 또는 당사자에서 발생한 부가가치가 40퍼 센트 이상일 것
RCEP,29,29.18,2918.30,2918.30,4단위 세번변경기준 또는 당사자에서 발생한 부가가치가 40퍼 센트 이상일 것
RCEP,29,29.18,2918.91,2918.91,4단위 세번변경기준 또는 당사자에서 발생한 부가가치가 40퍼 센트 이상일 것
RCEP,29,29.18,2918.99,2918.99,6단위 세번변경기준 또는 당사자에서 발생한 부가가치가 40퍼 센트 이상일 것
RCEP,29,29.19,,29.19,4단위 세번변경기준 또는 당사자에서 발생한 부가가치가 40퍼 센트 이상일 것
RCEP,29,29.20,,29.20,4단위 세번변경기준 또는 당사자에서 발생한 부가가치가 40퍼 센트 이상일 것 또는 화학반응
RCEP,29,29.21,2921.11,2921.11,4단위 세번변경기준 또는 당사자에서 발생한 부가가치가 40퍼 센트 이상일 것
RCEP,29,29.21,2921.12,2921.12,4단위 세번변경기준 또는 당사자에서 발생한 부가가치가 40퍼 센트 이상일 것
RCEP,29,29.21,2921.13,2921.13,4단위 세번변경기준 또는 당사자에서 발생한 부가가치가 40퍼 센트 이상일 것
RCEP,29,29.21,2921.14,2921.14,4단위 세번변경기준 또는 당사자에서 발생한 부가가치가 40퍼 센트 이상일 것
RCEP,29,29.21,2921.19,2921.19,4단위 세번변경기준 또는 당사자에서 발생한 부가가치가 40퍼 센트 이상일 것
RCEP,29,29.21,2921.21,2921.21,4단위 세번변경기준 또는 당사자에서 발생한 부가가치가 40퍼 센트 이상일 것
RCEP,29,29.21,2921.22,2921.22,4단위 세번변경기준 또는 당사자에서 발생한 부가가치가 40퍼 센트 이상일 것
RCEP,29,29.21,2921.29,2921.29,6단위 세번변경기준 또는 당사자에서 발생한 부가가치가 40퍼 센트 이상일 것
RCEP,29,29.21,2921.30,2921.30,4단위 세번변경기준 또는 당사자에서 발생한 부가가치가 40퍼 센트 이상일 것
RCEP,29,29.21,2921.41,2921.41,4단위 세번변경기준 또는 당사자에서 발생한 부가가치가 40퍼 센트 이상일 것
RCEP,29,29.21,2921.42,2921.42,4단위 세번변경기준 또는 당사자에서 발생한 부가가치가 40퍼 센트 이상일 것
RCEP,29,29.21,2921.43,2921.43,4단위 세번변경기준 또는 당사자에서 발생한 부가가치가 40퍼 센트 이상일 것
RCEP,29,29.21,2921.44,2921.44,4단위 세번변경기준 또는 당사자에서 발생한 부가가치가 40퍼 센트 이상일 것
RCEP,29,29.21,2921.45,2921.45,4단위 세번변경기준 또는 당사자에서 발생한 부가가치가 40퍼 센트 이상일 것
RCEP,29,29.21,2921.46,2921.46,6단위 세번변경기준 또는 당사자에서 발생한 부가가치가 40퍼 센트 이상일 것
RCEP,29,29.21,2921.49,2921.49,4단위 세번변경기준 또는 당사자에서 발생한 부가가치가 40퍼 센트 이상일 것
RCEP,29,29.21,2921.51,2921.51,6단위 세번변경기준 또는 당사자에서 발생한 부가가치가 40퍼 센트 이상일 것
RCEP,29,29.21,2921.59,2921.59,4단위 세번변경기준 또는 당사자에서 발생한 부가가치가 40퍼 센트 이상일 것
RCEP,29,29.22,2922.11,2922.11,4단위 세번변경기준 또는 당사자에서 발생한 부가가치가 40퍼 센트 이상일 것
RCEP,29,29.22,2922.12,2922.12,4단위 세번변경기준 또는 당사자에서 발생한 부가가치가 40퍼 센트 이상일 것
RCEP,29,29.22,2922.14,2922.14,4단위 세번변경기준 또는 당사자에서 발생한 부가가치가 40퍼 센트 이상일 것
RCEP,29,29.22,2922.15,2922.15,4단위 세번변경기준 또는 당사자에서 발생한 부가가치가 40퍼 센트 이상일 것
RCEP,29,29.22,2922.16,2922.16,4단위 세번변경기준 또는 당사자에서 발생한 부가가치가 40퍼 센트 이상일 것
RCEP,29,29.22,2922.17,2922.17,4단위 세번변경기준 또는 당사자에서 발생한 부가가치가 40퍼 센트 이상일 것
RCEP,29,29.22,2922.18,2922.18,4단위 세번변경기준 또는 당사자에서 발생한 부가가치가 40퍼 센트 이상일 것
RCEP,29,29.22,2922.19,2922.19,4단위 세번변경기준 또는 당사자에서 발생한 부가가치가 40퍼 센트 이상일 것
RCEP,29,29.22,2922.21,2922.21,4단위 세번변경기준 또는 당사자에서 발생한 부가가치가 40퍼 센트 이상일 것
RCEP,29,29.22,2922.29,2922.29,4단위 세번변경기준 또는 당사자에서 발생한 부가가치가 40퍼 센트 이상일 것
RCEP,29,29.22,2922.31,2922.31,4단위 세번변경기준 또는 당사자에서 발생한 부가가치가 40퍼 센트 이상일 것
RCEP,29,29.22,2922.39,2922.39,4단위 세번변경기준 또는 당사자에서 발생한 부가가치가 40퍼 센트 이상일 것
RCEP,29,29.22,2922.41,2922.41,4단위 세번변경기준 또는 당사자에서 발생한 부가가치가 40퍼 센트 이상일 것
RCEP,29,29.22,2922.42,2922.42,4단위 세번변경기준 또는 당사자에서 발생한 부가가치가 40퍼 센트 이상일 것
RCEP,29,29.22,2922.43,2922.43,4단위 세번변경기준 또는 당사자에서 발생한 부가가치가 40퍼 센트 이상일 것
RCEP,29,29.22,2922.44,2922.44,4단위 세번변경기준 또는 당사자에서 발생한 부가가치가 40퍼 센트 이상일 것
RCEP,29,29.22,2922.49,2922.49,6단위 세번변경기준 또는 당사자에서 발생한 부가가치가 40퍼 센트 이상일 것
RCEP,29,29.22,2922.50,2922.50,4단위 세번변경기준 또는 당사자에서 발생한 부가가치가 40퍼 센트 이상일 것
RCEP,29,29.23,,29.23,4단위 세번변경기준 또는 당사자에서 발생한 부가가치가 40퍼 센트 이상일 것
RCEP,29,29.24,,29.24,4단위 세번변경기준 또는 당사자에서 발생한 부가가치가 40퍼 센트 이상일 것
RCEP,29,29.25,,29.25,4단위 세번변경기준 또는 당사자에서 발생한 부가가치가 40퍼 센트 이상일 것
RCEP,29,29.26,,29.26,4단위 세번변경기준 또는 당사자에서 발생한 부가가치가 40퍼 센트 이상일 것
RCEP,29,29.27,2927.00,2927.00,4단위 세번변경기준 또는 당사자에서 발생한 부가가치가 40퍼 센트 이상일 것
RCEP,29,29.28,2928.00,2928.00,4단위 세번변경기준 또는 당사자에서 발생한 부가가치가 40퍼 센트 이상일 것
RCEP,29,29.29,,29.29,6단위 세번변경기준 또는 당사자에서 발생한 부가가치가 40퍼 센트 이상일 것
RCEP,29,29.30,,29.30,4단위 세번변경기준 또는 당사자에서 발생한 부가가치가 40퍼 센트 이상일 것
RCEP,29,29.31,,29.31,4단위 세번변경기준 또는 당사자에서 발생한 부가가치가 40퍼 센트 이상일 것
RCEP,29,29.32,2932.11,2932.11,4단위 세번변경기준 또는 당사자에서 발생한 부가가치가 40퍼 센트 이상일 것
RCEP,29,29.32,2932.12,2932.12,4단위 세번변경기준 또는 당사자에서 발생한 부가가치가 40퍼 센트 이상일 것
RCEP,29,29.32,2932.13,2932.13,4단위 세번변경기준 또는 당사자에서 발생한 부가가치가 40퍼 센트 이상일 것
RCEP,29,29.32,2932.14,2932.14,4단위 세번변경기준 또는 당사자에서 발생한 부가가치가 40퍼 센트 이상일 것
RCEP,29,29.32,2932.19,2932.19,4단위 세번변경기준 또는 당사자에서 발생한 부가가치가 40퍼 센트 이상일 것
RCEP,29,29.32,2932.20,2932.20,4단위 세번변경기준 또는 당사자에서 발생한 부가가치가 40퍼 센트 이상일 것
RCEP,29,29.32,2932.91,2932.91,4단위 세번변경기준 또는 당사자에서 발생한 부가가치가 40퍼 센트 이상일 것
RCEP,29,29.32,2932.92,2932.92,4단위 세번변경기준 또는 당사자에서 발생한 부가가치가 40퍼 센트 이상일 것
RCEP,29,29.32,2932.93,2932.93,4단위 세번변경기준 또는 당사자에서 발생한 부가가치가 40퍼 센트 이상일 것
RCEP,29,29.32,2932.94,2932.94,4단위 세번변경기준 또는 당사자에서 발생한 부가가치가 40퍼 센트 이상일 것
RCEP,29,29.32,2932.95,2932.95,4단위 세번변경기준 또는 당사자에서 발생한 부가가치가 40퍼 센트 이상일 것
RCEP,29,29.32,2932.96,2932.96,6단위 세번변경기준 또는 당사자에서 발생한 부가가치가 40퍼 센트 이상일 것
RCEP,29,29.32,2932.99,2932.99,6단위 세번변경기준 또는 당사자에서 발생한 부가가치가 40퍼 센트 이상일 것
RCEP,29,29.33,2933.11,2933.11,4단위 세번변경기준 또는 당사자에서 발생한 부가가치가 40퍼 센트 이상일 것
RCEP,29,29.33,2933.19,2933.19,6단위 세번변경기준 또는 당사자에서 발생한 부가가치가 40퍼 센트 이상일 것
RCEP,29,29.33,2933.21,2933.21,4단위 세번변경기준 또는 당사자에서 발생한 부가가치가 40퍼 센트 이상일 것
RCEP,29,29.33,2933.29,2933.29,4단위 세번변경기준 또는 당사자에서 발생한 부가가치가 40퍼 센트 이상일 것
RCEP,29,29.33,2933.31,2933.31,4단위 세번변경기준 또는 당사자에서 발생한 부가가치가 40퍼 센트 이상일 것
RCEP,29,29.33,2933.32,2933.32,4단위 세번변경기준 또는 당사자에서 발생한 부가가치가 40퍼 센트 이상일 것
RCEP,29,29.33,2933.33,2933.33,4단위 세번변경기준 또는 당사자에서 발생한 부가가치가 40퍼 센트 이상일 것
RCEP,29,29.33,2933.34,2933.34,6단위 세번변경기준 또는 당사자에서 발생한 부가가치가 40퍼 센트 이상일 것
RCEP,29,29.33,2933.35,2933.35,6단위 세번변경기준 또는 당사자에서 발생한 부가가치가 40퍼 센트 이상일 것
RCEP,29,29.33,2933.36,2933.36,6단위 세번변경기준 또는 당사자에서 발생한 부가가치가 40퍼 센트 이상일 것
RCEP,29,29.33,2933.37,2933.37,6단위 세번변경기준 또는 당사자에서 발생한 부가가치가 40퍼 센트 이상일 것
RCEP,29,29.33,2933.39,2933.39,6단위 세번변경기준 또는 당사자에서 발생한 부가가치가 40퍼 센트 이상일 것
RCEP,29,29.33,2933.41,2933.41,4단위 세번변경기준 또는 당사자에서 발생한 부가가치가 40퍼 센트 이상일 것
RCEP,29,29.33,2933.49,2933.49,4단위 세번변경기준 또는 당사자에서 발생한 부가가치가 40퍼 센트 이상일 것
RCEP,29,29.33,2933.52,2933.52,4단위 세번변경기준 또는 당사자에서 발생한 부가가치가 40퍼 센트 이상일 것
RCEP,29,29.33,2933.53,2933.53,4단위 세번변경기준 또는 당사자에서 발생한 부가가치가 40퍼 센트 이상일 것
RCEP,29,29.33,2933.54,2933.54,4단위 세번변경기준 또는 당사자에서 발생한 부가가치가 40퍼 센트 이상일 것
RCEP,29,29.33,2933.55,2933.55,4단위 세번변경기준 또는 당사자에서 발생한 부가가치가 40퍼 센트 이상일 것
RCEP,29,29.33,2933.59,2933.59,6단위 세번변경기준 또는 당사자에서 발생한 부가가치가 40퍼 센트 이상일 것
RCEP,29,29.33,2933.61,2933.61,4단위 세번변경기준 또는 당사자에서 발생한 부가가치가 40퍼 센트 이상일 것
RCEP,29,29.33,2933.69,2933.69,6단위 세번변경기준 또는 당사자에서 발생한 부가가치가 40퍼 센트 이상일 것
RCEP,29,29.33,2933.71,2933.71,4단위 세번변경기준 또는 당사자에서 발생한 부가가치가 40퍼 센트 이상일 것
RCEP,29,29.33,2933.72,2933.72,4단위 세번변경기준 또는 당사자에서 발생한 부가가치가 40퍼 센트 이상일 것
RCEP,29,29.33,2933.79,2933.79,4단위 세번변경기준 또는 당사자에서 발생한 부가가치가 40퍼 센트 이상일 것
RCEP,29,29.33,2933.91,2933.91,4단위 세번변경기준 또는 당사자에서 발생한 부가가치가 40퍼 센트 이상일 것
RCEP,29,29.33,2933.92,2933.92,6단위 세번변경기준 또는 당사자에서 발생한 부가가치가 40퍼 센트 이상일 것
RCEP,29,29.33,2933.99,2933.99,6단위 세번변경기준 또는 당사자에서 발생한 부가가치가 40퍼 센트 이상일 것
RCEP,29,29.34,2934.10,2934.10,4단위 세번변경기준 또는 당사자에서 발생한 부가가치가 40퍼 센트 이상일 것
RCEP,29,29.34,2934.20,2934.20,6단위 세번변경기준 또는 당사자에서 발생한 부가가치가 40퍼 센트 이상일 것
RCEP,29,29.34,2934.30,2934.30,4단위 세번변경기준 또는 당사자에서 발생한 부가가치가 40퍼 센트 이상일 것
RCEP,29,29.34,2934.91,2934.91,4단위 세번변경기준 또는 당사자에서 발생한 부가가치가 40퍼 센트 이상일 것
RCEP,29,29.34,2934.92,2934.92,4단위 세번변경기준 또는 당사자에서 발생한 부가가치가 40퍼 센트 이상일 것
RCEP,29,29.34,2934.99,2934.99,4단위 세번변경기준 또는 당사자에서 발생한 부가가치가 40퍼 센트 이상일 것
RCEP,29,29.35,,29.35,4단위 세번변경기준 또는 당사자에서 발생한 부가가치가 40퍼 센트 이상일 것
RCEP,29,29.36,,29.36,6단위 세번변경기준 또는 당사자에서 발생한 부가가치가 40퍼 센트 이상일 것
RCEP,29,29.37,,29.37,4단위 세번변경기준 또는 당사자에서 발생한 부가가치가 40퍼 센트 이상일 것
RCEP,29,29.38,,29.38,4단위 세번변경기준 또는 당사자에서 발생한 부가가치가 40퍼 센트 이상일 것
RCEP,29,29.39,,29.39,4단위 세번변경기준 또는 당사자에서 발생한 부가가치가 40퍼 센트 이상일 것
RCEP,29,29.40,2940.00,2940.00,4단위 세번변경기준 또는 당사자에서 발생한 부가가치가 40퍼 센트 이상일 것
RCEP,29,29.41,,29.41,4단위 세번변경기준 또는 당사자에서 발생한 부가가치가 40퍼 센트 이상일 것
RCEP,29,29.42,2942.00,2942.00,4단위 세번변경기준 또는 당사자에서 발생한 부가가치가 40퍼 센트 이상일 것
RCEP,30,30.01,,30.01,4단위 세번변경기준 또는 당사자에서 발생한 부가가치가 40퍼 센트 이상일 것
RCEP,30,30.02,,30.02,4단위 세번변경기준 또는 당사자에서 발생한 부가가치가 40퍼 센트 이상일 것
RCEP,30,30.03,,30.03,4단위 세번변경기준 또는 당사자에서 발생한 부가가치가 40퍼 센트 이상일 것
RCEP,30,30.04,,30.04,4단위 세번변경기준 또는 당사자에서 발생한 부가가치가 40퍼 센트 이상일 것
RCEP,30,30.05,,30.05,4단위 세번변경기준 또는 당사자에서 발생한 부가가치가 40퍼 센트 이상일 것
RCEP,30,30.06,3006.10,3006.10,4단위 세번변경기준 또는 당사자에서 발생한 부가가치가 40퍼 센트 이상일 것
RCEP,30,30.06,3006.30,3006.30,4단위 세번변경기준 또는 당사자에서 발생한 부가가치가 40퍼 센트 이상일 것
RCEP,30,30.06,3006.40,3006.40,4단위 세번변경기준 또는 당사자에서 발생한 부가가치가 40퍼 센트 이상일 것
RCEP,30,30.06,3006.50,3006.50,4단위 세번변경기준 또는 당사자에서 발생한 부가가치가 40퍼 센트 이상일 것
RCEP,30,30.06,3006.60,3006.60,4단위 세번변경기준 또는 당사자에서 발생한 부가가치가 40퍼 센트 이상일 것
RCEP,30,30.06,3006.70,3006.70,4단위 세번변경기준 또는 당사자에서 발생한 부가가치가 40퍼 센트 이상일 것
RCEP,30,30.06,3006.91,3006.91,4단위 세번변경기준 또는 당사자에서 발생한 부가가치가 40퍼 센트 이상일 것
RCEP,30,30.06,3006.92,3006.92,완전생산기준
RCEP,30,30.06,3006.93,3006.93,4단위 세번변경기준 또는 당사자에서 발생한 부가가치가 40퍼 센트 이상일 것
RCEP,31,31.01,3101.00,3101.00,4단위 세번변경기준 또는 당사자에서 발생한 부가가치가 40퍼 센트 이상일 것
RCEP,31,31.02,,31.02,4단위 세번변경기준 또는 당사자에서 발생한 부가가치가 40퍼 센트 이상일 것
RCEP,31,31.03,,31.03,4단위 세번변경기준 또는 당사자에서 발생한 부가가치가 40퍼 센트 이상일 것
RCEP,31,31.04,,31.04,4단위 세번변경기준 또는 당사자에서 발생한 부가가치가 40퍼 센트 이상일 것
RCEP,31,31.05,,31.05,4단위 세번변경기준(제3102호부터 제3104호까지의 것은 제외 한다) 또는 당사자에서 발생한 부가가치가 40퍼센트 이상일 것
RCEP,32,32.01,,32.01,4단위 세번변경기준 또는 당사자에서 발생한 부가가치가 40퍼 센트 이상일 것
RCEP,32,32.02,3202.10,3202.10,4단위 세번변경기준 또는 당사자에서 발생한 부가가치가 40퍼 센트 이상일 것
RCEP,32,32.02,3202.90,3202.90,6단위 세번변경기준 또는 당사자에서 발생한 부가가치가 40퍼 센트 이상일 것
RCEP,32,32.03,3203.00,3203.00,4단위 세번변경기준 또는 당사자에서 발생한 부가가치가 40퍼 센트 이상일 것
RCEP,32,32.04,,32.04,6단위 세번변경기준 또는 당사자에서 발생한 부가가치가 40퍼 센트 이상일 것
RCEP,32,32.05,3205.00,3205.00,4단위 세번변경기준 또는 당사자에서 발생한 부가가치가 40퍼 센트 이상일 것
RCEP,32,32.06,3206.11,3206.11,6단위 세번변경기준(소호 제3206.19호의 것은 제외한다) 또는 당사자에서 발생한 부가가치가 40퍼센트 이상일 것
RCEP,32,32.06,3206.19,3206.19,6단위 세번변경기준(소호 제3206.11호의 것은 제외한다) 또는 당사자에서 발생한 부가가치가 40퍼센트 이상일 것
RCEP,32,32.06,3206.20,3206.20,6단위 세번변경기준 또는 당사자에서 발생한 부가가치가 40퍼 센트 이상일 것
RCEP,32,32.06,3206.41,3206.41,6단위 세번변경기준 또는 당사자에서 발생한 부가가치가 40퍼 센트 이상일 것
RCEP,32,32.06,3206.42,3206.42,6단위 세번변경기준 또는 당사자에서 발생한 부가가치가 40퍼 센트 이상일 것
RCEP,32,32.06,3206.49,3206.49,6단위 세번변경기준 또는 당사자에서 발생한 부가가치가 40퍼 센트 이상일 것
RCEP,32,32.06,3206.50,3206.50,4단위 세번변경기준 또는 당사자에서 발생한 부가가치가 40퍼 센트 이상일 것
RCEP,32,32.07,,32.07,4단위 세번변경기준 또는 당사자에서 발생한 부가가치가 40퍼 센트 이상일 것
RCEP,32,32.08,,32.08,4단위 세번변경기준 또는 당사자에서 발생한 부가가치가 40퍼 센트 이상일 것
RCEP,32,32.09,,32.09,4단위 세번변경기준 또는 당사자에서 발생한 부가가치가 40퍼 센트 이상일 것
RCEP,32,32.10,3210.00,3210.00,4단위 세번변경기준 또는 당사자에서 발생한 부가가치가 40퍼 센트 이상일 것
RCEP,32,32.11,3211.00,3211.00,4단위 세번변경기준 또는 당사자에서 발생한 부가가치가 40퍼 센트 이상일 것
RCEP,32,32.12,,32.12,4단위 세번변경기준 또는 당사자에서 발생한 부가가치가 40퍼 센트 이상일 것
RCEP,32,32.13,,32.13,4단위 세번변경기준 또는 당사자에서 발생한 부가가치가 40퍼 센트 이상일 것
RCEP,32,32.14,,32.14,4단위 세번변경기준 또는 당사자에서 발생한 부가가치가 40퍼 센트 이상일 것
RCEP,32,32.15,,32.15,4단위 세번변경기준 또는 당사자에서 발생한 부가가치가 40퍼 센트 이상일 것
RCEP,33,,,33,4단위 세번변경기준 또는 당사자에서 발생한 부가가치가 40퍼 센트 이상일 것
RCEP,34,34.01,,34.01,4단위 세번변경기준 또는 당사자에서 발생한 부가가치가 40퍼 센트 이상일 것
RCEP,34,34.02,3402.31,3402.31,6단위 세번변경기준 또는 당사자에서 발생한 부가가치가 40퍼 센트 이상일 것
RCEP,34,34.02,3402.39,3402.39,6단위 세번변경기준 또는 당사자에서 발생한 부가가치가 40퍼 센트 이상일 것
RCEP,34,34.02,3402.41,3402.41,6단위 세번변경기준 또는 당사자에서 발생한 부가가치가 40퍼 센트 이상일 것
RCEP,34,34.02,3402.42,3402.42,4단위 세번변경기준 또는 당사자에서 발생한 부가가치가 40퍼 센트 이상일 것
RCEP,34,34.02,3402.49,3402.49,6단위 세번변경기준 또는 당사자에서 발생한 부가가치가 40퍼 센트 이상일 것
RCEP,34,34.02,3402.50,3402.50,4단위 세번변경기준 또는 당사자에서 발생한 부가가치가 40퍼 센트 이상일 것
RCEP,34,34.02,3402.90,3402.90,4단위 세번변경기준 또는 당사자에서 발생한 부가가치가 40퍼 센트 이상일 것
RCEP,34,34.03,,34.03,4단위 세번변경기준 또는 당사자에서 발생한 부가가치가 40퍼 센트 이상일 것
RCEP,34,34.04,,34.04,4단위 세번변경기준 또는 당사자에서 발생한 부가가치가 40퍼 센트 이상일 것
RCEP,34,34.05,,34.05,4단위 세번변경기준 또는 당사자에서 발생한 부가가치가 40퍼 센트 이상일 것
RCEP,34,34.06,3406.00,3406.00,4단위 세번변경기준 또는 당사자에서 발생한 부가가치가 40퍼 센트 이상일 것
RCEP,34,34.07,3407.00,3407.00,4단위 세번변경기준 또는 당사자에서 발생한 부가가치가 40퍼 센트 이상일 것
RCEP,35,35.01,,35.01,6단위 세번변경기준 또는 당사자에서 발생한 부가가치가 40퍼 센트 이상일 것
RCEP,35,35.02,,35.02,6단위 세번변경기준 또는 당사자에서 발생한 부가가치가 40퍼 센트 이상일 것
RCEP,35,35.03,3503.00,3503.00,4단위 세번변경기준 또는 당사자에서 발생한 부가가치가 40퍼 센트 이상일 것
RCEP,35,35.04,3504.00,3504.00,4단위 세번변경기준 또는 당사자에서 발생한 부가가치가 40퍼 센트 이상일 것
RCEP,35,35.05,3505.10,3505.10,4단위 세번변경기준 또는 당사자에서 발생한 부가가치가 40퍼 센트 이상일 것
RCEP,35,35.05,3505.20,3505.20,6단위 세번변경기준 또는 당사자에서 발생한 부가가치가 40퍼 센트 이상일 것
RCEP,35,35.06,,35.06,4단위 세번변경기준 또는 당사자에서 발생한 부가가치가 40퍼 센트 이상일 것
RCEP,35,35.07,,35.07,4단위 세번변경기준 또는 당사자에서 발생한 부가가치가 40퍼 센트 이상일 것
RCEP,36,,,36,4단위 세번변경기준 또는 당사자에서 발생한 부가가치가 40퍼 센트 이상일 것
RCEP,37,,,37,4단위 세번변경기준 또는 당사자에서 발생한 부가가치가 40퍼 센트 이상일 것
RCEP,38,38.01,,38.01,4단위 세번변경기준 또는 당사자에서 발생한 부가가치가 40퍼 센트 이상일 것
RCEP,38,38.02,,38.02,4단위 세번변경기준 또는 당사자에서 발생한 부가가치가 40퍼 센트 이상일 것
RCEP,38,38.03,3803.00,3803.00,4단위 세번변경기준 또는 당사자에서 발생한 부가가치가 40퍼 센트 이상일 것
RCEP,38,38.04,3804.00,3804.00,4단위 세번변경기준 또는 당사자에서 발생한 부가가치가 40퍼 센트 이상일 것
RCEP,38,38.05,,38.05,4단위 세번변경기준 또는 당사자에서 발생한 부가가치가 40퍼 센트 이상일 것
RCEP,38,38.06,,38.06,4단위 세번변경기준 또는 당사자에서 발생한 부가가치가 40퍼 센트 이상일 것
RCEP,38,38.07,3807.00,3807.00,4단위 세번변경기준 또는 당사자에서 발생한 부가가치가 40퍼 센트 이상일 것
RCEP,38,38.08,,38.08,"6단위 세번변경기준(다만, 유효성분(들)의 전 중량의 100분의 50 이상이 원산지제품인 경우로 한정한다) 또는 당사자에서 발생한 부가가치가 40퍼센트 이상일 것"
RCEP,38,38.09,,38.09,4단위 세번변경기준 또는 당사자에서 발생한 부가가치가 40퍼 센트 이상일 것
RCEP,38,38.10,,38.10,4단위 세번변경기준 또는 당사자에서 발생한 부가가치가 40퍼 센트 이상일 것
RCEP,38,38.11,,38.11,4단위 세번변경기준 또는 당사자에서 발생한 부가가치가 40퍼 센트 이상일 것 또는 화학반응
RCEP,38,38.12,,38.12,4단위 세번변경기준 또는 당사자에서 발생한 부가가치가 40퍼 센트 이상일 것
RCEP,38,38.13,3813.00,3813.00,4단위 세번변경기준 또는 당사자에서 발생한 부가가치가 40퍼 센트 이상일 것
RCEP,38,38.14,3814.00,3814.00,4단위 세번변경기준 또는 당사자에서 발생한 부가가치가 40퍼 센트 이상일 것
RCEP,38,38.15,,38.15,4단위 세번변경기준 또는 당사자에서 발생한 부가가치가 40퍼 센트 이상일 것
RCEP,38,38.16,3816.00,3816.00,4단위 세번변경기준 또는 당사자에서 발생한 부가가치가 40퍼 센트 이상일 것
RCEP,38,38.17,3817.00,3817.00,4단위 세번변경기준 또는 당사자에서 발생한 부가가치가 40퍼 센트 이상일 것
RCEP,38,38.18,3818.00,3818.00,4단위 세번변경기준 또는 당사자에서 발생한 부가가치가 40퍼 센트 이상일 것
RCEP,38,38.19,3819.00,3819.00,4단위 세번변경기준 또는 당사자에서 발생한 부가가치가 40퍼 센트 이상일 것
RCEP,38,38.20,3820.00,3820.00,4단위 세번변경기준 또는 당사자에서 발생한 부가가치가 40퍼 센트 이상일 것
RCEP,38,38.21,3821.00,3821.00,4단위 세번변경기준 또는 당사자에서 발생한 부가가치가 40퍼 센트 이상일 것
RCEP,38,38.22,,38.22,4단위 세번변경기준 또는 당사자에서 발생한 부가가치가 40퍼 센트 이상일 것
RCEP,38,38.23,,38.23,4단위 세번변경기준 또는 당사자에서 발생한 부가가치가 40퍼 센트 이상일 것
RCEP,38,38.24,,38.24,4단위 세번변경기준 또는 당사자에서 발생한 부가가치가 40퍼 센트 이상일 것 또는 화학반응
RCEP,38,38.25,,38.25,완전생산기준
RCEP,38,38.26,3826.00,3826.00,4단위 세번변경기준 또는 당사자에서 발생한 부가가치가 40퍼 센트 이상일 것
RCEP,38,38.27,,38.27,4단위 세번변경기준 또는 당사자에서 발생한 부가가치가 40퍼 센트 이상일 것 또는 화학반응
RCEP,39,39.01,,39.01,4단위 세번변경기준 또는 당사자에서 발생한 부가가치가 40퍼 센트 이상일 것
RCEP,39,39.02,,39.02,4단위 세번변경기준 또는 당사자에서 발생한 부가가치가 40퍼 센트 이상일 것
RCEP,39,39.03,,39.03,4단위 세번변경기준 또는 당사자에서 발생한 부가가치가 40퍼 센트 이상일 것
RCEP,39,39.04,,39.04,4단위 세번변경기준 또는 당사자에서 발생한 부가가치가 40퍼 센트 이상일 것
RCEP,39,39.05,,39.05,4단위 세번변경기준 또는 당사자에서 발생한 부가가치가 40퍼 센트 이상일 것
RCEP,39,39.06,,39.06,4단위 세번변경기준 또는 당사자에서 발생한 부가가치가 40퍼 센트 이상일 것
RCEP,39,39.07,,39.07,4단위 세번변경기준 또는 당사자에서 발생한 부가가치가 40퍼 센트 이상일 것
RCEP,39,39.08,,39.08,4단위 세번변경기준 또는 당사자에서 발생한 부가가치가 40퍼 센트 이상일 것
RCEP,39,39.09,,39.09,4단위 세번변경기준 또는 당사자에서 발생한 부가가치가 40퍼 센트 이상일 것
RCEP,39,39.10,3910.00,3910.00,4단위 세번변경기준 또는 당사자에서 발생한 부가가치가 40퍼 센트 이상일 것
RCEP,39,39.11,,39.11,4단위 세번변경기준 또는 당사자에서 발생한 부가가치가 40퍼 센트 이상일 것
RCEP,39,39.12,,39.12,4단위 세번변경기준 또는 당사자에서 발생한 부가가치가 40퍼 센트 이상일 것
RCEP,39,39.13,,39.13,4단위 세번변경기준 또는 당사자에서 발생한 부가가치가 40퍼 센트 이상일 것
RCEP,39,39.14,3914.00,3914.00,4단위 세번변경기준 또는 당사자에서 발생한 부가가치가 40퍼 센트 이상일 것
RCEP,39,39.15,,39.15,4단위 세번변경기준
RCEP,39,39.16,,39.16,4단위 세번변경기준 또는 당사자에서 발생한 부가가치가 40퍼 센트 이상일 것
RCEP,39,39.17,,39.17,4단위 세번변경기준 또는 당사자에서 발생한 부가가치가 40퍼 센트 이상일 것
RCEP,39,39.18,,39.18,4단위 세번변경기준 또는 당사자에서 발생한 부가가치가 40퍼 센트 이상일 것
RCEP,39,39.19,,39.19,4단위 세번변경기준 또는 당사자에서 발생한 부가가치가 40퍼 센트 이상일 것
RCEP,39,39.20,,39.20,4단위 세번변경기준 또는 당사자에서 발생한 부가가치가 40퍼 센트 이상일 것
RCEP,39,39.21,,39.21,4단위 세번변경기준 또는 당사자에서 발생한 부가가치가 40퍼 센트 이상일 것
RCEP,39,39.22,,39.22,4단위 세번변경기준 또는 당사자에서 발생한 부가가치가 40퍼 센트 이상일 것
RCEP,39,39.23,,39.23,4단위 세번변경기준 또는 당사자에서 발생한 부가가치가 40퍼 센트 이상일 것
RCEP,39,39.24,,39.24,4단위 세번변경기준 또는 당사자에서 발생한 부가가치가 40퍼 센트 이상일 것
RCEP,39,39.25,,39.25,4단위 세번변경기준 또는 당사자에서 발생한 부가가치가 40퍼 센트 이상일 것
RCEP,39,39.26,,39.26,4단위 세번변경기준 또는 당사자에서 발생한 부가가치가 40퍼 센트 이상일 것
RCEP,40,40.01,,40.01,2단위 세번변경기준
RCEP,40,40.02,,40.02,4단위 세번변경기준 또는 당사자에서 발생한 부가가치가 40퍼 센트 이상일 것
RCEP,40,40.03,4003.00,4003.00,4단위 세번변경기준 또는 당사자에서 발생한 부가가치가 40퍼 센트 이상일 것
RCEP,40,40.04,4004.00,4004.00,4단위 세번변경기준
RCEP,40,40.05,,40.05,4단위 세번변경기준 또는 당사자에서 발생한 부가가치가 40퍼 센트 이상일 것
RCEP,40,40.06,,40.06,4단위 세번변경기준 또는 당사자에서 발생한 부가가치가 40퍼 센트 이상일 것
RCEP,40,40.07,4007.00,4007.00,4단위 세번변경기준 또는 당사자에서 발생한 부가가치가 40퍼 센트 이상일 것
RCEP,40,40.08,,40.08,4단위 세번변경기준 또는 당사자에서 발생한 부가가치가 40퍼 센트 이상일 것
RCEP,40,40.09,,40.09,4단위 세번변경기준 또는 당사자에서 발생한 부가가치가 40퍼 센트 이상일 것
RCEP,40,40.10,,40.10,4단위 세번변경기준 또는 당사자에서 발생한 부가가치가 40퍼 센트 이상일 것
RCEP,40,40.11,,40.11,4단위 세번변경기준 또는 당사자에서 발생한 부가가치가 40퍼 센트 이상일 것
RCEP,40,40.12,,40.12,4단위 세번변경기준 또는 당사자에서 발생한 부가가치가 40퍼 센트 이상일 것
RCEP,40,40.13,,40.13,4단위 세번변경기준 또는 당사자에서 발생한 부가가치가 40퍼 센트 이상일 것
RCEP,40,40.14,,40.14,4단위 세번변경기준 또는 당사자에서 발생한 부가가치가 40퍼 센트 이상일 것
RCEP,40,40.15,,40.15,4단위 세번변경기준 또는 당사자에서 발생한 부가가치가 40퍼 센트 이상일 것
RCEP,40,40.16,,40.16,4단위 세번변경기준 또는 당사자에서 발생한 부가가치가 40퍼 센트 이상일 것
RCEP,40,40.17,4017.00,4017.00,4단위 세번변경기준 또는 당사자에서 발생한 부가가치가 40퍼 센트 이상일 것
RCEP,41,41.01,,41.01,2단위 세번변경기준 또는 당사자에서 발생한 부가가치가 40퍼 센트 이상일 것
RCEP,41,41.02,,41.02,2단위 세번변경기준 또는 당사자에서 발생한 부가가치가 40퍼 센트 이상일 것
RCEP,41,41.03,,41.03,2단위 세번변경기준 또는 당사자에서 발생한 부가가치가 40퍼 센트 이상일 것
RCEP,41,41.04,,41.04,4단위 세번변경기준 또는 당사자에서 발생한 부가가치가 40퍼 센트 이상일 것
RCEP,41,41.05,,41.05,4단위 세번변경기준 또는 당사자에서 발생한 부가가치가 40퍼 센트 이상일 것
RCEP,41,41.06,,41.06,4단위 세번변경기준 또는 당사자에서 발생한 부가가치가 40퍼 센트 이상일 것
RCEP,41,41.07,,41.07,4단위 세번변경기준 또는 당사자에서 발생한 부가가치가 40퍼 센트 이상일 것
RCEP,41,41.12,4112.00,4112.00,4단위 세번변경기준 또는 당사자에서 발생한 부가가치가 40퍼 센트 이상일 것
RCEP,41,41.13,,41.13,4단위 세번변경기준 또는 당사자에서 발생한 부가가치가 40퍼 센트 이상일 것
RCEP,41,41.14,,41.14,4단위 세번변경기준 또는 당사자에서 발생한 부가가치가 40퍼 센트 이상일 것
RCEP,41,41.15,,41.15,4단위 세번변경기준 또는 당사자에서 발생한 부가가치가 40퍼 센트 이상일 것
RCEP,42,,,42,2단위 세번변경기준 또는 당사자에서 발생한 부가가치가 40퍼 센트 이상일 것
RCEP,43,43.01,,43.01,2단위 세번변경기준 또는 당사자에서 발생한 부가가치가 40퍼 센트 이상일 것
RCEP,43,43.02,,43.02,4단위 세번변경기준 또는 당사자에서 발생한 부가가치가 40퍼 센트 이상일 것
RCEP,43,43.03,,43.03,4단위 세번변경기준 또는 당사자에서 발생한 부가가치가 40퍼 센트 이상일 것
RCEP,43,43.04,4304.00,4304.00,4단위 세번변경기준 또는 당사자에서 발생한 부가가치가 40퍼 센트 이상일 것
RCEP,44,44.01,,44.01,4단위 세번변경기준 또는 당사자에서 발생한 부가가치가 40퍼 센트 이상일 것
RCEP,44,44.02,,44.02,4단위 세번변경기준 또는 당사자에서 발생한 부가가치가 40퍼 센트 이상일 것
RCEP,44,44.03,,44.03,4단위 세번변경기준 또는 당사자에서 발생한 부가가치가 40퍼 센트 이상일 것
RCEP,44,44.04,,44.04,4단위 세번변경기준 또는 당사자에서 발생한 부가가치가 40퍼 센트 이상일 것
RCEP,44,44.05,4405.00,4405.00,4단위 세번변경기준 또는 당사자에서 발생한 부가가치가 40퍼 센트 이상일 것
RCEP,44,44.06,,44.06,4단위 세번변경기준 또는 당사자에서 발생한 부가가치가 40퍼 센트 이상일 것
RCEP,44,44.07,,44.07,4단위 세번변경기준 또는 당사자에서 발생한 부가가치가 40퍼 센트 이상일 것
RCEP,44,44.08,,44.08,4단위 세번변경기준 또는 당사자에서 발생한 부가가치가 40퍼 센트 이상일 것
RCEP,44,44.09,,44.09,4단위 세번변경기준 또는 당사자에서 발생한 부가가치가 40퍼 센트 이상일 것
RCEP,44,44.10,,44.10,4단위 세번변경기준
RCEP,44,44.11,,44.11,4단위 세번변경기준
RCEP,44,44.12,,44.12,4단위 세번변경기준
RCEP,44,44.13,4413.00,4413.00,4단위 세번변경기준 또는 당사자에서 발생한 부가가치가 40퍼 센트 이상일 것
RCEP,44,44.14,,44.14,4단위 세번변경기준 또는 당사자에서 발생한 부가가치가 40퍼 센트 이상일 것
RCEP,44,44.15,,44.15,4단위 세번변경기준 또는 당사자에서 발생한 부가가치가 40퍼 센트 이상일 것
RCEP,44,44.16,4416.00,4416.00,4단위 세번변경기준 또는 당사자에서 발생한 부가가치가 40퍼 센트 이상일 것
RCEP,44,44.17,4417.00,4417.00,4단위 세번변경기준 또는 당사자에서 발생한 부가가치가 40퍼 센트 이상일 것
RCEP,44,44.18,,44.18,4단위 세번변경기준 또는 당사자에서 발생한 부가가치가 40퍼 센트 이상일 것
RCEP,44,44.19,,44.19,4단위 세번변경기준 또는 당사자에서 발생한 부가가치가 40퍼 센트 이상일 것
RCEP,44,44.20,,44.20,4단위 세번변경기준 또는 당사자에서 발생한 부가가치가 40퍼 센트 이상일 것
RCEP,44,44.21,,44.21,4단위 세번변경기준 또는 당사자에서 발생한 부가가치가 40퍼 센트 이상일 것
RCEP,45,,,45,4단위 세번변경기준 또는 당사자에서 발생한 부가가치가 40퍼 센트 이상일 것
RCEP,46,46.01,4601.21,4601.21,4단위 세번변경기준 또는 당사자에서 발생한 부가가치가 40퍼 센트 이상일 것
RCEP,46,46.01,4601.22,4601.22,4단위 세번변경기준 또는 당사자에서 발생한 부가가치가 40퍼 센트 이상일 것
RCEP,46,46.01,4601.29,4601.29,4단위 세번변경기준(제1401호의 것은 제외한다) 또는 당사자 에서 발생한 부가가치가 40퍼센트 이상일 것
RCEP,46,46.01,4601.92,4601.92,4단위 세번변경기준 또는 당사자에서 발생한 부가가치가 40퍼 센트 이상일 것
RCEP,46,46.01,4601.93,4601.93,4단위 세번변경기준 또는 당사자에서 발생한 부가가치가 40퍼 센트 이상일 것
RCEP,46,46.01,4601.94,4601.94,4단위 세번변경기준(제1401호의 것은 제외한다) 또는 당사자 에서 발생한 부가가치가 40퍼센트 이상일 것
RCEP,46,46.01,4601.99,4601.99,4단위 세번변경기준 또는 당사자에서 발생한 부가가치가 40퍼 센트 이상일 것
RCEP,46,46.02,4602.11,4602.11,4단위 세번변경기준 또는 당사자에서 발생한 부가가치가 40퍼 센트 이상일 것
RCEP,46,46.02,4602.12,4602.12,4단위 세번변경기준 또는 당사자에서 발생한 부가가치가 40퍼 센트 이상일 것
RCEP,46,46.02,4602.19,4602.19,4단위 세번변경기준(제1401호의 것은 제외한다) 또는 당사자 에서 발생한 부가가치가 40퍼센트 이상일 것
RCEP,46,46.02,4602.90,4602.90,4단위 세번변경기준 또는 당사자에서 발생한 부가가치가 40퍼 센트 이상일 것
RCEP,47,47.01,4701.00,4701.00,4단위 세번변경기준 또는 당사자에서 발생한 부가가치가 40퍼 센트 이상일 것
RCEP,47,47.02,4702.00,4702.00,4단위 세번변경기준 또는 당사자에서 발생한 부가가치가 40퍼 센트 이상일 것
RCEP,47,47.03,,47.03,4단위 세번변경기준 또는 당사자에서 발생한 부가가치가 40퍼 센트 이상일 것
RCEP,47,47.04,,47.04,4단위 세번변경기준 또는 당사자에서 발생한 부가가치가 40퍼 센트 이상일 것
RCEP,47,47.05,4705.00,4705.00,4단위 세번변경기준 또는 당사자에서 발생한 부가가치가 40퍼 센트 이상일 것
RCEP,47,47.06,,47.06,4단위 세번변경기준 또는 당사자에서 발생한 부가가치가 40퍼 센트 이상일 것
RCEP,47,47.07,,47.07,완전생산기준
RCEP,48,48.01,4801.00,4801.00,2단위 세번변경기준 또는 당사자에서 발생한 부가가치가 40퍼 센트 이상일 것
RCEP,48,48.02,,48.02,2단위 세번변경기준 또는 당사자에서 발생한 부가가치가 40퍼 센트 이상일 것
RCEP,48,48.03,4803.00,4803.00,4단위 세번변경기준 또는 당사자에서 발생한 부가가치가 40퍼 센트 이상일 것
RCEP,48,48.04,4804.11,4804.11,4단위 세번변경기준 또는 당사자에서 발생한 부가가치가 40퍼 센트 이상일 것
RCEP,48,48.04,4804.19,4804.19,2단위 세번변경기준 또는 당사자에서 발생한 부가가치가 40퍼 센트 이상일 것
RCEP,48,48.04,4804.21,4804.21,2단위 세번변경기준 또는 당사자에서 발생한 부가가치가 40퍼 센트 이상일 것
RCEP,48,48.04,4804.29,4804.29,2단위 세번변경기준 또는 당사자에서 발생한 부가가치가 40퍼 센트 이상일 것
RCEP,48,48.04,4804.31,4804.31,2단위 세번변경기준 또는 당사자에서 발생한 부가가치가 40퍼 센트 이상일 것
RCEP,48,48.04,4804.39,4804.39,2단위 세번변경기준 또는 당사자에서 발생한 부가가치가 40퍼 센트 이상일 것
RCEP,48,48.04,4804.41,4804.41,2단위 세번변경기준 또는 당사자에서 발생한 부가가치가 40퍼 센트 이상일 것
RCEP,48,48.04,4804.42,4804.42,2단위 세번변경기준 또는 당사자에서 발생한 부가가치가 40퍼 센트 이상일 것
RCEP,48,48.04,4804.49,4804.49,2단위 세번변경기준 또는 당사자에서 발생한 부가가치가 40퍼 센트 이상일 것
RCEP,48,48.04,4804.51,4804.51,2단위 세번변경기준 또는 당사자에서 발생한 부가가치가 40퍼 센트 이상일 것
RCEP,48,48.04,4804.52,4804.52,2단위 세번변경기준 또는 당사자에서 발생한 부가가치가 40퍼 센트 이상일 것
RCEP,48,48.04,4804.59,4804.59,2단위 세번변경기준 또는 당사자에서 발생한 부가가치가 40퍼 센트 이상일 것
RCEP,48,48.05,,48.05,2단위 세번변경기준 또는 당사자에서 발생한 부가가치가 40퍼 센트 이상일 것
RCEP,48,48.06,,48.06,4단위 세번변경기준 또는 당사자에서 발생한 부가가치가 40퍼 센트 이상일 것
RCEP,48,48.07,4807.00,4807.00,4단위 세번변경기준 또는 당사자에서 발생한 부가가치가 40퍼 센트 이상일 것
RCEP,48,48.08,4808.10,4808.10,4단위 세번변경기준 또는 당사자에서 발생한 부가가치가 40퍼 센트 이상일 것
RCEP,48,48.08,4808.40,4808.40,4단위 세번변경기준(제4804호의 것은 제외한다) 또는 당사자 에서 발생한 부가가치가 40퍼센트 이상일 것
RCEP,48,48.08,4808.90,4808.90,4단위 세번변경기준 또는 당사자에서 발생한 부가가치가 40퍼 센트 이상일 것
RCEP,48,48.09,,48.09,4단위 세번변경기준 또는 당사자에서 발생한 부가가치가 40퍼 센트 이상일 것
RCEP,48,48.10,,48.10,4단위 세번변경기준 또는 당사자에서 발생한 부가가치가 40퍼 센트 이상일 것
RCEP,48,48.11,,48.11,4단위 세번변경기준 또는 당사자에서 발생한 부가가치가 40퍼 센트 이상일 것
RCEP,48,48.12,4812.00,4812.00,4단위 세번변경기준 또는 당사자에서 발생한 부가가치가 40퍼 센트 이상일 것
RCEP,48,48.13,,48.13,4단위 세번변경기준 또는 당사자에서 발생한 부가가치가 40퍼 센트 이상일 것
RCEP,48,48.14,,48.14,4단위 세번변경기준 또는 당사자에서 발생한 부가가치가 40퍼 센트 이상일 것
RCEP,48,48.16,,48.16,4단위 세번변경기준(제4809호의 것은 제외한다) 또는 당사자 에서 발생한 부가가치가 40퍼센트 이상일 것
RCEP,48,48.17,,48.17,4단위 세번변경기준 또는 당사자에서 발생한 부가가치가 40퍼 센트 이상일 것
RCEP,48,48.18,,48.18,4단위 세번변경기준 또는 당사자에서 발생한 부가가치가 40퍼 센트 이상일 것
RCEP,48,48.19,,48.19,4단위 세번변경기준 또는 당사자에서 발생한 부가가치가 40퍼 센트 이상일 것
RCEP,48,48.20,,48.20,4단위 세번변경기준 또는 당사자에서 발생한 부가가치가 40퍼 센트 이상일 것
RCEP,48,48.21,,48.21,4단위 세번변경기준 또는 당사자에서 발생한 부가가치가 40퍼 센트 이상일 것
RCEP,48,48.22,,48.22,4단위 세번변경기준 또는 당사자에서 발생한 부가가치가 40퍼 센트 이상일 것
RCEP,48,48.23,,48.23,4단위 세번변경기준 또는 당사자에서 발생한 부가가치가 40퍼 센트 이상일 것
RCEP,49,,,49,4단위 세번변경기준 또는 당사자에서 발생한 부가가치가 40퍼 센트 이상일 것
RCEP,50,50.01,5001.00,5001.00,2단위 세번변경기준
RCEP,50,50.02,5002.00,5002.00,2단위 세번변경기준
RCEP,50,50.03,5003.00,5003.00,2단위 세번변경기준
RCEP,50,50.04,5004.00,5004.00,4단위 세번변경기준
RCEP,50,50.05,5005.00,5005.00,4단위 세번변경기준
RCEP,50,50.06,5006.00,5006.00,4단위 세번변경기준(제5004호 또는 제5005호의 것은 제외한 다)
RCEP,50,50.07,,50.07,4단위 세번변경기준
RCEP,51,51.01,,51.01,2단위 세번변경기준
RCEP,51,51.02,,51.02,2단위 세번변경기준
RCEP,51,51.03,,51.03,2단위 세번변경기준
RCEP,51,51.04,5104.00,5104.00,4단위 세번변경기준
RCEP,51,51.05,,51.05,2단위 세번변경기준
RCEP,51,51.06,,51.06,4단위 세번변경기준
RCEP,51,51.07,,51.07,4단위 세번변경기준
RCEP,51,51.08,,51.08,4단위 세번변경기준
RCEP,51,51.09,,51.09,4단위 세번변경기준(제5106호부터 제5108호까지의 것은 제외 한다)
RCEP,51,51.10,5110.00,5110.00,4단위 세번변경기준
RCEP,51,51.11,,51.11,4단위 세번변경기준
RCEP,51,51.12,,51.12,4단위 세번변경기준
RCEP,51,51.13,5113.00,5113.00,4단위 세번변경기준
RCEP,52,52.01,5201.00,5201.00,2단위 세번변경기준
RCEP,52,52.02,,52.02,2단위 세번변경기준
RCEP,52,52.03,5203.00,5203.00,2단위 세번변경기준
RCEP,52,52.04,,52.04,4단위 세번변경기준
RCEP,52,52.05,,52.05,4단위 세번변경기준
RCEP,52,52.06,,52.06,4단위 세번변경기준
RCEP,52,52.07,,52.07,4단위 세번변경기준(제5205호 또는 제5206호의 것은 제외한 다)
RCEP,52,52.08,,52.08,4단위 세번변경기준
RCEP,52,52.09,,52.09,4단위 세번변경기준
RCEP,52,52.10,,52.10,4단위 세번변경기준
RCEP,52,52.11,,52.11,4단위 세번변경기준
RCEP,52,52.12,,52.12,4단위 세번변경기준
RCEP,53,53.01,,53.01,2단위 세번변경기준
RCEP,53,53.02,,53.02,2단위 세번변경기준
RCEP,53,53.03,,53.03,2단위 세번변경기준
RCEP,53,53.05,5305.00,5305.00,2단위 세번변경기준
RCEP,53,53.06,,53.06,4단위 세번변경기준
RCEP,53,53.07,,53.07,4단위 세번변경기준
RCEP,53,53.08,,53.08,4단위 세번변경기준
RCEP,53,53.09,,53.09,4단위 세번변경기준
RCEP,53,53.10,,53.10,4단위 세번변경기준
RCEP,53,53.11,5311.00,5311.00,4단위 세번변경기준
RCEP,54,54.01,,54.01,2단위 세번변경기준
RCEP,54,54.02,,54.02,2단위 세번변경기준
RCEP,54,54.03,,54.03,2단위 세번변경기준
RCEP,54,54.04,,54.04,2단위 세번변경기준
RCEP,54,54.05,5405.00,5405.00,2단위 세번변경기준
RCEP,54,54.06,5406.00,5406.00,2단위 세번변경기준
RCEP,54,54.07,,54.07,4단위 세번변경기준
RCEP,54,54.08,,54.08,4단위 세번변경기준
RCEP,55,55.01,,55.01,2단위 세번변경기준
RCEP,55,55.02,,55.02,2단위 세번변경기준
RCEP,55,55.03,,55.03,2단위 세번변경기준
RCEP,55,55.04,,55.04,2단위 세번변경기준
RCEP,55,55.05,,55.05,2단위 세번변경기준
RCEP,55,55.06,,55.06,2단위 세번변경기준
RCEP,55,55.07,5507.00,5507.00,2단위 세번변경기준
RCEP,55,55.08,,55.08,4단위 세번변경기준
RCEP,55,55.09,,55.09,4단위 세번변경기준
RCEP,55,55.10,,55.10,4단위 세번변경기준
RCEP,55,55.11,,55.11,4단위 세번변경기준(제5509호 또는 제5510호의 것은 제외한 다)
RCEP,55,55.12,,55.12,4단위 세번변경기준
RCEP,55,55.13,5513.11,5513.11,4단위 세번변경기준(제5509호부터 제5511호까지의 것은 제외 한다)
RCEP,55,55.13,5513.12,5513.12,4단위 세번변경기준(제5509호부터 제5511호까지의 것은 제외 한다)
RCEP,55,55.13,5513.13,5513.13,4단위 세번변경기준(제5509호부터 제5511호까지의 것은 제외 한다)
RCEP,55,55.13,5513.19,5513.19,4단위 세번변경기준(제5509호부터 제5511호까지의 것은 제외 한다)
RCEP,55,55.13,5513.21,5513.21,4단위 세번변경기준
RCEP,55,55.13,5513.23,5513.23,4단위 세번변경기준
RCEP,55,55.13,5513.29,5513.29,4단위 세번변경기준
RCEP,55,55.13,5513.31,5513.31,4단위 세번변경기준(제5509호부터 제5511호까지의 것은 제외 한다)
RCEP,55,55.13,5513.39,5513.39,4단위 세번변경기준(제5509호부터 제5511호까지의 것은 제외 한다)
RCEP,55,55.13,5513.41,5513.41,4단위 세번변경기준
RCEP,55,55.13,5513.49,5513.49,4단위 세번변경기준
RCEP,55,55.14,5514.11,5514.11,4단위 세번변경기준(제5509호부터 제5511호까지의 것은 제외 한다)
RCEP,55,55.14,5514.12,5514.12,4단위 세번변경기준(제5509호부터 제5511호까지의 것은 제외 한다)
RCEP,55,55.14,5514.19,5514.19,4단위 세번변경기준(제5509호부터 제5511호까지의 것은 제외 한다)
RCEP,55,55.14,5514.21,5514.21,4단위 세번변경기준
RCEP,55,55.14,5514.22,5514.22,4단위 세번변경기준
RCEP,55,55.14,5514.23,5514.23,4단위 세번변경기준
RCEP,55,55.14,5514.29,5514.29,4단위 세번변경기준
RCEP,55,55.14,5514.30,5514.30,4단위 세번변경기준(제5509호부터 제5511호까지의 것은 제외 한다)
RCEP,55,55.14,5514.41,5514.41,4단위 세번변경기준
RCEP,55,55.14,5514.42,5514.42,4단위 세번변경기준
RCEP,55,55.14,5514.43,5514.43,4단위 세번변경기준
RCEP,55,55.14,5514.49,5514.49,4단위 세번변경기준
RCEP,55,55.15,,55.15,4단위 세번변경기준
RCEP,55,55.16,5516.11,5516.11,4단위 세번변경기준(제5509호부터 제5511호까지의 것은 제외 한다)
RCEP,55,55.16,5516.12,5516.12,4단위 세번변경기준
RCEP,55,55.16,5516.13,5516.13,4단위 세번변경기준(제5509호부터 제5511호까지의 것은 제외 한다)
RCEP,55,55.16,5516.14,5516.14,4단위 세번변경기준
RCEP,55,55.16,5516.21,5516.21,4단위 세번변경기준(제5509호부터 제5511호까지의 것은 제외 한다)
RCEP,55,55.16,5516.22,5516.22,4단위 세번변경기준
RCEP,55,55.16,5516.23,5516.23,4단위 세번변경기준(제5509호부터 제5511호까지의 것은 제외 한다)
RCEP,55,55.16,5516.24,5516.24,4단위 세번변경기준
RCEP,55,55.16,5516.31,5516.31,4단위 세번변경기준(제5509호부터 제5511호까지의 것은 제외 한다)
RCEP,55,55.16,5516.32,5516.32,4단위 세번변경기준
RCEP,55,55.16,5516.33,5516.33,4단위 세번변경기준(제5509호부터 제5511호까지의 것은 제외 한다)
RCEP,55,55.16,5516.34,5516.34,4단위 세번변경기준
RCEP,55,55.16,5516.41,5516.41,4단위 세번변경기준(제5509호부터 제5511호까지의 것은 제외 한다)
RCEP,55,55.16,5516.42,5516.42,4단위 세번변경기준
RCEP,55,55.16,5516.43,5516.43,4단위 세번변경기준(제5509호부터 제5511호까지의 것은 제외 한다)
RCEP,55,55.16,5516.44,5516.44,4단위 세번변경기준
RCEP,55,55.16,5516.91,5516.91,4단위 세번변경기준(제5509호부터 제5511호까지의 것은 제외 한다)
RCEP,55,55.16,5516.92,5516.92,4단위 세번변경기준
RCEP,55,55.16,5516.93,5516.93,4단위 세번변경기준(제5509호부터 제5511호까지의 것은 제외 한다)
RCEP,55,55.16,5516.94,5516.94,4단위 세번변경기준
RCEP,56,56.01,,56.01,2단위 세번변경기준
RCEP,56,56.02,,56.02,2단위 세번변경기준
RCEP,56,56.03,,56.03,2단위 세번변경기준
RCEP,56,56.04,,56.04,2단위 세번변경기준
RCEP,56,56.05,5605.00,5605.00,2단위 세번변경기준
RCEP,56,56.06,5606.00,5606.00,2단위 세번변경기준
RCEP,56,56.07,,56.07,2단위 세번변경기준
RCEP,56,56.08,5608.11,5608.11,2단위 세번변경기준
RCEP,56,56.08,5608.19,5608.19,4단위 세번변경기준
RCEP,56,56.08,5608.90,5608.90,4단위 세번변경기준
RCEP,56,56.09,5609.00,5609.00,4단위 세번변경기준
RCEP,57,,,57,2단위 세번변경기준
RCEP,58,,,58,2단위 세번변경기준
RCEP,59,,,59,2단위 세번변경기준
RCEP,60,,,60,2단위 세번변경기준
RCEP,61,,,61,2단위 세번변경기준
RCEP,62,,,62,2단위 세번변경기준
RCEP,63,63.01,,63.01,2단위 세번변경기준
RCEP,63,63.02,,63.02,2단위 세번변경기준
RCEP,63,63.03,,63.03,2단위 세번변경기준
RCEP,63,63.04,,63.04,2단위 세번변경기준
RCEP,63,63.05,,63.05,2단위 세번변경기준
RCEP,63,63.06,6306.12,6306.12,2단위 세번변경기준
RCEP,63,63.06,6306.19,6306.19,2단위 세번변경기준
RCEP,63,63.06,6306.22,6306.22,2단위 세번변경기준 또는 당사자에서 발생한 부가가치가 40퍼 센트 이상일 것
RCEP,63,63.06,6306.29,6306.29,2단위 세번변경기준 또는 당사자에서 발생한 부가가치가 40퍼 센트 이상일 것
RCEP,63,63.06,6306.30,6306.30,2단위 세번변경기준 또는 당사자에서 발생한 부가가치가 40퍼 센트 이상일 것
RCEP,63,63.06,6306.40,6306.40,2단위 세번변경기준
RCEP,63,63.06,6306.90,6306.90,2단위 세번변경기준
RCEP,63,63.07,6307.10,6307.10,2단위 세번변경기준
RCEP,63,63.07,6307.20,6307.20,2단위 세번변경기준 또는 당사자에서 발생한 부가가치가 40퍼 센트 이상일 것
RCEP,63,63.07,6307.90,6307.90,2단위 세번변경기준
RCEP,63,63.08,6308.00,6308.00,2단위 세번변경기준
RCEP,63,63.09,6309.00,6309.00,2단위 세번변경기준
RCEP,63,63.10,,63.10,2단위 세번변경기준
RCEP,64,64.01,,64.01,4단위 세번변경기준 또는 당사자에서 발생한 부가가치가 40퍼 센트 이상일 것
RCEP,64,64.02,,64.02,4단위 세번변경기준 또는 당사자에서 발생한 부가가치가 40퍼 센트 이상일 것
RCEP,64,64.03,,64.03,4단위 세번변경기준 또는 당사자에서 발생한 부가가치가 40퍼 센트 이상일 것
RCEP,64,64.04,,64.04,4단위 세번변경기준 또는 당사자에서 발생한 부가가치가 40퍼 센트 이상일 것
RCEP,64,64.05,,64.05,4단위 세번변경기준 또는 당사자에서 발생한 부가가치가 40퍼 센트 이상일 것
RCEP,64,64.06,,64.06,2단위 세번변경기준 또는 당사자에서 발생한 부가가치가 40퍼 센트 이상일 것
RCEP,65,,,65,4단위 세번변경기준 또는 당사자에서 발생한 부가가치가 40퍼 센트 이상일 것
RCEP,66,,,66,4단위 세번변경기준 또는 당사자에서 발생한 부가가치가 40퍼 센트 이상일 것
RCEP,67,,,67,4단위 세번변경기준 또는 당사자에서 발생한 부가가치가 40퍼 센트 이상일 것
RCEP,68,,,68,4단위 세번변경기준 또는 당사자에서 발생한 부가가치가 40퍼 센트 이상일 것
RCEP,69,,,69,4단위 세번변경기준 또는 당사자에서 발생한 부가가치가 40퍼 센트 이상일 것
RCEP,70,70.01,7001.00,7001.00,4단위 세번변경기준 또는 당사자에서 발생한 부가가치가 40퍼 센트 이상일 것
RCEP,70,70.02,,70.02,4단위 세번변경기준 또는 당사자에서 발생한 부가가치가 40퍼 센트 이상일 것
RCEP,70,70.03,,70.03,4단위 세번변경기준 또는 당사자에서 발생한 부가가치가 40퍼 센트 이상일 것
RCEP,70,70.04,,70.04,4단위 세번변경기준 또는 당사자에서 발생한 부가가치가 40퍼 센트 이상일 것
RCEP,70,70.05,,70.05,4단위 세번변경기준 또는 당사자에서 발생한 부가가치가 40퍼 센트 이상일 것
RCEP,70,70.06,7006.00,7006.00,4단위 세번변경기준 또는 당사자에서 발생한 부가가치가 40퍼 센트 이상일 것
RCEP,70,70.07,,70.07,4단위 세번변경기준 또는 당사자에서 발생한 부가가치가 40퍼 센트 이상일 것
RCEP,70,70.08,7008.00,7008.00,4단위 세번변경기준(제7003호부터 제7009호까지의 것은 제외 한다) 또는 당사자에서 발생한 부가가치가 40퍼센트 이상일 것
RCEP,70,70.09,,70.09,4단위 세번변경기준 또는 당사자에서 발생한 부가가치가 40퍼 센트 이상일 것
RCEP,70,70.10,,70.10,4단위 세번변경기준 또는 당사자에서 발생한 부가가치가 40퍼 센트 이상일 것
RCEP,70,70.11,,70.11,4단위 세번변경기준 또는 당사자에서 발생한 부가가치가 40퍼 센트 이상일 것
RCEP,70,70.13,,70.13,4단위 세번변경기준 또는 당사자에서 발생한 부가가치가 40퍼 센트 이상일 것
RCEP,70,70.14,7014.00,7014.00,4단위 세번변경기준 또는 당사자에서 발생한 부가가치가 40퍼 센트 이상일 것
RCEP,70,70.15,,70.15,4단위 세번변경기준 또는 당사자에서 발생한 부가가치가 40퍼 센트 이상일 것
RCEP,70,70.16,,70.16,4단위 세번변경기준 또는 당사자에서 발생한 부가가치가 40퍼 센트 이상일 것
RCEP,70,70.17,,70.17,4단위 세번변경기준 또는 당사자에서 발생한 부가가치가 40퍼 센트 이상일 것
RCEP,70,70.18,,70.18,4단위 세번변경기준 또는 당사자에서 발생한 부가가치가 40퍼 센트 이상일 것
RCEP,70,70.19,,70.19,4단위 세번변경기준 또는 당사자에서 발생한 부가가치가 40퍼 센트 이상일 것
RCEP,70,70.20,7020.00,7020.00,4단위 세번변경기준 또는 당사자에서 발생한 부가가치가 40퍼 센트 이상일 것
RCEP,71,71.01,,71.01,2단위 세번변경기준
RCEP,71,71.02,7102.10,7102.10,2단위 세번변경기준 또는 당사자에서 발생한 부가가치가 40퍼 센트 이상일 것
RCEP,71,71.02,7102.21,7102.21,2단위 세번변경기준 또는 당사자에서 발생한 부가가치가 40퍼 센트 이상일 것
RCEP,71,71.02,7102.29,7102.29,6단위 세번변경기준 또는 당사자에서 발생한 부가가치가 40퍼 센트 이상일 것
RCEP,71,71.02,7102.31,7102.31,2단위 세번변경기준 또는 당사자에서 발생한 부가가치가 40퍼 센트 이상일 것
RCEP,71,71.02,7102.39,7102.39,6단위 세번변경기준 또는 당사자에서 발생한 부가가치가 40퍼 센트 이상일 것
RCEP,71,71.03,7103.10,7103.10,2단위 세번변경기준 또는 당사자에서 발생한 부가가치가 40퍼 센트 이상일 것
RCEP,71,71.03,7103.91,7103.91,6단위 세번변경기준 또는 당사자에서 발생한 부가가치가 40퍼 센트 이상일 것
RCEP,71,71.03,7103.99,7103.99,6단위 세번변경기준 또는 당사자에서 발생한 부가가치가 40퍼 센트 이상일 것
RCEP,71,71.04,7104.10,7104.10,4단위 세번변경기준 또는 당사자에서 발생한 부가가치가 40퍼 센트 이상일 것
RCEP,71,71.04,7104.21,7104.21,4단위 세번변경기준 또는 당사자에서 발생한 부가가치가 40퍼 센트 이상일 것
RCEP,71,71.04,7104.29,7104.29,4단위 세번변경기준 또는 당사자에서 발생한 부가가치가 40퍼 센트 이상일 것
RCEP,71,71.04,7104.91,7104.91,6단위 세번변경기준 또는 당사자에서 발생한 부가가치가 40퍼 센트 이상일 것
RCEP,71,71.04,7104.99,7104.99,6단위 세번변경기준 또는 당사자에서 발생한 부가가치가 40퍼 센트 이상일 것
RCEP,71,71.05,,71.05,4단위 세번변경기준 또는 당사자에서 발생한 부가가치가 40퍼 센트 이상일 것
RCEP,71,71.06,,71.06,2단위 세번변경기준 또는 당사자에서 발생한 부가가치가 40퍼 센트 이상일 것
RCEP,71,71.07,7107.00,7107.00,2단위 세번변경기준 또는 당사자에서 발생한 부가가치가 40퍼 센트 이상일 것
RCEP,71,71.08,7108.11,7108.11,2단위 세번변경기준 또는 당사자에서 발생한 부가가치가 40퍼 센트 이상일 것
RCEP,71,71.08,7108.12,7108.12,2단위 세번변경기준 또는 당사자에서 발생한 부가가치가 40퍼 센트 이상일 것
RCEP,71,71.08,7108.13,7108.13,4단위 세번변경기준 또는 당사자에서 발생한 부가가치가 40퍼 센트 이상일 것
RCEP,71,71.08,7108.20,7108.20,2단위 세번변경기준 또는 당사자에서 발생한 부가가치가 40퍼 센트 이상일 것
RCEP,71,71.09,7109.00,7109.00,2단위 세번변경기준 또는 당사자에서 발생한 부가가치가 40퍼 센트 이상일 것
RCEP,71,71.10,,71.10,2단위 세번변경기준 또는 당사자에서 발생한 부가가치가 40퍼 센트 이상일 것
RCEP,71,71.11,7111.00,7111.00,2단위 세번변경기준 또는 당사자에서 발생한 부가가치가 40퍼 센트 이상일 것
RCEP,71,71.12,,71.12,완전생산기준
RCEP,71,71.13,,71.13,4단위 세번변경기준 또는 당사자에서 발생한 부가가치가 40퍼 센트 이상일 것
RCEP,71,71.14,,71.14,4단위 세번변경기준 또는 당사자에서 발생한 부가가치가 40퍼 센트 이상일 것
RCEP,71,71.15,,71.15,4단위 세번변경기준 또는 당사자에서 발생한 부가가치가 40퍼 센트 이상일 것
RCEP,71,71.16,,71.16,4단위 세번변경기준 또는 당사자에서 발생한 부가가치가 40퍼 센트 이상일 것
RCEP,71,71.17,,71.17,4단위 세번변경기준 또는 당사자에서 발생한 부가가치가 40퍼 센트 이상일 것
RCEP,71,71.18,,71.18,4단위 세번변경기준 또는 당사자에서 발생한 부가가치가 40퍼 센트 이상일 것
RCEP,72,72.01,,72.01,4단위 세번변경기준 또는 당사자에서 발생한 부가가치가 40퍼 센트 이상일 것
RCEP,72,72.02,,72.02,4단위 세번변경기준 또는 당사자에서 발생한 부가가치가 40퍼 센트 이상일 것
RCEP,72,72.03,,72.03,4단위 세번변경기준 또는 당사자에서 발생한 부가가치가 40퍼 센트 이상일 것
RCEP,72,72.04,,72.04,4단위 세번변경기준
RCEP,72,72.05,,72.05,4단위 세번변경기준 또는 당사자에서 발생한 부가가치가 40퍼 센트 이상일 것
RCEP,72,72.06,,72.06,4단위 세번변경기준 또는 당사자에서 발생한 부가가치가 40퍼 센트 이상일 것
RCEP,72,72.07,,72.07,4단위 세번변경기준(제7206호의 것은 제외한다) 또는 당사자 에서 발생한 부가가치가 40퍼센트 이상일 것
RCEP,72,72.08,,72.08,4단위 세번변경기준(제7207호의 것은 제외한다) 또는 당사자 에서 발생한 부가가치가 40퍼센트 이상일 것
RCEP,72,72.09,,72.09,4단위 세번변경기준(제7208호의 것은 제외한다) 또는 당사자 에서 발생한 부가가치가 40퍼센트 이상일 것
RCEP,72,72.10,,72.10,4단위 세번변경기준(제7208호 또는 제7209호의 것은 제외한 다) 또는 당사자에서 발생한 부가가치가 40퍼센트 이상일 것
RCEP,72,72.11,,72.11,4단위 세번변경기준(제7208호 또는 제7209호의 것은 제외한 다) 또는 당사자에서 발생한 부가가치가 40퍼센트 이상일 것
RCEP,72,72.12,,72.12,4단위 세번변경기준(제7208호부터 제7211호까지의 것은 제외 한다) 또는 당사자에서 발생한 부가가치가 40퍼센트 이상일 것
RCEP,72,72.13,,72.13,4단위 세번변경기준 또는 당사자에서 발생한 부가가치가 40퍼 센트 이상일 것
RCEP,72,72.14,,72.14,4단위 세번변경기준(제7213호의 것은 제외한다) 또는 당사자 에서 발생한 부가가치가 40퍼센트 이상일 것
RCEP,72,72.15,,72.15,4단위 세번변경기준(제7213호 또는 제7214호의 것은 제외한 다) 또는 당사자에서 발생한 부가가치가 40퍼센트 이상일 것
RCEP,72,72.16,,72.16,4단위 세번변경기준(제7208호부터 제7215호까지의 것은 제외 한다) 또는 당사자에서 발생한 부가가치가 40퍼센트 이상일 것
RCEP,72,72.17,,72.17,4단위 세번변경기준 또는 당사자에서 발생한 부가가치가 40퍼 센트 이상일 것
RCEP,72,72.18,,72.18,4단위 세번변경기준 또는 당사자에서 발생한 부가가치가 40퍼 센트 이상일 것
RCEP,72,72.19,7219.11,7219.11,4단위 세번변경기준 또는 당사자에서 발생한 부가가치가 40퍼 센트 이상일 것
RCEP,72,72.19,7219.12,7219.12,4단위 세번변경기준 또는 당사자에서 발생한 부가가치가 40퍼 센트 이상일 것
RCEP,72,72.19,7219.13,7219.13,4단위 세번변경기준 또는 당사자에서 발생한 부가가치가 40퍼 센트 이상일 것
RCEP,72,72.19,7219.14,7219.14,4단위 세번변경기준 또는 당사자에서 발생한 부가가치가 40퍼 센트 이상일 것
RCEP,72,72.19,7219.21,7219.21,4단위 세번변경기준 또는 당사자에서 발생한 부가가치가 40퍼 센트 이상일 것
RCEP,72,72.19,7219.22,7219.22,4단위 세번변경기준 또는 당사자에서 발생한 부가가치가 40퍼 센트 이상일 것
RCEP,72,72.19,7219.23,7219.23,4단위 세번변경기준 또는 당사자에서 발생한 부가가치가 40퍼 센트 이상일 것
RCEP,72,72.19,7219.24,7219.24,4단위 세번변경기준 또는 당사자에서 발생한 부가가치가 40퍼 센트 이상일 것
RCEP,72,72.19,7219.31,7219.31,6단위 세번변경기준 또는 당사자에서 발생한 부가가치가 40퍼 센트 이상일 것
RCEP,72,72.19,7219.32,7219.32,6단위 세번변경기준 또는 당사자에서 발생한 부가가치가 40퍼 센트 이상일 것
RCEP,72,72.19,7219.33,7219.33,6단위 세번변경기준 또는 당사자에서 발생한 부가가치가 40퍼 센트 이상일 것
RCEP,72,72.19,7219.34,7219.34,6단위 세번변경기준 또는 당사자에서 발생한 부가가치가 40퍼 센트 이상일 것
RCEP,72,72.19,7219.35,7219.35,6단위 세번변경기준 또는 당사자에서 발생한 부가가치가 40퍼 센트 이상일 것
RCEP,72,72.19,7219.90,7219.90,6단위 세번변경기준 또는 당사자에서 발생한 부가가치가 40퍼 센트 이상일 것
RCEP,72,72.20,,72.20,4단위 세번변경기준(제7219호의 것은 제외한다) 또는 당사자 에서 발생한 부가가치가 40퍼센트 이상일 것
RCEP,72,72.21,7221.00,7221.00,4단위 세번변경기준 또는 당사자에서 발생한 부가가치가 40퍼 센트 이상일 것
RCEP,72,72.22,,72.22,4단위 세번변경기준 또는 당사자에서 발생한 부가가치가 40퍼 센트 이상일 것
RCEP,72,72.23,7223.00,7223.00,4단위 세번변경기준 또는 당사자에서 발생한 부가가치가 40퍼 센트 이상일 것
RCEP,72,72.24,,72.24,4단위 세번변경기준 또는 당사자에서 발생한 부가가치가 40퍼 센트 이상일 것
RCEP,72,72.25,,72.25,4단위 세번변경기준 또는 당사자에서 발생한 부가가치가 40퍼 센트 이상일 것
RCEP,72,72.26,,72.26,4단위 세번변경기준(제7225호의 것은 제외한다) 또는 당사자 에서 발생한 부가가치가 40퍼센트 이상일 것
RCEP,72,72.27,,72.27,4단위 세번변경기준 또는 당사자에서 발생한 부가가치가 40퍼 센트 이상일 것
RCEP,72,72.28,,72.28,4단위 세번변경기준(제7227호의 것은 제외한다) 또는 당사자 에서 발생한 부가가치가 40퍼센트 이상일 것
RCEP,72,72.29,,72.29,4단위 세번변경기준 또는 당사자에서 발생한 부가가치가 40퍼 센트 이상일 것
RCEP,73,,,73,4단위 세번변경기준 또는 당사자에서 발생한 부가가치가 40퍼 센트 이상일 것
RCEP,74,74.01,7401.00,7401.00,4단위 세번변경기준 또는 당사자에서 발생한 부가가치가 40퍼 센트 이상일 것
RCEP,74,74.02,7402.00,7402.00,4단위 세번변경기준 또는 당사자에서 발생한 부가가치가 40퍼 센트 이상일 것
RCEP,74,74.03,,74.03,4단위 세번변경기준 또는 당사자에서 발생한 부가가치가 40퍼 센트 이상일 것
RCEP,74,74.04,7404.00,7404.00,4단위 세번변경기준
RCEP,74,74.05,7405.00,7405.00,4단위 세번변경기준 또는 당사자에서 발생한 부가가치가 40퍼 센트 이상일 것
RCEP,74,74.06,,74.06,4단위 세번변경기준 또는 당사자에서 발생한 부가가치가 40퍼 센트 이상일 것
RCEP,74,74.07,,74.07,4단위 세번변경기준 또는 당사자에서 발생한 부가가치가 40퍼 센트 이상일 것
RCEP,74,74.08,,74.08,4단위 세번변경기준 또는 당사자에서 발생한 부가가치가 40퍼 센트 이상일 것
RCEP,74,74.09,,74.09,4단위 세번변경기준 또는 당사자에서 발생한 부가가치가 40퍼 센트 이상일 것
RCEP,74,74.10,,74.10,4단위 세번변경기준 또는 당사자에서 발생한 부가가치가 40퍼 센트 이상일 것
RCEP,74,74.11,,74.11,4단위 세번변경기준 또는 당사자에서 발생한 부가가치가 40퍼 센트 이상일 것
RCEP,74,74.12,,74.12,4단위 세번변경기준 또는 당사자에서 발생한 부가가치가 40퍼 센트 이상일 것
RCEP,74,74.13,7413.00,7413.00,4단위 세번변경기준 또는 당사자에서 발생한 부가가치가 40퍼 센트 이상일 것
RCEP,74,74.15,,74.15,4단위 세번변경기준 또는 당사자에서 발생한 부가가치가 40퍼 센트 이상일 것
RCEP,74,74.18,,74.18,4단위 세번변경기준 또는 당사자에서 발생한 부가가치가 40퍼 센트 이상일 것
RCEP,74,74.19,,74.19,4단위 세번변경기준 또는 당사자에서 발생한 부가가치가 40퍼 센트 이상일 것
RCEP,75,75.01,,75.01,4단위 세번변경기준 또는 당사자에서 발생한 부가가치가 40퍼 센트 이상일 것
RCEP,75,75.02,,75.02,4단위 세번변경기준 또는 당사자에서 발생한 부가가치가 40퍼 센트 이상일 것
RCEP,75,75.03,7503.00,7503.00,4단위 세번변경기준
RCEP,75,75.04,7504.00,7504.00,4단위 세번변경기준 또는 당사자에서 발생한 부가가치가 40퍼 센트 이상일 것
RCEP,75,75.05,,75.05,4단위 세번변경기준 또는 당사자에서 발생한 부가가치가 40퍼 센트 이상일 것
RCEP,75,75.06,,75.06,4단위 세번변경기준 또는 당사자에서 발생한 부가가치가 40퍼 센트 이상일 것
RCEP,75,75.07,,75.07,4단위 세번변경기준 또는 당사자에서 발생한 부가가치가 40퍼 센트 이상일 것
RCEP,75,75.08,,75.08,4단위 세번변경기준 또는 당사자에서 발생한 부가가치가 40퍼 센트 이상일 것
RCEP,76,76.01,,76.01,4단위 세번변경기준 또는 당사자에서 발생한 부가가치가 40퍼 센트 이상일 것
RCEP,76,76.02,7602.00,7602.00,4단위 세번변경기준
RCEP,76,76.03,,76.03,4단위 세번변경기준 또는 당사자에서 발생한 부가가치가 40퍼 센트 이상일 것
RCEP,76,76.04,,76.04,4단위 세번변경기준 또는 당사자에서 발생한 부가가치가 40퍼 센트 이상일 것
RCEP,76,76.05,,76.05,4단위 세번변경기준(제7604호의 것은 제외한다) 또는 당사자 에서 발생한 부가가치가 40퍼센트 이상일 것
RCEP,76,76.06,,76.06,4단위 세번변경기준 또는 당사자에서 발생한 부가가치가 40퍼 센트 이상일 것
RCEP,76,76.07,,76.07,4단위 세번변경기준 또는 당사자에서 발생한 부가가치가 40퍼 센트 이상일 것
RCEP,76,76.08,,76.08,4단위 세번변경기준 또는 당사자에서 발생한 부가가치가 40퍼 센트 이상일 것
RCEP,76,76.09,7609.00,7609.00,4단위 세번변경기준 또는 당사자에서 발생한 부가가치가 40퍼 센트 이상일 것
RCEP,76,76.10,,76.10,4단위 세번변경기준 또는 당사자에서 발생한 부가가치가 40퍼 센트 이상일 것
RCEP,76,76.11,7611.00,7611.00,4단위 세번변경기준 또는 당사자에서 발생한 부가가치가 40퍼 센트 이상일 것
RCEP,76,76.12,,76.12,4단위 세번변경기준 또는 당사자에서 발생한 부가가치가 40퍼 센트 이상일 것
RCEP,76,76.13,7613.00,7613.00,4단위 세번변경기준 또는 당사자에서 발생한 부가가치가 40퍼 센트 이상일 것
RCEP,76,76.14,,76.14,4단위 세번변경기준 또는 당사자에서 발생한 부가가치가 40퍼 센트 이상일 것
RCEP,76,76.15,,76.15,4단위 세번변경기준 또는 당사자에서 발생한 부가가치가 40퍼 센트 이상일 것
RCEP,76,76.16,,76.16,4단위 세번변경기준 또는 당사자에서 발생한 부가가치가 40퍼 센트 이상일 것
RCEP,78,78.01,,78.01,4단위 세번변경기준 또는 당사자에서 발생한 부가가치가 40퍼 센트 이상일 것
RCEP,78,78.02,7802.00,7802.00,4단위 세번변경기준
RCEP,78,78.04,,78.04,4단위 세번변경기준 또는 당사자에서 발생한 부가가치가 40퍼 센트 이상일 것
RCEP,78,78.06,7806.00,7806.00,4단위 세번변경기준 또는 당사자에서 발생한 부가가치가 40퍼 센트 이상일 것
RCEP,79,79.01,,79.01,4단위 세번변경기준 또는 당사자에서 발생한 부가가치가 40퍼 센트 이상일 것
RCEP,79,79.02,7902.00,7902.00,4단위 세번변경기준
RCEP,79,79.03,,79.03,4단위 세번변경기준 또는 당사자에서 발생한 부가가치가 40퍼 센트 이상일 것
RCEP,79,79.04,7904.00,7904.00,4단위 세번변경기준 또는 당사자에서 발생한 부가가치가 40퍼 센트 이상일 것
RCEP,79,79.05,7905.00,7905.00,4단위 세번변경기준 또는 당사자에서 발생한 부가가치가 40퍼 센트 이상일 것
RCEP,79,79.07,7907.00,7907.00,4단위 세번변경기준 또는 당사자에서 발생한 부가가치가 40퍼 센트 이상일 것
RCEP,80,80.01,,80.01,4단위 세번변경기준 또는 당사자에서 발생한 부가가치가 40퍼 센트 이상일 것
RCEP,80,80.02,8002.00,8002.00,4단위 세번변경기준
RCEP,80,80.03,8003.00,8003.00,4단위 세번변경기준 또는 당사자에서 발생한 부가가치가 40퍼 센트 이상일 것
RCEP,80,80.07,8007.00,8007.00,4단위 세번변경기준 또는 당사자에서 발생한 부가가치가 40퍼 센트 이상일 것
RCEP,81,81.01,8101.10,8101.10,6단위 세번변경기준 또는 당사자에서 발생한 부가가치가 40퍼 센트 이상일 것
RCEP,81,81.01,8101.94,8101.94,6단위 세번변경기준 또는 당사자에서 발생한 부가가치가 40퍼 센트 이상일 것
RCEP,81,81.01,8101.96,8101.96,6단위 세번변경기준 또는 당사자에서 발생한 부가가치가 40퍼 센트 이상일 것
RCEP,81,81.01,8101.97,8101.97,6단위 세번변경기준
RCEP,81,81.01,8101.99,8101.99,6단위 세번변경기준 또는 당사자에서 발생한 부가가치가 40퍼 센트 이상일 것
RCEP,81,81.02,8102.10,8102.10,6단위 세번변경기준 또는 당사자에서 발생한 부가가치가 40퍼 센트 이상일 것
RCEP,81,81.02,8102.94,8102.94,6단위 세번변경기준 또는 당사자에서 발생한 부가가치가 40퍼 센트 이상일 것
RCEP,81,81.02,8102.95,8102.95,6단위 세번변경기준 또는 당사자에서 발생한 부가가치가 40퍼 센트 이상일 것
RCEP,81,81.02,8102.96,8102.96,6단위 세번변경기준 또는 당사자에서 발생한 부가가치가 40퍼 센트 이상일 것
RCEP,81,81.02,8102.97,8102.97,6단위 세번변경기준
RCEP,81,81.02,8102.99,8102.99,6단위 세번변경기준 또는 당사자에서 발생한 부가가치가 40퍼 센트 이상일 것
RCEP,81,81.03,8103.20,8103.20,6단위 세번변경기준 또는 당사자에서 발생한 부가가치가 40퍼 센트 이상일 것
RCEP,81,81.03,8103.30,8103.30,6단위 세번변경기준
RCEP,81,81.03,8103.91,8103.91,6단위 세번변경기준(소호 제8103.99호의 것은 제외한다) 또는 당사자에서 발생한 부가가치가 40퍼센트 이상일 것
RCEP,81,81.03,8103.99,8103.99,6단위 세번변경기준 또는 당사자에서 발생한 부가가치가 40퍼 센트 이상일 것
RCEP,81,81.04,8104.11,8104.11,6단위 세번변경기준 또는 당사자에서 발생한 부가가치가 40퍼 센트 이상일 것
RCEP,81,81.04,8104.19,8104.19,6단위 세번변경기준 또는 당사자에서 발생한 부가가치가 40퍼 센트 이상일 것
RCEP,81,81.04,8104.20,8104.20,6단위 세번변경기준
RCEP,81,81.04,8104.30,8104.30,6단위 세번변경기준 또는 당사자에서 발생한 부가가치가 40퍼 센트 이상일 것
RCEP,81,81.04,8104.90,8104.90,6단위 세번변경기준 또는 당사자에서 발생한 부가가치가 40퍼 센트 이상일 것
RCEP,81,81.05,8105.20,8105.20,6단위 세번변경기준 또는 당사자에서 발생한 부가가치가 40퍼 센트 이상일 것
RCEP,81,81.05,8105.30,8105.30,6단위 세번변경기준
RCEP,81,81.05,8105.90,8105.90,6단위 세번변경기준 또는 당사자에서 발생한 부가가치가 40퍼 센트 이상일 것
RCEP,81,81.06,,81.06,4단위 세번변경기준 또는 당사자에서 발생한 부가가치가 40퍼 센트 이상일 것
RCEP,81,81.08,8108.20,8108.20,6단위 세번변경기준 또는 당사자에서 발생한 부가가치가 40퍼 센트 이상일 것
RCEP,81,81.08,8108.30,8108.30,6단위 세번변경기준
RCEP,81,81.08,8108.90,8108.90,6단위 세번변경기준 또는 당사자에서 발생한 부가가치가 40퍼 센트 이상일 것
RCEP,81,81.09,8109.21,8109.21,6단위 세번변경기준 또는 당사자에서 발생한 부가가치가 40퍼 센트 이상일 것
RCEP,81,81.09,8109.29,8109.29,6단위 세번변경기준 또는 당사자에서 발생한 부가가치가 40퍼 센트 이상일 것
RCEP,81,81.09,8109.31,8109.31,6단위 세번변경기준
RCEP,81,81.09,8109.39,8109.39,6단위 세번변경기준
RCEP,81,81.09,8109.91,8109.91,6단위 세번변경기준 또는 당사자에서 발생한 부가가치가 40퍼 센트 이상일 것
RCEP,81,81.09,8109.99,8109.99,6단위 세번변경기준 또는 당사자에서 발생한 부가가치가 40퍼 센트 이상일 것
RCEP,81,81.10,8110.10,8110.10,6단위 세번변경기준 또는 당사자에서 발생한 부가가치가 40퍼 센트 이상일 것
RCEP,81,81.10,8110.20,8110.20,6단위 세번변경기준
RCEP,81,81.10,8110.90,8110.90,6단위 세번변경기준 또는 당사자에서 발생한 부가가치가 40퍼 센트 이상일 것
RCEP,81,81.11,8111.00,8111.00,2단위 세번변경기준 또는 당사자에서 발생한 부가가치가 40퍼 센트 이상일 것
RCEP,81,81.12,8112.12,8112.12,6단위 세번변경기준 또는 당사자에서 발생한 부가가치가 40퍼 센트 이상일 것
RCEP,81,81.12,8112.13,8112.13,6단위 세번변경기준
RCEP,81,81.12,8112.19,8112.19,6단위 세번변경기준 또는 당사자에서 발생한 부가가치가 40퍼 센트 이상일 것
RCEP,81,81.12,8112.21,8112.21,6단위 세번변경기준 또는 당사자에서 발생한 부가가치가 40퍼 센트 이상일 것
RCEP,81,81.12,8112.22,8112.22,6단위 세번변경기준
RCEP,81,81.12,8112.29,8112.29,6단위 세번변경기준 또는 당사자에서 발생한 부가가치가 40퍼 센트 이상일 것
RCEP,81,81.12,8112.31,8112.31,4단위 세번변경기준 또는 당사자에서 발생한 부가가치가 40퍼 센트 이상일 것
RCEP,81,81.12,8112.39,8112.39,6단위 세번변경기준 또는 당사자에서 발생한 부가가치가 40퍼 센트 이상일 것
RCEP,81,81.12,8112.41,8112.41,4단위 세번변경기준 또는 당사자에서 발생한 부가가치가 40퍼 센트 이상일 것
RCEP,81,81.12,8112.49,8112.49,6단위 세번변경기준 또는 당사자에서 발생한 부가가치가 40퍼 센트 이상일 것
RCEP,81,81.12,8112.51,8112.51,6단위 세번변경기준 또는 당사자에서 발생한 부가가치가 40퍼 센트 이상일 것
RCEP,81,81.12,8112.52,8112.52,6단위 세번변경기준
RCEP,81,81.12,8112.59,8112.59,6단위 세번변경기준 또는 당사자에서 발생한 부가가치가 40퍼 센트 이상일 것
RCEP,81,81.12,8112.61,8112.61,6단위 세번변경기준
RCEP,81,81.12,8112.69,8112.69,6단위 세번변경기준 또는 당사자에서 발생한 부가가치가 40퍼 센트 이상일 것
RCEP,81,81.12,8112.92,8112.92,4단위 세번변경기준 또는 당사자에서 발생한 부가가치가 40퍼 센트 이상일 것
RCEP,81,81.12,8112.99,8112.99,6단위 세번변경기준 또는 당사자에서 발생한 부가가치가 40퍼 센트 이상일 것
RCEP,81,81.13,8113.00,8113.00,2단위 세번변경기준 또는 당사자에서 발생한 부가가치가 40퍼 센트 이상일 것
RCEP,82,,,82,2단위 세번변경기준 또는 당사자에서 발생한 부가가치가 40퍼 센트 이상일 것
RCEP,83,83.01,8301.10,8301.10,6단위 세번변경기준 또는 당사자에서 발생한 부가가치가 40퍼 센트 이상일 것
RCEP,83,83.01,8301.20,8301.20,6단위 세번변경기준 또는 당사자에서 발생한 부가가치가 40퍼 센트 이상일 것
RCEP,83,83.01,8301.30,8301.30,6단위 세번변경기준 또는 당사자에서 발생한 부가가치가 40퍼 센트 이상일 것
RCEP,83,83.01,8301.40,8301.40,6단위 세번변경기준 또는 당사자에서 발생한 부가가치가 40퍼 센트 이상일 것
RCEP,83,83.01,8301.50,8301.50,6단위 세번변경기준 또는 당사자에서 발생한 부가가치가 40퍼 센트 이상일 것
RCEP,83,83.01,8301.60,8301.60,4단위 세번변경기준 또는 당사자에서 발생한 부가가치가 40퍼 센트 이상일 것
RCEP,83,83.01,8301.70,8301.70,4단위 세번변경기준 또는 당사자에서 발생한 부가가치가 40퍼 센트 이상일 것
RCEP,83,83.02,,83.02,4단위 세번변경기준 또는 당사자에서 발생한 부가가치가 40퍼 센트 이상일 것
RCEP,83,83.03,8303.00,8303.00,4단위 세번변경기준 또는 당사자에서 발생한 부가가치가 40퍼 센트 이상일 것
RCEP,83,83.04,8304.00,8304.00,4단위 세번변경기준 또는 당사자에서 발생한 부가가치가 40퍼 센트 이상일 것
RCEP,83,83.05,,83.05,4단위 세번변경기준 또는 당사자에서 발생한 부가가치가 40퍼 센트 이상일 것
RCEP,83,83.06,,83.06,4단위 세번변경기준 또는 당사자에서 발생한 부가가치가 40퍼 센트 이상일 것
RCEP,83,83.07,,83.07,4단위 세번변경기준 또는 당사자에서 발생한 부가가치가 40퍼 센트 이상일 것
RCEP,83,83.08,,83.08,4단위 세번변경기준 또는 당사자에서 발생한 부가가치가 40퍼 센트 이상일 것
RCEP,83,83.09,,83.09,4단위 세번변경기준 또는 당사자에서 발생한 부가가치가 40퍼 센트 이상일 것
RCEP,83,83.10,8310.00,8310.00,4단위 세번변경기준 또는 당사자에서 발생한 부가가치가 40퍼 센트 이상일 것
RCEP,83,83.11,,83.11,4단위 세번변경기준 또는 당사자에서 발생한 부가가치가 40퍼 센트 이상일 것
RCEP,84,84.01,8401.10,8401.10,6단위 세번변경기준 또는 당사자에서 발생한 부가가치가 40퍼 센트 이상일 것
RCEP,84,84.01,8401.20,8401.20,6단위 세번변경기준 또는 당사자에서 발생한 부가가치가 40퍼 센트 이상일 것
RCEP,84,84.01,8401.30,8401.30,6단위 세번변경기준 또는 당사자에서 발생한 부가가치가 40퍼 센트 이상일 것
RCEP,84,84.01,8401.40,8401.40,4단위 세번변경기준 또는 당사자에서 발생한 부가가치가 40퍼 센트 이상일 것
RCEP,84,84.02,8402.11,8402.11,6단위 세번변경기준 또는 당사자에서 발생한 부가가치가 40퍼 센트 이상일 것
RCEP,84,84.02,8402.12,8402.12,6단위 세번변경기준 또는 당사자에서 발생한 부가가치가 40퍼 센트 이상일 것
RCEP,84,84.02,8402.19,8402.19,6단위 세번변경기준 또는 당사자에서 발생한 부가가치가 40퍼 센트 이상일 것
RCEP,84,84.02,8402.20,8402.20,6단위 세번변경기준 또는 당사자에서 발생한 부가가치가 40퍼 센트 이상일 것
RCEP,84,84.02,8402.90,8402.90,4단위 세번변경기준 또는 당사자에서 발생한 부가가치가 40퍼 센트 이상일 것
RCEP,84,84.03,8403.10,8403.10,6단위 세번변경기준 또는 당사자에서 발생한 부가가치가 40퍼 센트 이상일 것
RCEP,84,84.03,8403.90,8403.90,4단위 세번변경기준 또는 당사자에서 발생한 부가가치가 40퍼 센트 이상일 것
RCEP,84,84.04,8404.10,8404.10,6단위 세번변경기준 또는 당사자에서 발생한 부가가치가 40퍼 센트 이상일 것
RCEP,84,84.04,8404.20,8404.20,6단위 세번변경기준 또는 당사자에서 발생한 부가가치가 40퍼 센트 이상일 것
RCEP,84,84.04,8404.90,8404.90,4단위 세번변경기준 또는 당사자에서 발생한 부가가치가 40퍼 센트 이상일 것
RCEP,84,84.05,8405.10,8405.10,6단위 세번변경기준 또는 당사자에서 발생한 부가가치가 40퍼 센트 이상일 것
RCEP,84,84.05,8405.90,8405.90,4단위 세번변경기준 또는 당사자에서 발생한 부가가치가 40퍼 센트 이상일 것
RCEP,84,84.06,8406.10,8406.10,6단위 세번변경기준 또는 당사자에서 발생한 부가가치가 40퍼 센트 이상일 것
RCEP,84,84.06,8406.81,8406.81,6단위 세번변경기준 또는 당사자에서 발생한 부가가치가 40퍼 센트 이상일 것
RCEP,84,84.06,8406.82,8406.82,6단위 세번변경기준 또는 당사자에서 발생한 부가가치가 40퍼 센트 이상일 것
RCEP,84,84.06,8406.90,8406.90,4단위 세번변경기준 또는 당사자에서 발생한 부가가치가 40퍼 센트 이상일 것
RCEP,84,84.07,,84.07,4단위 세번변경기준 또는 당사자에서 발생한 부가가치가 40퍼 센트 이상일 것
RCEP,84,84.08,8408.10,8408.10,4단위 세번변경기준 또는 당사자에서 발생한 부가가치가 40퍼 센트 이상일 것
RCEP,84,84.08,8408.20,8408.20,2단위 세번변경기준 또는 당사자에서 발생한 부가가치가 40퍼 센트 이상일 것
RCEP,84,84.08,8408.90,8408.90,4단위 세번변경기준 또는 당사자에서 발생한 부가가치가 40퍼 센트 이상일 것
RCEP,84,84.09,,84.09,4단위 세번변경기준 또는 당사자에서 발생한 부가가치가 40퍼 센트 이상일 것
RCEP,84,84.10,8410.11,8410.11,6단위 세번변경기준 또는 당사자에서 발생한 부가가치가 40퍼 센트 이상일 것
RCEP,84,84.10,8410.12,8410.12,6단위 세번변경기준 또는 당사자에서 발생한 부가가치가 40퍼 센트 이상일 것
RCEP,84,84.10,8410.13,8410.13,6단위 세번변경기준 또는 당사자에서 발생한 부가가치가 40퍼 센트 이상일 것
RCEP,84,84.10,8410.90,8410.90,4단위 세번변경기준 또는 당사자에서 발생한 부가가치가 40퍼 센트 이상일 것
RCEP,84,84.11,8411.11,8411.11,6단위 세번변경기준 또는 당사자에서 발생한 부가가치가 40퍼 센트 이상일 것
RCEP,84,84.11,8411.12,8411.12,6단위 세번변경기준 또는 당사자에서 발생한 부가가치가 40퍼 센트 이상일 것
RCEP,84,84.11,8411.21,8411.21,6단위 세번변경기준 또는 당사자에서 발생한 부가가치가 40퍼 센트 이상일 것
RCEP,84,84.11,8411.22,8411.22,6단위 세번변경기준 또는 당사자에서 발생한 부가가치가 40퍼 센트 이상일 것
RCEP,84,84.11,8411.81,8411.81,6단위 세번변경기준 또는 당사자에서 발생한 부가가치가 40퍼 센트 이상일 것
RCEP,84,84.11,8411.82,8411.82,6단위 세번변경기준 또는 당사자에서 발생한 부가가치가 40퍼 센트 이상일 것
RCEP,84,84.11,8411.91,8411.91,4단위 세번변경기준 또는 당사자에서 발생한 부가가치가 40퍼 센트 이상일 것
RCEP,84,84.11,8411.99,8411.99,4단위 세번변경기준 또는 당사자에서 발생한 부가가치가 40퍼 센트 이상일 것
RCEP,84,84.12,8412.10,8412.10,6단위 세번변경기준 또는 당사자에서 발생한 부가가치가 40퍼 센트 이상일 것
RCEP,84,84.12,8412.21,8412.21,6단위 세번변경기준 또는 당사자에서 발생한 부가가치가 40퍼 센트 이상일 것
RCEP,84,84.12,8412.29,8412.29,6단위 세번변경기준 또는 당사자에서 발생한 부가가치가 40퍼 센트 이상일 것
RCEP,84,84.12,8412.31,8412.31,6단위 세번변경기준 또는 당사자에서 발생한 부가가치가 40퍼 센트 이상일 것
RCEP,84,84.12,8412.39,8412.39,6단위 세번변경기준 또는 당사자에서 발생한 부가가치가 40퍼 센트 이상일 것
RCEP,84,84.12,8412.80,8412.80,6단위 세번변경기준 또는 당사자에서 발생한 부가가치가 40퍼 센트 이상일 것
RCEP,84,84.12,8412.90,8412.90,4단위 세번변경기준 또는 당사자에서 발생한 부가가치가 40퍼 센트 이상일 것
RCEP,84,84.13,8413.11,8413.11,6단위 세번변경기준 또는 당사자에서 발생한 부가가치가 40퍼 센트 이상일 것
RCEP,84,84.13,8413.19,8413.19,6단위 세번변경기준 또는 당사자에서 발생한 부가가치가 40퍼 센트 이상일 것
RCEP,84,84.13,8413.20,8413.20,6단위 세번변경기준 또는 당사자에서 발생한 부가가치가 40퍼 센트 이상일 것
RCEP,84,84.13,8413.30,8413.30,6단위 세번변경기준 또는 당사자에서 발생한 부가가치가 40퍼 센트 이상일 것
RCEP,84,84.13,8413.40,8413.40,6단위 세번변경기준 또는 당사자에서 발생한 부가가치가 40퍼 센트 이상일 것
RCEP,84,84.13,8413.50,8413.50,6단위 세번변경기준 또는 당사자에서 발생한 부가가치가 40퍼 센트 이상일 것
RCEP,84,84.13,8413.60,8413.60,6단위 세번변경기준 또는 당사자에서 발생한 부가가치가 40퍼 센트 이상일 것
RCEP,84,84.13,8413.70,8413.70,6단위 세번변경기준 또는 당사자에서 발생한 부가가치가 40퍼 센트 이상일 것
RCEP,84,84.13,8413.81,8413.81,6단위 세번변경기준 또는 당사자에서 발생한 부가가치가 40퍼 센트 이상일 것
RCEP,84,84.13,8413.82,8413.82,6단위 세번변경기준 또는 당사자에서 발생한 부가가치가 40퍼 센트 이상일 것
RCEP,84,84.13,8413.91,8413.91,4단위 세번변경기준 또는 당사자에서 발생한 부가가치가 40퍼 센트 이상일 것
RCEP,84,84.13,8413.92,8413.92,4단위 세번변경기준 또는 당사자에서 발생한 부가가치가 40퍼 센트 이상일 것
RCEP,84,84.14,8414.10,8414.10,6단위 세번변경기준 또는 당사자에서 발생한 부가가치가 40퍼 센트 이상일 것
RCEP,84,84.14,8414.20,8414.20,6단위 세번변경기준 또는 당사자에서 발생한 부가가치가 40퍼 센트 이상일 것
RCEP,84,84.14,8414.30,8414.30,6단위 세번변경기준 또는 당사자에서 발생한 부가가치가 40퍼 센트 이상일 것
RCEP,84,84.14,8414.40,8414.40,6단위 세번변경기준 또는 당사자에서 발생한 부가가치가 40퍼 센트 이상일 것
RCEP,84,84.14,8414.51,8414.51,6단위 세번변경기준 또는 당사자에서 발생한 부가가치가 40퍼 센트 이상일 것
RCEP,84,84.14,8414.59,8414.59,6단위 세번변경기준 또는 당사자에서 발생한 부가가치가 40퍼 센트 이상일 것
RCEP,84,84.14,8414.60,8414.60,6단위 세번변경기준 또는 당사자에서 발생한 부가가치가 40퍼 센트 이상일 것
RCEP,84,84.14,8414.70,8414.70,6단위 세번변경기준 또는 당사자에서 발생한 부가가치가 40퍼 센트 이상일 것
RCEP,84,84.14,8414.80,8414.80,6단위 세번변경기준 또는 당사자에서 발생한 부가가치가 40퍼 센트 이상일 것
RCEP,84,84.14,8414.90,8414.90,4단위 세번변경기준 또는 당사자에서 발생한 부가가치가 40퍼 센트 이상일 것
RCEP,84,84.15,8415.10,8415.10,6단위 세번변경기준 또는 당사자에서 발생한 부가가치가 40퍼 센트 이상일 것
RCEP,84,84.15,8415.20,8415.20,4단위 세번변경기준 또는 당사자에서 발생한 부가가치가 40퍼 센트 이상일 것
RCEP,84,84.15,8415.81,8415.81,6단위 세번변경기준 또는 당사자에서 발생한 부가가치가 40퍼 센트 이상일 것
RCEP,84,84.15,8415.82,8415.82,6단위 세번변경기준 또는 당사자에서 발생한 부가가치가 40퍼 센트 이상일 것
RCEP,84,84.15,8415.83,8415.83,6단위 세번변경기준 또는 당사자에서 발생한 부가가치가 40퍼 센트 이상일 것
RCEP,84,84.15,8415.90,8415.90,4단위 세번변경기준 또는 당사자에서 발생한 부가가치가 40퍼 센트 이상일 것
RCEP,84,84.16,8416.10,8416.10,6단위 세번변경기준 또는 당사자에서 발생한 부가가치가 40퍼 센트 이상일 것
RCEP,84,84.16,8416.20,8416.20,6단위 세번변경기준 또는 당사자에서 발생한 부가가치가 40퍼 센트 이상일 것
RCEP,84,84.16,8416.30,8416.30,6단위 세번변경기준 또는 당사자에서 발생한 부가가치가 40퍼 센트 이상일 것
RCEP,84,84.16,8416.90,8416.90,4단위 세번변경기준 또는 당사자에서 발생한 부가가치가 40퍼 센트 이상일 것
RCEP,84,84.17,8417.10,8417.10,6단위 세번변경기준 또는 당사자에서 발생한 부가가치가 40퍼 센트 이상일 것
RCEP,84,84.17,8417.20,8417.20,6단위 세번변경기준 또는 당사자에서 발생한 부가가치가 40퍼 센트 이상일 것
RCEP,84,84.17,8417.80,8417.80,6단위 세번변경기준 또는 당사자에서 발생한 부가가치가 40퍼 센트 이상일 것
RCEP,84,84.17,8417.90,8417.90,4단위 세번변경기준 또는 당사자에서 발생한 부가가치가 40퍼 센트 이상일 것
RCEP,84,84.18,8418.10,8418.10,6단위 세번변경기준 또는 당사자에서 발생한 부가가치가 40퍼 센트 이상일 것
RCEP,84,84.18,8418.21,8418.21,6단위 세번변경기준 또는 당사자에서 발생한 부가가치가 40퍼 센트 이상일 것
RCEP,84,84.18,8418.29,8418.29,6단위 세번변경기준 또는 당사자에서 발생한 부가가치가 40퍼 센트 이상일 것
RCEP,84,84.18,8418.30,8418.30,6단위 세번변경기준 또는 당사자에서 발생한 부가가치가 40퍼 센트 이상일 것
RCEP,84,84.18,8418.40,8418.40,6단위 세번변경기준 또는 당사자에서 발생한 부가가치가 40퍼 센트 이상일 것
RCEP,84,84.18,8418.50,8418.50,6단위 세번변경기준 또는 당사자에서 발생한 부가가치가 40퍼 센트 이상일 것
RCEP,84,84.18,8418.61,8418.61,6단위 세번변경기준 또는 당사자에서 발생한 부가가치가 40퍼 센트 이상일 것
RCEP,84,84.18,8418.69,8418.69,6단위 세번변경기준 또는 당사자에서 발생한 부가가치가 40퍼 센트 이상일 것
RCEP,84,84.18,8418.91,8418.91,4단위 세번변경기준 또는 당사자에서 발생한 부가가치가 40퍼 센트 이상일 것
RCEP,84,84.18,8418.99,8418.99,4단위 세번변경기준 또는 당사자에서 발생한 부가가치가 40퍼 센트 이상일 것
RCEP,84,84.19,8419.11,8419.11,6단위 세번변경기준 또는 당사자에서 발생한 부가가치가 40퍼 센트 이상일 것
RCEP,84,84.19,8419.12,8419.12,6단위 세번변경기준 또는 당사자에서 발생한 부가가치가 40퍼 센트 이상일 것
RCEP,84,84.19,8419.19,8419.19,6단위 세번변경기준 또는 당사자에서 발생한 부가가치가 40퍼 센트 이상일 것
RCEP,84,84.19,8419.20,8419.20,6단위 세번변경기준 또는 당사자에서 발생한 부가가치가 40퍼 센트 이상일 것
RCEP,84,84.19,8419.33,8419.33,6단위 세번변경기준 또는 당사자에서 발생한 부가가치가 40퍼 센트 이상일 것
RCEP,84,84.19,8419.34,8419.34,6단위 세번변경기준 또는 당사자에서 발생한 부가가치가 40퍼 센트 이상일 것
RCEP,84,84.19,8419.35,8419.35,6단위 세번변경기준 또는 당사자에서 발생한 부가가치가 40퍼 센트 이상일 것
RCEP,84,84.19,8419.39,8419.39,6단위 세번변경기준 또는 당사자에서 발생한 부가가치가 40퍼 센트 이상일 것
RCEP,84,84.19,8419.40,8419.40,6단위 세번변경기준 또는 당사자에서 발생한 부가가치가 40퍼 센트 이상일 것
RCEP,84,84.19,8419.50,8419.50,6단위 세번변경기준 또는 당사자에서 발생한 부가가치가 40퍼 센트 이상일 것
RCEP,84,84.19,8419.60,8419.60,6단위 세번변경기준 또는 당사자에서 발생한 부가가치가 40퍼 센트 이상일 것
RCEP,84,84.19,8419.81,8419.81,6단위 세번변경기준 또는 당사자에서 발생한 부가가치가 40퍼 센트 이상일 것
RCEP,84,84.19,8419.89,8419.89,6단위 세번변경기준 또는 당사자에서 발생한 부가가치가 40퍼 센트 이상일 것
RCEP,84,84.19,8419.90,8419.90,4단위 세번변경기준 또는 당사자에서 발생한 부가가치가 40퍼 센트 이상일 것
RCEP,84,84.20,8420.10,8420.10,6단위 세번변경기준 또는 당사자에서 발생한 부가가치가 40퍼 센트 이상일 것
RCEP,84,84.20,8420.91,8420.91,4단위 세번변경기준 또는 당사자에서 발생한 부가가치가 40퍼 센트 이상일 것
RCEP,84,84.20,8420.99,8420.99,4단위 세번변경기준 또는 당사자에서 발생한 부가가치가 40퍼 센트 이상일 것
RCEP,84,84.21,8421.11,8421.11,6단위 세번변경기준 또는 당사자에서 발생한 부가가치가 40퍼 센트 이상일 것
RCEP,84,84.21,8421.12,8421.12,6단위 세번변경기준 또는 당사자에서 발생한 부가가치가 40퍼 센트 이상일 것
RCEP,84,84.21,8421.19,8421.19,6단위 세번변경기준 또는 당사자에서 발생한 부가가치가 40퍼 센트 이상일 것
RCEP,84,84.21,8421.21,8421.21,6단위 세번변경기준 또는 당사자에서 발생한 부가가치가 40퍼 센트 이상일 것
RCEP,84,84.21,8421.22,8421.22,6단위 세번변경기준 또는 당사자에서 발생한 부가가치가 40퍼 센트 이상일 것
RCEP,84,84.21,8421.23,8421.23,6단위 세번변경기준 또는 당사자에서 발생한 부가가치가 40퍼 센트 이상일 것
RCEP,84,84.21,8421.29,8421.29,6단위 세번변경기준 또는 당사자에서 발생한 부가가치가 40퍼 센트 이상일 것
RCEP,84,84.21,8421.31,8421.31,6단위 세번변경기준 또는 당사자에서 발생한 부가가치가 40퍼 센트 이상일 것
RCEP,84,84.21,8421.32,8421.32,6단위 세번변경기준 또는 당사자에서 발생한 부가가치가 40퍼 센트 이상일 것
RCEP,84,84.21,8421.39,8421.39,6단위 세번변경기준 또는 당사자에서 발생한 부가가치가 40퍼 센트 이상일 것
RCEP,84,84.21,8421.91,8421.91,4단위 세번변경기준 또는 당사자에서 발생한 부가가치가 40퍼 센트 이상일 것
RCEP,84,84.21,8421.99,8421.99,4단위 세번변경기준 또는 당사자에서 발생한 부가가치가 40퍼 센트 이상일 것
RCEP,84,84.22,8422.11,8422.11,6단위 세번변경기준 또는 당사자에서 발생한 부가가치가 40퍼 센트 이상일 것
RCEP,84,84.22,8422.19,8422.19,6단위 세번변경기준 또는 당사자에서 발생한 부가가치가 40퍼 센트 이상일 것
RCEP,84,84.22,8422.20,8422.20,6단위 세번변경기준 또는 당사자에서 발생한 부가가치가 40퍼 센트 이상일 것
RCEP,84,84.22,8422.30,8422.30,6단위 세번변경기준 또는 당사자에서 발생한 부가가치가 40퍼 센트 이상일 것
RCEP,84,84.22,8422.40,8422.40,6단위 세번변경기준 또는 당사자에서 발생한 부가가치가 40퍼 센트 이상일 것
RCEP,84,84.22,8422.90,8422.90,4단위 세번변경기준 또는 당사자에서 발생한 부가가치가 40퍼 센트 이상일 것
RCEP,84,84.23,8423.10,8423.10,6단위 세번변경기준 또는 당사자에서 발생한 부가가치가 40퍼 센트 이상일 것
RCEP,84,84.23,8423.20,8423.20,6단위 세번변경기준 또는 당사자에서 발생한 부가가치가 40퍼 센트 이상일 것
RCEP,84,84.23,8423.30,8423.30,6단위 세번변경기준 또는 당사자에서 발생한 부가가치가 40퍼 센트 이상일 것
RCEP,84,84.23,8423.81,8423.81,6단위 세번변경기준 또는 당사자에서 발생한 부가가치가 40퍼 센트 이상일 것
RCEP,84,84.23,8423.82,8423.82,6단위 세번변경기준 또는 당사자에서 발생한 부가가치가 40퍼 센트 이상일 것
RCEP,84,84.23,8423.89,8423.89,6단위 세번변경기준 또는 당사자에서 발생한 부가가치가 40퍼 센트 이상일 것
RCEP,84,84.23,8423.90,8423.90,4단위 세번변경기준 또는 당사자에서 발생한 부가가치가 40퍼 센트 이상일 것
RCEP,84,84.24,8424.10,8424.10,6단위 세번변경기준 또는 당사자에서 발생한 부가가치가 40퍼 센트 이상일 것
RCEP,84,84.24,8424.20,8424.20,6단위 세번변경기준 또는 당사자에서 발생한 부가가치가 40퍼 센트 이상일 것
RCEP,84,84.24,8424.30,8424.30,6단위 세번변경기준 또는 당사자에서 발생한 부가가치가 40퍼 센트 이상일 것
RCEP,84,84.24,8424.41,8424.41,6단위 세번변경기준 또는 당사자에서 발생한 부가가치가 40퍼 센트 이상일 것
RCEP,84,84.24,8424.49,8424.49,6단위 세번변경기준 또는 당사자에서 발생한 부가가치가 40퍼 센트 이상일 것
RCEP,84,84.24,8424.82,8424.82,6단위 세번변경기준 또는 당사자에서 발생한 부가가치가 40퍼 센트 이상일 것
RCEP,84,84.24,8424.89,8424.89,6단위 세번변경기준 또는 당사자에서 발생한 부가가치가 40퍼 센트 이상일 것
RCEP,84,84.24,8424.90,8424.90,4단위 세번변경기준 또는 당사자에서 발생한 부가가치가 40퍼 센트 이상일 것
RCEP,84,84.25,,84.25,4단위 세번변경기준 또는 당사자에서 발생한 부가가치가 40퍼 센트 이상일 것
RCEP,84,84.26,,84.26,4단위 세번변경기준 또는 당사자에서 발생한 부가가치가 40퍼 센트 이상일 것
RCEP,84,84.27,,84.27,4단위 세번변경기준 또는 당사자에서 발생한 부가가치가 40퍼 센트 이상일 것
RCEP,84,84.28,,84.28,4단위 세번변경기준 또는 당사자에서 발생한 부가가치가 40퍼 센트 이상일 것
RCEP,84,84.29,,84.29,4단위 세번변경기준 또는 당사자에서 발생한 부가가치가 40퍼 센트 이상일 것
RCEP,84,84.30,,84.30,4단위 세번변경기준 또는 당사자에서 발생한 부가가치가 40퍼 센트 이상일 것
RCEP,84,84.31,,84.31,4단위 세번변경기준 또는 당사자에서 발생한 부가가치가 40퍼 센트 이상일 것
RCEP,84,84.32,8432.10,8432.10,6단위 세번변경기준 또는 당사자에서 발생한 부가가치가 40퍼 센트 이상일 것
RCEP,84,84.32,8432.21,8432.21,6단위 세번변경기준 또는 당사자에서 발생한 부가가치가 40퍼 센트 이상일 것
RCEP,84,84.32,8432.29,8432.29,6단위 세번변경기준 또는 당사자에서 발생한 부가가치가 40퍼 센트 이상일 것
RCEP,84,84.32,8432.31,8432.31,6단위 세번변경기준 또는 당사자에서 발생한 부가가치가 40퍼 센트 이상일 것
RCEP,84,84.32,8432.39,8432.39,6단위 세번변경기준 또는 당사자에서 발생한 부가가치가 40퍼 센트 이상일 것
RCEP,84,84.32,8432.41,8432.41,6단위 세번변경기준 또는 당사자에서 발생한 부가가치가 40퍼 센트 이상일 것
RCEP,84,84.32,8432.42,8432.42,6단위 세번변경기준 또는 당사자에서 발생한 부가가치가 40퍼 센트 이상일 것
RCEP,84,84.32,8432.80,8432.80,6단위 세번변경기준 또는 당사자에서 발생한 부가가치가 40퍼 센트 이상일 것
RCEP,84,84.32,8432.90,8432.90,4단위 세번변경기준 또는 당사자에서 발생한 부가가치가 40퍼 센트 이상일 것
RCEP,84,84.33,8433.11,8433.11,6단위 세번변경기준 또는 당사자에서 발생한 부가가치가 40퍼 센트 이상일 것
RCEP,84,84.33,8433.19,8433.19,6단위 세번변경기준 또는 당사자에서 발생한 부가가치가 40퍼 센트 이상일 것
RCEP,84,84.33,8433.20,8433.20,6단위 세번변경기준 또는 당사자에서 발생한 부가가치가 40퍼 센트 이상일 것
RCEP,84,84.33,8433.30,8433.30,6단위 세번변경기준 또는 당사자에서 발생한 부가가치가 40퍼 센트 이상일 것
RCEP,84,84.33,8433.40,8433.40,6단위 세번변경기준 또는 당사자에서 발생한 부가가치가 40퍼 센트 이상일 것
RCEP,84,84.33,8433.51,8433.51,6단위 세번변경기준 또는 당사자에서 발생한 부가가치가 40퍼 센트 이상일 것
RCEP,84,84.33,8433.52,8433.52,6단위 세번변경기준 또는 당사자에서 발생한 부가가치가 40퍼 센트 이상일 것
RCEP,84,84.33,8433.53,8433.53,6단위 세번변경기준 또는 당사자에서 발생한 부가가치가 40퍼 센트 이상일 것
RCEP,84,84.33,8433.59,8433.59,6단위 세번변경기준 또는 당사자에서 발생한 부가가치가 40퍼 센트 이상일 것
RCEP,84,84.33,8433.60,8433.60,6단위 세번변경기준 또는 당사자에서 발생한 부가가치가 40퍼 센트 이상일 것
RCEP,84,84.33,8433.90,8433.90,4단위 세번변경기준 또는 당사자에서 발생한 부가가치가 40퍼 센트 이상일 것
RCEP,84,84.34,8434.10,8434.10,6단위 세번변경기준 또는 당사자에서 발생한 부가가치가 40퍼 센트 이상일 것
RCEP,84,84.34,8434.20,8434.20,6단위 세번변경기준 또는 당사자에서 발생한 부가가치가 40퍼 센트 이상일 것
RCEP,84,84.34,8434.90,8434.90,4단위 세번변경기준 또는 당사자에서 발생한 부가가치가 40퍼 센트 이상일 것
RCEP,84,84.35,8435.10,8435.10,6단위 세번변경기준 또는 당사자에서 발생한 부가가치가 40퍼 센트 이상일 것
RCEP,84,84.35,8435.90,8435.90,4단위 세번변경기준 또는 당사자에서 발생한 부가가치가 40퍼 센트 이상일 것
RCEP,84,84.36,8436.10,8436.10,6단위 세번변경기준 또는 당사자에서 발생한 부가가치가 40퍼 센트 이상일 것
RCEP,84,84.36,8436.21,8436.21,6단위 세번변경기준 또는 당사자에서 발생한 부가가치가 40퍼 센트 이상일 것
RCEP,84,84.36,8436.29,8436.29,6단위 세번변경기준 또는 당사자에서 발생한 부가가치가 40퍼 센트 이상일 것
RCEP,84,84.36,8436.80,8436.80,6단위 세번변경기준 또는 당사자에서 발생한 부가가치가 40퍼 센트 이상일 것
RCEP,84,84.36,8436.91,8436.91,4단위 세번변경기준 또는 당사자에서 발생한 부가가치가 40퍼 센트 이상일 것
RCEP,84,84.36,8436.99,8436.99,4단위 세번변경기준 또는 당사자에서 발생한 부가가치가 40퍼 센트 이상일 것
RCEP,84,84.37,8437.10,8437.10,6단위 세번변경기준 또는 당사자에서 발생한 부가가치가 40퍼 센트 이상일 것
RCEP,84,84.37,8437.80,8437.80,6단위 세번변경기준 또는 당사자에서 발생한 부가가치가 40퍼 센트 이상일 것
RCEP,84,84.37,8437.90,8437.90,4단위 세번변경기준 또는 당사자에서 발생한 부가가치가 40퍼 센트 이상일 것
RCEP,84,84.38,8438.10,8438.10,6단위 세번변경기준 또는 당사자에서 발생한 부가가치가 40퍼 센트 이상일 것
RCEP,84,84.38,8438.20,8438.20,6단위 세번변경기준 또는 당사자에서 발생한 부가가치가 40퍼 센트 이상일 것
RCEP,84,84.38,8438.30,8438.30,6단위 세번변경기준 또는 당사자에서 발생한 부가가치가 40퍼 센트 이상일 것
RCEP,84,84.38,8438.40,8438.40,6단위 세번변경기준 또는 당사자에서 발생한 부가가치가 40퍼 센트 이상일 것
RCEP,84,84.38,8438.50,8438.50,6단위 세번변경기준 또는 당사자에서 발생한 부가가치가 40퍼 센트 이상일 것
RCEP,84,84.38,8438.60,8438.60,6단위 세번변경기준 또는 당사자에서 발생한 부가가치가 40퍼 센트 이상일 것
RCEP,84,84.38,8438.80,8438.80,6단위 세번변경기준 또는 당사자에서 발생한 부가가치가 40퍼 센트 이상일 것
RCEP,84,84.38,8438.90,8438.90,4단위 세번변경기준 또는 당사자에서 발생한 부가가치가 40퍼 센트 이상일 것
RCEP,84,84.39,8439.10,8439.10,6단위 세번변경기준 또는 당사자에서 발생한 부가가치가 40퍼 센트 이상일 것
RCEP,84,84.39,8439.20,8439.20,6단위 세번변경기준 또는 당사자에서 발생한 부가가치가 40퍼 센트 이상일 것
RCEP,84,84.39,8439.30,8439.30,6단위 세번변경기준 또는 당사자에서 발생한 부가가치가 40퍼 센트 이상일 것
RCEP,84,84.39,8439.91,8439.91,4단위 세번변경기준 또는 당사자에서 발생한 부가가치가 40퍼 센트 이상일 것
RCEP,84,84.39,8439.99,8439.99,4단위 세번변경기준 또는 당사자에서 발생한 부가가치가 40퍼 센트 이상일 것
RCEP,84,84.40,8440.10,8440.10,6단위 세번변경기준 또는 당사자에서 발생한 부가가치가 40퍼 센트 이상일 것
RCEP,84,84.40,8440.90,8440.90,4단위 세번변경기준 또는 당사자에서 발생한 부가가치가 40퍼 센트 이상일 것
RCEP,84,84.41,8441.10,8441.10,6단위 세번변경기준 또는 당사자에서 발생한 부가가치가 40퍼 센트 이상일 것
RCEP,84,84.41,8441.20,8441.20,6단위 세번변경기준 또는 당사자에서 발생한 부가가치가 40퍼 센트 이상일 것
RCEP,84,84.41,8441.30,8441.30,6단위 세번변경기준 또는 당사자에서 발생한 부가가치가 40퍼 센트 이상일 것
RCEP,84,84.41,8441.40,8441.40,6단위 세번변경기준 또는 당사자에서 발생한 부가가치가 40퍼 센트 이상일 것
RCEP,84,84.41,8441.80,8441.80,6단위 세번변경기준 또는 당사자에서 발생한 부가가치가 40퍼 센트 이상일 것
RCEP,84,84.41,8441.90,8441.90,4단위 세번변경기준 또는 당사자에서 발생한 부가가치가 40퍼 센트 이상일 것
RCEP,84,84.42,8442.30,8442.30,6단위 세번변경기준 또는 당사자에서 발생한 부가가치가 40퍼 센트 이상일 것
RCEP,84,84.42,8442.40,8442.40,4단위 세번변경기준 또는 당사자에서 발생한 부가가치가 40퍼 센트 이상일 것
RCEP,84,84.42,8442.50,8442.50,4단위 세번변경기준 또는 당사자에서 발생한 부가가치가 40퍼 센트 이상일 것
RCEP,84,84.43,8443.11,8443.11,6단위 세번변경기준 또는 당사자에서 발생한 부가가치가 40퍼 센트 이상일 것
RCEP,84,84.43,8443.12,8443.12,6단위 세번변경기준 또는 당사자에서 발생한 부가가치가 40퍼 센트 이상일 것
RCEP,84,84.43,8443.13,8443.13,6단위 세번변경기준 또는 당사자에서 발생한 부가가치가 40퍼 센트 이상일 것
RCEP,84,84.43,8443.14,8443.14,6단위 세번변경기준 또는 당사자에서 발생한 부가가치가 40퍼 센트 이상일 것
RCEP,84,84.43,8443.15,8443.15,6단위 세번변경기준 또는 당사자에서 발생한 부가가치가 40퍼 센트 이상일 것
RCEP,84,84.43,8443.16,8443.16,6단위 세번변경기준 또는 당사자에서 발생한 부가가치가 40퍼 센트 이상일 것
RCEP,84,84.43,8443.17,8443.17,6단위 세번변경기준 또는 당사자에서 발생한 부가가치가 40퍼 센트 이상일 것
RCEP,84,84.43,8443.19,8443.19,6단위 세번변경기준 또는 당사자에서 발생한 부가가치가 40퍼 센트 이상일 것
RCEP,84,84.43,8443.31,8443.31,6단위 세번변경기준 또는 당사자에서 발생한 부가가치가 40퍼 센트 이상일 것
RCEP,84,84.43,8443.32,8443.32,6단위 세번변경기준 또는 당사자에서 발생한 부가가치가 40퍼 센트 이상일 것
RCEP,84,84.43,8443.39,8443.39,6단위 세번변경기준 또는 당사자에서 발생한 부가가치가 40퍼 센트 이상일 것
RCEP,84,84.43,8443.91,8443.91,4단위 세번변경기준 또는 당사자에서 발생한 부가가치가 40퍼 센트 이상일 것
RCEP,84,84.43,8443.99,8443.99,4단위 세번변경기준 또는 당사자에서 발생한 부가가치가 40퍼 센트 이상일 것
RCEP,84,84.44,8444.00,8444.00,4단위 세번변경기준 또는 당사자에서 발생한 부가가치가 40퍼 센트 이상일 것
RCEP,84,84.45,,84.45,4단위 세번변경기준 또는 당사자에서 발생한 부가가치가 40퍼 센트 이상일 것
RCEP,84,84.46,,84.46,4단위 세번변경기준 또는 당사자에서 발생한 부가가치가 40퍼 센트 이상일 것
RCEP,84,84.47,,84.47,4단위 세번변경기준 또는 당사자에서 발생한 부가가치가 40퍼 센트 이상일 것
RCEP,84,84.48,8448.11,8448.11,6단위 세번변경기준 또는 당사자에서 발생한 부가가치가 40퍼 센트 이상일 것
RCEP,84,84.48,8448.19,8448.19,6단위 세번변경기준 또는 당사자에서 발생한 부가가치가 40퍼 센트 이상일 것
RCEP,84,84.48,8448.20,8448.20,4단위 세번변경기준 또는 당사자에서 발생한 부가가치가 40퍼 센트 이상일 것
RCEP,84,84.48,8448.31,8448.31,4단위 세번변경기준 또는 당사자에서 발생한 부가가치가 40퍼 센트 이상일 것
RCEP,84,84.48,8448.32,8448.32,4단위 세번변경기준 또는 당사자에서 발생한 부가가치가 40퍼 센트 이상일 것
RCEP,84,84.48,8448.33,8448.33,4단위 세번변경기준 또는 당사자에서 발생한 부가가치가 40퍼 센트 이상일 것
RCEP,84,84.48,8448.39,8448.39,4단위 세번변경기준 또는 당사자에서 발생한 부가가치가 40퍼 센트 이상일 것
RCEP,84,84.48,8448.42,8448.42,4단위 세번변경기준 또는 당사자에서 발생한 부가가치가 40퍼 센트 이상일 것
RCEP,84,84.48,8448.49,8448.49,4단위 세번변경기준 또는 당사자에서 발생한 부가가치가 40퍼 센트 이상일 것
RCEP,84,84.48,8448.51,8448.51,4단위 세번변경기준 또는 당사자에서 발생한 부가가치가 40퍼 센트 이상일 것
RCEP,84,84.48,8448.59,8448.59,4단위 세번변경기준 또는 당사자에서 발생한 부가가치가 40퍼 센트 이상일 것
RCEP,84,84.49,8449.00,8449.00,4단위 세번변경기준 또는 당사자에서 발생한 부가가치가 40퍼 센트 이상일 것
RCEP,84,84.50,8450.11,8450.11,6단위 세번변경기준 또는 당사자에서 발생한 부가가치가 40퍼 센트 이상일 것
RCEP,84,84.50,8450.12,8450.12,6단위 세번변경기준 또는 당사자에서 발생한 부가가치가 40퍼 센트 이상일 것
RCEP,84,84.50,8450.19,8450.19,6단위 세번변경기준 또는 당사자에서 발생한 부가가치가 40퍼 센트 이상일 것
RCEP,84,84.50,8450.20,8450.20,6단위 세번변경기준 또는 당사자에서 발생한 부가가치가 40퍼 센트 이상일 것
RCEP,84,84.50,8450.90,8450.90,4단위 세번변경기준 또는 당사자에서 발생한 부가가치가 40퍼 센트 이상일 것
RCEP,84,84.51,8451.10,8451.10,6단위 세번변경기준 또는 당사자에서 발생한 부가가치가 40퍼 센트 이상일 것
RCEP,84,84.51,8451.21,8451.21,6단위 세번변경기준 또는 당사자에서 발생한 부가가치가 40퍼 센트 이상일 것
RCEP,84,84.51,8451.29,8451.29,6단위 세번변경기준 또는 당사자에서 발생한 부가가치가 40퍼 센트 이상일 것
RCEP,84,84.51,8451.30,8451.30,6단위 세번변경기준 또는 당사자에서 발생한 부가가치가 40퍼 센트 이상일 것
RCEP,84,84.51,8451.40,8451.40,6단위 세번변경기준 또는 당사자에서 발생한 부가가치가 40퍼 센트 이상일 것
RCEP,84,84.51,8451.50,8451.50,6단위 세번변경기준 또는 당사자에서 발생한 부가가치가 40퍼 센트 이상일 것
RCEP,84,84.51,8451.80,8451.80,6단위 세번변경기준 또는 당사자에서 발생한 부가가치가 40퍼 센트 이상일 것
RCEP,84,84.51,8451.90,8451.90,4단위 세번변경기준 또는 당사자에서 발생한 부가가치가 40퍼 센트 이상일 것
RCEP,84,84.52,8452.10,8452.10,6단위 세번변경기준 또는 당사자에서 발생한 부가가치가 40퍼 센트 이상일 것
RCEP,84,84.52,8452.21,8452.21,6단위 세번변경기준 또는 당사자에서 발생한 부가가치가 40퍼 센트 이상일 것
RCEP,84,84.52,8452.29,8452.29,6단위 세번변경기준 또는 당사자에서 발생한 부가가치가 40퍼 센트 이상일 것
RCEP,84,84.52,8452.30,8452.30,6단위 세번변경기준 또는 당사자에서 발생한 부가가치가 40퍼 센트 이상일 것
RCEP,84,84.52,8452.90,8452.90,4단위 세번변경기준 또는 당사자에서 발생한 부가가치가 40퍼 센트 이상일 것
RCEP,84,84.53,8453.10,8453.10,6단위 세번변경기준 또는 당사자에서 발생한 부가가치가 40퍼 센트 이상일 것
RCEP,84,84.53,8453.20,8453.20,6단위 세번변경기준 또는 당사자에서 발생한 부가가치가 40퍼 센트 이상일 것
RCEP,84,84.53,8453.80,8453.80,6단위 세번변경기준 또는 당사자에서 발생한 부가가치가 40퍼 센트 이상일 것
RCEP,84,84.53,8453.90,8453.90,4단위 세번변경기준 또는 당사자에서 발생한 부가가치가 40퍼 센트 이상일 것
RCEP,84,84.54,8454.10,8454.10,6단위 세번변경기준 또는 당사자에서 발생한 부가가치가 40퍼 센트 이상일 것
RCEP,84,84.54,8454.20,8454.20,6단위 세번변경기준 또는 당사자에서 발생한 부가가치가 40퍼 센트 이상일 것
RCEP,84,84.54,8454.30,8454.30,6단위 세번변경기준 또는 당사자에서 발생한 부가가치가 40퍼 센트 이상일 것
RCEP,84,84.54,8454.90,8454.90,4단위 세번변경기준 또는 당사자에서 발생한 부가가치가 40퍼 센트 이상일 것
RCEP,84,84.55,8455.10,8455.10,6단위 세번변경기준 또는 당사자에서 발생한 부가가치가 40퍼 센트 이상일 것
RCEP,84,84.55,8455.21,8455.21,6단위 세번변경기준 또는 당사자에서 발생한 부가가치가 40퍼 센트 이상일 것
RCEP,84,84.55,8455.22,8455.22,6단위 세번변경기준 또는 당사자에서 발생한 부가가치가 40퍼 센트 이상일 것
RCEP,84,84.55,8455.30,8455.30,6단위 세번변경기준 또는 당사자에서 발생한 부가가치가 40퍼 센트 이상일 것
RCEP,84,84.55,8455.90,8455.90,4단위 세번변경기준 또는 당사자에서 발생한 부가가치가 40퍼 센트 이상일 것
RCEP,84,84.56,,84.56,4단위 세번변경기준 또는 당사자에서 발생한 부가가치가 40퍼 센트 이상일 것
RCEP,84,84.57,,84.57,4단위 세번변경기준(소호 제8537.10호의 것은 제외한다) 또는 당사자에서 발생한 부가가치가 40퍼센트 이상일 것
RCEP,84,84.58,8458.11,8458.11,4단위 세번변경기준(소호 제8537.10호의 것은 제외한다) 또는 당사자에서 발생한 부가가치가 40퍼센트 이상일 것
RCEP,84,84.58,8458.19,8458.19,4단위 세번변경기준 또는 당사자에서 발생한 부가가치가 40퍼 센트 이상일 것
RCEP,84,84.58,8458.91,8458.91,4단위 세번변경기준(소호 제8537.10호의 것은 제외한다) 또는 당사자에서 발생한 부가가치가 40퍼센트 이상일 것
RCEP,84,84.58,8458.99,8458.99,4단위 세번변경기준 또는 당사자에서 발생한 부가가치가 40퍼 센트 이상일 것
RCEP,84,84.59,8459.10,8459.10,4단위 세번변경기준(소호 제8537.10호의 것은 제외한다) 또는 당사자에서 발생한 부가가치가 40퍼센트 이상일 것
RCEP,84,84.59,8459.21,8459.21,4단위 세번변경기준(소호 제8537.10호의 것은 제외한다) 또는 당사자에서 발생한 부가가치가 40퍼센트 이상일 것
RCEP,84,84.59,8459.29,8459.29,4단위 세번변경기준 또는 당사자에서 발생한 부가가치가 40퍼 센트 이상일 것
RCEP,84,84.59,8459.31,8459.31,4단위 세번변경기준(소호 제8537.10호의 것은 제외한다) 또는 당사자에서 발생한 부가가치가 40퍼센트 이상일 것
RCEP,84,84.59,8459.39,8459.39,4단위 세번변경기준 또는 당사자에서 발생한 부가가치가 40퍼 센트 이상일 것
RCEP,84,84.59,8459.41,8459.41,4단위 세번변경기준(소호 제8537.10호의 것은 제외한다) 또는 당사자에서 발생한 부가가치가 40퍼센트 이상일 것
RCEP,84,84.59,8459.49,8459.49,4단위 세번변경기준(소호 제8537.10호의 것은 제외한다) 또는 당사자에서 발생한 부가가치가 40퍼센트 이상일 것
RCEP,84,84.59,8459.51,8459.51,4단위 세번변경기준(소호 제8537.10호의 것은 제외한다) 또는 당사자에서 발생한 부가가치가 40퍼센트 이상일 것
RCEP,84,84.59,8459.59,8459.59,4단위 세번변경기준 또는 당사자에서 발생한 부가가치가 40퍼 센트 이상일 것
RCEP,84,84.59,8459.61,8459.61,4단위 세번변경기준(소호 제8537.10호의 것은 제외한다) 또는 당사자에서 발생한 부가가치가 40퍼센트 이상일 것
RCEP,84,84.59,8459.69,8459.69,4단위 세번변경기준 또는 당사자에서 발생한 부가가치가 40퍼 센트 이상일 것
RCEP,84,84.59,8459.70,8459.70,4단위 세번변경기준(소호 제8537.10호의 것은 제외한다) 또는 당사자에서 발생한 부가가치가 40퍼센트 이상일 것
RCEP,84,84.60,8460.12,8460.12,4단위 세번변경기준(소호 제8537.10호의 것은 제외한다) 또는 당사자에서 발생한 부가가치가 40퍼센트 이상일 것
RCEP,84,84.60,8460.19,8460.19,4단위 세번변경기준 또는 당사자에서 발생한 부가가치가 40퍼 센트 이상일 것
RCEP,84,84.60,8460.22,8460.22,4단위 세번변경기준(소호 제8537.10호의 것은 제외한다) 또는 당사자에서 발생한 부가가치가 40퍼센트 이상일 것
RCEP,84,84.60,8460.23,8460.23,4단위 세번변경기준(소호 제8537.10호의 것은 제외한다) 또는 당사자에서 발생한 부가가치가 40퍼센트 이상일 것
RCEP,84,84.60,8460.24,8460.24,4단위 세번변경기준(소호 제8537.10호의 것은 제외한다) 또는 당사자에서 발생한 부가가치가 40퍼센트 이상일 것
RCEP,84,84.60,8460.29,8460.29,4단위 세번변경기준 또는 당사자에서 발생한 부가가치가 40퍼 센트 이상일 것
RCEP,84,84.60,8460.31,8460.31,4단위 세번변경기준(소호 제8537.10호의 것은 제외한다) 또는 당사자에서 발생한 부가가치가 40퍼센트 이상일 것
RCEP,84,84.60,8460.39,8460.39,4단위 세번변경기준 또는 당사자에서 발생한 부가가치가 40퍼 센트 이상일 것
RCEP,84,84.60,8460.40,8460.40,4단위 세번변경기준(소호 제8537.10호의 것은 제외한다) 또는 당사자에서 발생한 부가가치가 40퍼센트 이상일 것
RCEP,84,84.60,8460.90,8460.90,4단위 세번변경기준(소호 제8537.10호의 것은 제외한다) 또는 당사자에서 발생한 부가가치가 40퍼센트 이상일 것
RCEP,84,84.61,,84.61,4단위 세번변경기준(소호 제8537.10호의 것은 제외한다) 또는 당사자에서 발생한 부가가치가 40퍼센트 이상일 것
RCEP,84,84.62,8462.11,8462.11,4단위 세번변경기준(소호 제8537.10호의 것은 제외한다) 또는 당사자에서 발생한 부가가치가 40퍼센트 이상일 것
RCEP,84,84.62,8462.19,8462.19,4단위 세번변경기준(소호 제8537.10호의 것은 제외한다) 또는 당사자에서 발생한 부가가치가 40퍼센트 이상일 것
RCEP,84,84.62,8462.22,8462.22,4단위 세번변경기준(소호 제8537.10호의 것은 제외한다) 또는 당사자에서 발생한 부가가치가 40퍼센트 이상일 것
RCEP,84,84.62,8462.23,8462.23,4단위 세번변경기준(소호 제8537.10호의 것은 제외한다) 또는 당사자에서 발생한 부가가치가 40퍼센트 이상일 것
RCEP,84,84.62,8462.24,8462.24,4단위 세번변경기준(소호 제8537.10호의 것은 제외한다) 또는 당사자에서 발생한 부가가치가 40퍼센트 이상일 것
RCEP,84,84.62,8462.25,8462.25,4단위 세번변경기준(소호 제8537.10호의 것은 제외한다) 또는 당사자에서 발생한 부가가치가 40퍼센트 이상일 것
RCEP,84,84.62,8462.26,8462.26,4단위 세번변경기준(소호 제8537.10호의 것은 제외한다) 또는 당사자에서 발생한 부가가치가 40퍼센트 이상일 것
RCEP,84,84.62,8462.29,8462.29,4단위 세번변경기준 또는 당사자에서 발생한 부가가치가 40퍼 센트 이상일 것
RCEP,84,84.62,8462.32,8462.32,4단위 세번변경기준(소호 제8537.10호의 것은 제외한다) 또는 당사자에서 발생한 부가가치가 40퍼센트 이상일 것
RCEP,84,84.62,8462.33,8462.33,4단위 세번변경기준(소호 제8537.10호의 것은 제외한다) 또는 당사자에서 발생한 부가가치가 40퍼센트 이상일 것
RCEP,84,84.62,8462.39,8462.39,4단위 세번변경기준 또는 당사자에서 발생한 부가가치가 40퍼 센트 이상일 것
RCEP,84,84.62,8462.42,8462.42,4단위 세번변경기준(소호 제8537.10호의 것은 제외한다) 또는 당사자에서 발생한 부가가치가 40퍼센트 이상일 것
RCEP,84,84.62,8462.49,8462.49,4단위 세번변경기준 또는 당사자에서 발생한 부가가치가 40퍼 센트 이상일 것
RCEP,84,84.62,8462.51,8462.51,4단위 세번변경기준(소호 제8537.10호의 것은 제외한다) 또는 당사자에서 발생한 부가가치가 40퍼센트 이상일 것
RCEP,84,84.62,8462.59,8462.59,4단위 세번변경기준 또는 당사자에서 발생한 부가가치가 40퍼 센트 이상일 것
RCEP,84,84.62,8462.61,8462.61,4단위 세번변경기준(소호 제8537.10호의 것은 제외한다) 또는 당사자에서 발생한 부가가치가 40퍼센트 이상일 것
RCEP,84,84.62,8462.62,8462.62,4단위 세번변경기준(소호 제8537.10호의 것은 제외한다) 또는 당사자에서 발생한 부가가치가 40퍼센트 이상일 것
RCEP,84,84.62,8462.63,8462.63,4단위 세번변경기준(소호 제8537.10호의 것은 제외한다) 또는 당사자에서 발생한 부가가치가 40퍼센트 이상일 것
RCEP,84,84.62,8462.69,8462.69,4단위 세번변경기준(소호 제8537.10호의 것은 제외한다) 또는 당사자에서 발생한 부가가치가 40퍼센트 이상일 것
RCEP,84,84.62,8462.90,8462.90,4단위 세번변경기준(소호 제8537.10호의 것은 제외한다) 또는 당사자에서 발생한 부가가치가 40퍼센트 이상일 것
RCEP,84,84.63,,84.63,4단위 세번변경기준 또는 당사자에서 발생한 부가가치가 40퍼 센트 이상일 것
RCEP,84,84.64,,84.64,4단위 세번변경기준 또는 당사자에서 발생한 부가가치가 40퍼 센트 이상일 것
RCEP,84,84.65,,84.65,4단위 세번변경기준 또는 당사자에서 발생한 부가가치가 40퍼 센트 이상일 것
RCEP,84,84.66,,84.66,4단위 세번변경기준 또는 당사자에서 발생한 부가가치가 40퍼 센트 이상일 것
RCEP,84,84.67,8467.11,8467.11,6단위 세번변경기준 또는 당사자에서 발생한 부가가치가 40퍼 센트 이상일 것
RCEP,84,84.67,8467.19,8467.19,6단위 세번변경기준 또는 당사자에서 발생한 부가가치가 40퍼 센트 이상일 것
RCEP,84,84.67,8467.21,8467.21,6단위 세번변경기준 또는 당사자에서 발생한 부가가치가 40퍼 센트 이상일 것
RCEP,84,84.67,8467.22,8467.22,6단위 세번변경기준 또는 당사자에서 발생한 부가가치가 40퍼 센트 이상일 것
RCEP,84,84.67,8467.29,8467.29,6단위 세번변경기준 또는 당사자에서 발생한 부가가치가 40퍼 센트 이상일 것
RCEP,84,84.67,8467.81,8467.81,6단위 세번변경기준 또는 당사자에서 발생한 부가가치가 40퍼 센트 이상일 것
RCEP,84,84.67,8467.89,8467.89,6단위 세번변경기준 또는 당사자에서 발생한 부가가치가 40퍼 센트 이상일 것
RCEP,84,84.67,8467.91,8467.91,4단위 세번변경기준 또는 당사자에서 발생한 부가가치가 40퍼 센트 이상일 것
RCEP,84,84.67,8467.92,8467.92,4단위 세번변경기준 또는 당사자에서 발생한 부가가치가 40퍼 센트 이상일 것
RCEP,84,84.67,8467.99,8467.99,4단위 세번변경기준 또는 당사자에서 발생한 부가가치가 40퍼 센트 이상일 것
RCEP,84,84.68,8468.10,8468.10,6단위 세번변경기준 또는 당사자에서 발생한 부가가치가 40퍼 센트 이상일 것
RCEP,84,84.68,8468.20,8468.20,6단위 세번변경기준 또는 당사자에서 발생한 부가가치가 40퍼 센트 이상일 것
RCEP,84,84.68,8468.80,8468.80,6단위 세번변경기준 또는 당사자에서 발생한 부가가치가 40퍼 센트 이상일 것
RCEP,84,84.68,8468.90,8468.90,4단위 세번변경기준 또는 당사자에서 발생한 부가가치가 40퍼 센트 이상일 것
RCEP,84,84.70,,84.70,4단위 세번변경기준 또는 당사자에서 발생한 부가가치가 40퍼 센트 이상일 것
RCEP,84,84.71,,84.71,4단위 세번변경기준 또는 당사자에서 발생한 부가가치가 40퍼 센트 이상일 것
RCEP,84,84.72,,84.72,4단위 세번변경기준 또는 당사자에서 발생한 부가가치가 40퍼 센트 이상일 것
RCEP,84,84.73,,84.73,4단위 세번변경기준 또는 당사자에서 발생한 부가가치가 40퍼 센트 이상일 것
RCEP,84,84.74,8474.10,8474.10,6단위 세번변경기준 또는 당사자에서 발생한 부가가치가 40퍼 센트 이상일 것
RCEP,84,84.74,8474.20,8474.20,6단위 세번변경기준 또는 당사자에서 발생한 부가가치가 40퍼 센트 이상일 것
RCEP,84,84.74,8474.31,8474.31,6단위 세번변경기준 또는 당사자에서 발생한 부가가치가 40퍼 센트 이상일 것
RCEP,84,84.74,8474.32,8474.32,6단위 세번변경기준 또는 당사자에서 발생한 부가가치가 40퍼 센트 이상일 것
RCEP,84,84.74,8474.39,8474.39,6단위 세번변경기준 또는 당사자에서 발생한 부가가치가 40퍼 센트 이상일 것
RCEP,84,84.74,8474.80,8474.80,6단위 세번변경기준 또는 당사자에서 발생한 부가가치가 40퍼 센트 이상일 것
RCEP,84,84.74,8474.90,8474.90,4단위 세번변경기준 또는 당사자에서 발생한 부가가치가 40퍼 센트 이상일 것
RCEP,84,84.75,8475.10,8475.10,6단위 세번변경기준 또는 당사자에서 발생한 부가가치가 40퍼 센트 이상일 것
RCEP,84,84.75,8475.21,8475.21,6단위 세번변경기준 또는 당사자에서 발생한 부가가치가 40퍼 센트 이상일 것
RCEP,84,84.75,8475.29,8475.29,6단위 세번변경기준 또는 당사자에서 발생한 부가가치가 40퍼 센트 이상일 것
RCEP,84,84.75,8475.90,8475.90,4단위 세번변경기준 또는 당사자에서 발생한 부가가치가 40퍼 센트 이상일 것
RCEP,84,84.76,8476.21,8476.21,6단위 세번변경기준 또는 당사자에서 발생한 부가가치가 40퍼 센트 이상일 것
RCEP,84,84.76,8476.29,8476.29,6단위 세번변경기준 또는 당사자에서 발생한 부가가치가 40퍼 센트 이상일 것
RCEP,84,84.76,8476.81,8476.81,6단위 세번변경기준 또는 당사자에서 발생한 부가가치가 40퍼 센트 이상일 것
RCEP,84,84.76,8476.89,8476.89,6단위 세번변경기준 또는 당사자에서 발생한 부가가치가 40퍼 센트 이상일 것
RCEP,84,84.76,8476.90,8476.90,4단위 세번변경기준 또는 당사자에서 발생한 부가가치가 40퍼 센트 이상일 것
RCEP,84,84.77,8477.10,8477.10,6단위 세번변경기준 또는 당사자에서 발생한 부가가치가 40퍼 센트 이상일 것
RCEP,84,84.77,8477.20,8477.20,6단위 세번변경기준 또는 당사자에서 발생한 부가가치가 40퍼 센트 이상일 것
RCEP,84,84.77,8477.30,8477.30,6단위 세번변경기준 또는 당사자에서 발생한 부가가치가 40퍼 센트 이상일 것
RCEP,84,84.77,8477.40,8477.40,6단위 세번변경기준 또는 당사자에서 발생한 부가가치가 40퍼 센트 이상일 것
RCEP,84,84.77,8477.51,8477.51,6단위 세번변경기준 또는 당사자에서 발생한 부가가치가 40퍼 센트 이상일 것
RCEP,84,84.77,8477.59,8477.59,6단위 세번변경기준 또는 당사자에서 발생한 부가가치가 40퍼 센트 이상일 것
RCEP,84,84.77,8477.80,8477.80,6단위 세번변경기준 또는 당사자에서 발생한 부가가치가 40퍼 센트 이상일 것
RCEP,84,84.77,8477.90,8477.90,4단위 세번변경기준 또는 당사자에서 발생한 부가가치가 40퍼 센트 이상일 것
RCEP,84,84.78,8478.10,8478.10,6단위 세번변경기준 또는 당사자에서 발생한 부가가치가 40퍼 센트 이상일 것
RCEP,84,84.78,8478.90,8478.90,4단위 세번변경기준 또는 당사자에서 발생한 부가가치가 40퍼 센트 이상일 것
RCEP,84,84.79,8479.10,8479.10,6단위 세번변경기준 또는 당사자에서 발생한 부가가치가 40퍼 센트 이상일 것
RCEP,84,84.79,8479.20,8479.20,6단위 세번변경기준 또는 당사자에서 발생한 부가가치가 40퍼 센트 이상일 것
RCEP,84,84.79,8479.30,8479.30,6단위 세번변경기준 또는 당사자에서 발생한 부가가치가 40퍼 센트 이상일 것
RCEP,84,84.79,8479.40,8479.40,6단위 세번변경기준 또는 당사자에서 발생한 부가가치가 40퍼 센트 이상일 것
RCEP,84,84.79,8479.50,8479.50,6단위 세번변경기준 또는 당사자에서 발생한 부가가치가 40퍼 센트 이상일 것
RCEP,84,84.79,8479.60,8479.60,6단위 세번변경기준 또는 당사자에서 발생한 부가가치가 40퍼 센트 이상일 것
RCEP,84,84.79,8479.71,8479.71,6단위 세번변경기준 또는 당사자에서 발생한 부가가치가 40퍼 센트 이상일 것
RCEP,84,84.79,8479.79,8479.79,6단위 세번변경기준 또는 당사자에서 발생한 부가가치가 40퍼 센트 이상일 것
RCEP,84,84.79,8479.81,8479.81,6단위 세번변경기준 또는 당사자에서 발생한 부가가치가 40퍼 센트 이상일 것
RCEP,84,84.79,8479.82,8479.82,6단위 세번변경기준 또는 당사자에서 발생한 부가가치가 40퍼 센트 이상일 것
RCEP,84,84.79,8479.83,8479.83,6단위 세번변경기준 또는 당사자에서 발생한 부가가치가 40퍼 센트 이상일 것
RCEP,84,84.79,8479.89,8479.89,6단위 세번변경기준 또는 당사자에서 발생한 부가가치가 40퍼 센트 이상일 것
RCEP,84,84.79,8479.90,8479.90,4단위 세번변경기준 또는 당사자에서 발생한 부가가치가 40퍼 센트 이상일 것
RCEP,84,84.80,,84.80,4단위 세번변경기준 또는 당사자에서 발생한 부가가치가 40퍼 센트 이상일 것
RCEP,84,84.81,8481.10,8481.10,6단위 세번변경기준 또는 당사자에서 발생한 부가가치가 40퍼 센트 이상일 것
RCEP,84,84.81,8481.20,8481.20,6단위 세번변경기준 또는 당사자에서 발생한 부가가치가 40퍼 센트 이상일 것
RCEP,84,84.81,8481.30,8481.30,6단위 세번변경기준 또는 당사자에서 발생한 부가가치가 40퍼 센트 이상일 것
RCEP,84,84.81,8481.40,8481.40,6단위 세번변경기준 또는 당사자에서 발생한 부가가치가 40퍼 센트 이상일 것
RCEP,84,84.81,8481.80,8481.80,6단위 세번변경기준 또는 당사자에서 발생한 부가가치가 40퍼 센트 이상일 것
RCEP,84,84.81,8481.90,8481.90,4단위 세번변경기준 또는 당사자에서 발생한 부가가치가 40퍼 센트 이상일 것
RCEP,84,84.82,8482.10,8482.10,6단위 세번변경기준 또는 당사자에서 발생한 부가가치가 40퍼 센트 이상일 것
RCEP,84,84.82,8482.20,8482.20,6단위 세번변경기준 또는 당사자에서 발생한 부가가치가 40퍼 센트 이상일 것
RCEP,84,84.82,8482.30,8482.30,6단위 세번변경기준 또는 당사자에서 발생한 부가가치가 40퍼 센트 이상일 것
RCEP,84,84.82,8482.40,8482.40,6단위 세번변경기준 또는 당사자에서 발생한 부가가치가 40퍼 센트 이상일 것
RCEP,84,84.82,8482.50,8482.50,6단위 세번변경기준 또는 당사자에서 발생한 부가가치가 40퍼 센트 이상일 것
RCEP,84,84.82,8482.80,8482.80,6단위 세번변경기준 또는 당사자에서 발생한 부가가치가 40퍼 센트 이상일 것
RCEP,84,84.82,8482.91,8482.91,4단위 세번변경기준 또는 당사자에서 발생한 부가가치가 40퍼 센트 이상일 것
RCEP,84,84.82,8482.99,8482.99,4단위 세번변경기준 또는 당사자에서 발생한 부가가치가 40퍼 센트 이상일 것
RCEP,84,84.83,8483.10,8483.10,6단위 세번변경기준 또는 당사자에서 발생한 부가가치가 40퍼 센트 이상일 것
RCEP,84,84.83,8483.20,8483.20,6단위 세번변경기준 또는 당사자에서 발생한 부가가치가 40퍼 센트 이상일 것
RCEP,84,84.83,8483.30,8483.30,6단위 세번변경기준 또는 당사자에서 발생한 부가가치가 40퍼 센트 이상일 것
RCEP,84,84.83,8483.40,8483.40,6단위 세번변경기준 또는 당사자에서 발생한 부가가치가 40퍼 센트 이상일 것
RCEP,84,84.83,8483.50,8483.50,6단위 세번변경기준 또는 당사자에서 발생한 부가가치가 40퍼 센트 이상일 것
RCEP,84,84.83,8483.60,8483.60,6단위 세번변경기준 또는 당사자에서 발생한 부가가치가 40퍼 센트 이상일 것
RCEP,84,84.83,8483.90,8483.90,4단위 세번변경기준 또는 당사자에서 발생한 부가가치가 40퍼 센트 이상일 것
RCEP,84,84.84,,84.84,4단위 세번변경기준 또는 당사자에서 발생한 부가가치가 40퍼 센트 이상일 것
RCEP,84,84.85,8485.10,8485.10,6단위 세번변경기준 또는 당사자에서 발생한 부가가치가 40퍼 센트 이상일 것
RCEP,84,84.85,8485.20,8485.20,6단위 세번변경기준 또는 당사자에서 발생한 부가가치가 40퍼 센트 이상일 것
RCEP,84,84.85,8485.30,8485.30,6단위 세번변경기준 또는 당사자에서 발생한 부가가치가 40퍼 센트 이상일 것
RCEP,84,84.85,8485.80,8485.80,6단위 세번변경기준 또는 당사자에서 발생한 부가가치가 40퍼 센트 이상일 것
RCEP,84,84.85,8485.90,8485.90,4단위 세번변경기준 또는 당사자에서 발생한 부가가치가 40퍼 센트 이상일 것
RCEP,84,84.86,8486.10,8486.10,6단위 세번변경기준 또는 당사자에서 발생한 부가가치가 40퍼 센트 이상일 것
RCEP,84,84.86,8486.20,8486.20,6단위 세번변경기준 또는 당사자에서 발생한 부가가치가 40퍼 센트 이상일 것
RCEP,84,84.86,8486.30,8486.30,6단위 세번변경기준 또는 당사자에서 발생한 부가가치가 40퍼 센트 이상일 것
RCEP,84,84.86,8486.40,8486.40,6단위 세번변경기준 또는 당사자에서 발생한 부가가치가 40퍼 센트 이상일 것
RCEP,84,84.86,8486.90,8486.90,4단위 세번변경기준 또는 당사자에서 발생한 부가가치가 40퍼 센트 이상일 것
RCEP,84,84.87,,84.87,4단위 세번변경기준 또는 당사자에서 발생한 부가가치가 40퍼 센트 이상일 것
RCEP,85,85.01,,85.01,4단위 세번변경기준 또는 당사자에서 발생한 부가가치가 40퍼 센트 이상일 것
RCEP,85,85.02,,85.02,4단위 세번변경기준 또는 당사자에서 발생한 부가가치가 40퍼 센트 이상일 것
RCEP,85,85.03,8503.00,8503.00,4단위 세번변경기준 또는 당사자에서 발생한 부가가치가 40퍼 센트 이상일 것
RCEP,85,85.04,8504.10,8504.10,6단위 세번변경기준 또는 당사자에서 발생한 부가가치가 40퍼 센트 이상일 것
RCEP,85,85.04,8504.21,8504.21,6단위 세번변경기준(소호 제8504.22호 또는 제8504.23호의 것 은 제외한다) 또는 당사자에서 발생한 부가가치가 40퍼센트 이상일 것
RCEP,85,85.04,8504.22,8504.22,6단위 세번변경기준(소호 제8504.21호 또는 제8504.23호의 것 은 제외한다) 또는 당사자에서 발생한 부가가치가 40퍼센트 이상일 것
RCEP,85,85.04,8504.23,8504.23,6단위 세번변경기준(소호 제8504.21호 또는 제8504.22호의 것 은 제외한다) 또는 당사자에서 발생한 부가가치가 40퍼센트 이상일 것
RCEP,85,85.04,8504.31,8504.31,6단위 세번변경기준(소호 제8504.32호부터 제8504.34호까지의 것은 제외한다) 또는 당사자에서 발생한 부가가치가 40퍼센트 이상일 것
RCEP,85,85.04,8504.32,8504.32,"6단위 세번변경기준(소호 제8504.31호, 제8504.33호 또는 제85 04.34호의 것은 제외한다) 또는 당사자에서 발생한 부가가치 가 40퍼센트 이상일 것"
RCEP,85,85.04,8504.33,8504.33,"6단위 세번변경기준(소호 제8504.31호, 제8504.32호 또는 제85 04.34호의 것은 제외한다) 또는 당사자에서 발생한 부가가치 가 40퍼센트 이상일 것"
RCEP,85,85.04,8504.34,8504.34,6단위 세번변경기준(소호 제8504.31호부터 제8504.33호까지의 것은 제외한다) 또는 당사자에서 발생한 부가가치가 40퍼센트 이상일 것
RCEP,85,85.04,8504.40,8504.40,6단위 세번변경기준 또는 당사자에서 발생한 부가가치가 40퍼 센트 이상일 것
RCEP,85,85.04,8504.50,8504.50,6단위 세번변경기준 또는 당사자에서 발생한 부가가치가 40퍼 센트 이상일 것
RCEP,85,85.04,8504.90,8504.90,4단위 세번변경기준 또는 당사자에서 발생한 부가가치가 40퍼 센트 이상일 것
RCEP,85,85.05,8505.11,8505.11,6단위 세번변경기준 또는 당사자에서 발생한 부가가치가 40퍼 센트 이상일 것
RCEP,85,85.05,8505.19,8505.19,6단위 세번변경기준 또는 당사자에서 발생한 부가가치가 40퍼 센트 이상일 것
RCEP,85,85.05,8505.20,8505.20,6단위 세번변경기준 또는 당사자에서 발생한 부가가치가 40퍼 센트 이상일 것
RCEP,85,85.05,8505.90,8505.90,4단위 세번변경기준 또는 당사자에서 발생한 부가가치가 40퍼 센트 이상일 것
RCEP,85,85.06,8506.10,8506.10,6단위 세번변경기준 또는 당사자에서 발생한 부가가치가 40퍼 센트 이상일 것
RCEP,85,85.06,8506.30,8506.30,6단위 세번변경기준 또는 당사자에서 발생한 부가가치가 40퍼 센트 이상일 것
RCEP,85,85.06,8506.40,8506.40,6단위 세번변경기준 또는 당사자에서 발생한 부가가치가 40퍼 센트 이상일 것
RCEP,85,85.06,8506.50,8506.50,6단위 세번변경기준 또는 당사자에서 발생한 부가가치가 40퍼 센트 이상일 것
RCEP,85,85.06,8506.60,8506.60,6단위 세번변경기준 또는 당사자에서 발생한 부가가치가 40퍼 센트 이상일 것
RCEP,85,85.06,8506.80,8506.80,6단위 세번변경기준 또는 당사자에서 발생한 부가가치가 40퍼 센트 이상일 것
RCEP,85,85.06,8506.90,8506.90,4단위 세번변경기준 또는 당사자에서 발생한 부가가치가 40퍼 센트 이상일 것
RCEP,85,85.07,8507.10,8507.10,4단위 세번변경기준 또는 당사자에서 발생한 부가가치가 40퍼 센트 이상일 것
RCEP,85,85.07,8507.20,8507.20,6단위 세번변경기준 또는 당사자에서 발생한 부가가치가 40퍼 센트 이상일 것
RCEP,85,85.07,8507.30,8507.30,6단위 세번변경기준 또는 당사자에서 발생한 부가가치가 40퍼 센트 이상일 것
RCEP,85,85.07,8507.50,8507.50,6단위 세번변경기준 또는 당사자에서 발생한 부가가치가 40퍼 센트 이상일 것
RCEP,85,85.07,8507.60,8507.60,6단위 세번변경기준 또는 당사자에서 발생한 부가가치가 40퍼 센트 이상일 것
RCEP,85,85.07,8507.80,8507.80,6단위 세번변경기준 또는 당사자에서 발생한 부가가치가 40퍼 센트 이상일 것
RCEP,85,85.07,8507.90,8507.90,4단위 세번변경기준 또는 당사자에서 발생한 부가가치가 40퍼 센트 이상일 것
RCEP,85,85.08,8508.11,8508.11,6단위 세번변경기준 또는 당사자에서 발생한 부가가치가 40퍼 센트 이상일 것
RCEP,85,85.08,8508.19,8508.19,6단위 세번변경기준 또는 당사자에서 발생한 부가가치가 40퍼 센트 이상일 것
RCEP,85,85.08,8508.60,8508.60,6단위 세번변경기준 또는 당사자에서 발생한 부가가치가 40퍼 센트 이상일 것
RCEP,85,85.08,8508.70,8508.70,4단위 세번변경기준 또는 당사자에서 발생한 부가가치가 40퍼 센트 이상일 것
RCEP,85,85.09,8509.40,8509.40,6단위 세번변경기준 또는 당사자에서 발생한 부가가치가 40퍼 센트 이상일 것
RCEP,85,85.09,8509.80,8509.80,6단위 세번변경기준 또는 당사자에서 발생한 부가가치가 40퍼 센트 이상일 것
RCEP,85,85.09,8509.90,8509.90,4단위 세번변경기준 또는 당사자에서 발생한 부가가치가 40퍼 센트 이상일 것
RCEP,85,85.10,8510.10,8510.10,6단위 세번변경기준 또는 당사자에서 발생한 부가가치가 40퍼 센트 이상일 것
RCEP,85,85.10,8510.20,8510.20,6단위 세번변경기준 또는 당사자에서 발생한 부가가치가 40퍼 센트 이상일 것
RCEP,85,85.10,8510.30,8510.30,6단위 세번변경기준 또는 당사자에서 발생한 부가가치가 40퍼 센트 이상일 것
RCEP,85,85.10,8510.90,8510.90,4단위 세번변경기준 또는 당사자에서 발생한 부가가치가 40퍼 센트 이상일 것
RCEP,85,85.11,8511.10,8511.10,6단위 세번변경기준 또는 당사자에서 발생한 부가가치가 40퍼 센트 이상일 것
RCEP,85,85.11,8511.20,8511.20,6단위 세번변경기준 또는 당사자에서 발생한 부가가치가 40퍼 센트 이상일 것
RCEP,85,85.11,8511.30,8511.30,6단위 세번변경기준 또는 당사자에서 발생한 부가가치가 40퍼 센트 이상일 것
RCEP,85,85.11,8511.40,8511.40,6단위 세번변경기준 또는 당사자에서 발생한 부가가치가 40퍼 센트 이상일 것
RCEP,85,85.11,8511.50,8511.50,6단위 세번변경기준 또는 당사자에서 발생한 부가가치가 40퍼 센트 이상일 것
RCEP,85,85.11,8511.80,8511.80,6단위 세번변경기준 또는 당사자에서 발생한 부가가치가 40퍼 센트 이상일 것
RCEP,85,85.11,8511.90,8511.90,4단위 세번변경기준 또는 당사자에서 발생한 부가가치가 40퍼 센트 이상일 것
RCEP,85,85.12,8512.10,8512.10,6단위 세번변경기준 또는 당사자에서 발생한 부가가치가 40퍼 센트 이상일 것
RCEP,85,85.12,8512.20,8512.20,6단위 세번변경기준 또는 당사자에서 발생한 부가가치가 40퍼 센트 이상일 것
RCEP,85,85.12,8512.30,8512.30,6단위 세번변경기준 또는 당사자에서 발생한 부가가치가 40퍼 센트 이상일 것
RCEP,85,85.12,8512.40,8512.40,6단위 세번변경기준 또는 당사자에서 발생한 부가가치가 40퍼 센트 이상일 것
RCEP,85,85.12,8512.90,8512.90,4단위 세번변경기준 또는 당사자에서 발생한 부가가치가 40퍼 센트 이상일 것
RCEP,85,85.13,8513.10,8513.10,6단위 세번변경기준 또는 당사자에서 발생한 부가가치가 40퍼 센트 이상일 것
RCEP,85,85.13,8513.90,8513.90,4단위 세번변경기준 또는 당사자에서 발생한 부가가치가 40퍼 센트 이상일 것
RCEP,85,85.14,8514.11,8514.11,6단위 세번변경기준 또는 당사자에서 발생한 부가가치가 40퍼 센트 이상일 것
RCEP,85,85.14,8514.19,8514.19,6단위 세번변경기준 또는 당사자에서 발생한 부가가치가 40퍼 센트 이상일 것
RCEP,85,85.14,8514.20,8514.20,6단위 세번변경기준 또는 당사자에서 발생한 부가가치가 40퍼 센트 이상일 것
RCEP,85,85.14,8514.31,8514.31,6단위 세번변경기준 또는 당사자에서 발생한 부가가치가 40퍼 센트 이상일 것
RCEP,85,85.14,8514.32,8514.32,6단위 세번변경기준 또는 당사자에서 발생한 부가가치가 40퍼 센트 이상일 것
RCEP,85,85.14,8514.39,8514.39,6단위 세번변경기준 또는 당사자에서 발생한 부가가치가 40퍼 센트 이상일 것
RCEP,85,85.14,8514.40,8514.40,6단위 세번변경기준 또는 당사자에서 발생한 부가가치가 40퍼 센트 이상일 것
RCEP,85,85.14,8514.90,8514.90,4단위 세번변경기준 또는 당사자에서 발생한 부가가치가 40퍼 센트 이상일 것
RCEP,85,85.15,8515.11,8515.11,6단위 세번변경기준 또는 당사자에서 발생한 부가가치가 40퍼 센트 이상일 것
RCEP,85,85.15,8515.19,8515.19,6단위 세번변경기준 또는 당사자에서 발생한 부가가치가 40퍼 센트 이상일 것
RCEP,85,85.15,8515.21,8515.21,6단위 세번변경기준 또는 당사자에서 발생한 부가가치가 40퍼 센트 이상일 것
RCEP,85,85.15,8515.29,8515.29,6단위 세번변경기준 또는 당사자에서 발생한 부가가치가 40퍼 센트 이상일 것
RCEP,85,85.15,8515.31,8515.31,6단위 세번변경기준 또는 당사자에서 발생한 부가가치가 40퍼 센트 이상일 것
RCEP,85,85.15,8515.39,8515.39,6단위 세번변경기준 또는 당사자에서 발생한 부가가치가 40퍼 센트 이상일 것
RCEP,85,85.15,8515.80,8515.80,6단위 세번변경기준 또는 당사자에서 발생한 부가가치가 40퍼 센트 이상일 것
RCEP,85,85.15,8515.90,8515.90,4단위 세번변경기준 또는 당사자에서 발생한 부가가치가 40퍼 센트 이상일 것
RCEP,85,85.16,8516.10,8516.10,6단위 세번변경기준 또는 당사자에서 발생한 부가가치가 40퍼 센트 이상일 것
RCEP,85,85.16,8516.21,8516.21,6단위 세번변경기준 또는 당사자에서 발생한 부가가치가 40퍼 센트 이상일 것
RCEP,85,85.16,8516.29,8516.29,6단위 세번변경기준 또는 당사자에서 발생한 부가가치가 40퍼 센트 이상일 것
RCEP,85,85.16,8516.31,8516.31,6단위 세번변경기준 또는 당사자에서 발생한 부가가치가 40퍼 센트 이상일 것
RCEP,85,85.16,8516.32,8516.32,6단위 세번변경기준 또는 당사자에서 발생한 부가가치가 40퍼 센트 이상일 것
RCEP,85,85.16,8516.33,8516.33,6단위 세번변경기준 또는 당사자에서 발생한 부가가치가 40퍼 센트 이상일 것
RCEP,85,85.16,8516.40,8516.40,6단위 세번변경기준 또는 당사자에서 발생한 부가가치가 40퍼 센트 이상일 것
RCEP,85,85.16,8516.50,8516.50,6단위 세번변경기준 또는 당사자에서 발생한 부가가치가 40퍼 센트 이상일 것
RCEP,85,85.16,8516.60,8516.60,6단위 세번변경기준 또는 당사자에서 발생한 부가가치가 40퍼 센트 이상일 것
RCEP,85,85.16,8516.71,8516.71,6단위 세번변경기준 또는 당사자에서 발생한 부가가치가 40퍼 센트 이상일 것
RCEP,85,85.16,8516.72,8516.72,6단위 세번변경기준 또는 당사자에서 발생한 부가가치가 40퍼 센트 이상일 것
RCEP,85,85.16,8516.79,8516.79,6단위 세번변경기준 또는 당사자에서 발생한 부가가치가 40퍼 센트 이상일 것
RCEP,85,85.16,8516.80,8516.80,6단위 세번변경기준 또는 당사자에서 발생한 부가가치가 40퍼 센트 이상일 것
RCEP,85,85.16,8516.90,8516.90,4단위 세번변경기준 또는 당사자에서 발생한 부가가치가 40퍼 센트 이상일 것
RCEP,85,85.17,8517.11,8517.11,6단위 세번변경기준 또는 당사자에서 발생한 부가가치가 40퍼 센트 이상일 것
RCEP,85,85.17,8517.13,8517.13,6단위 세번변경기준 또는 당사자에서 발생한 부가가치가 40퍼 센트 이상일 것
RCEP,85,85.17,8517.14,8517.14,6단위 세번변경기준 또는 당사자에서 발생한 부가가치가 40퍼 센트 이상일 것
RCEP,85,85.17,8517.18,8517.18,6단위 세번변경기준 또는 당사자에서 발생한 부가가치가 40퍼 센트 이상일 것
RCEP,85,85.17,8517.61,8517.61,6단위 세번변경기준 또는 당사자에서 발생한 부가가치가 40퍼 센트 이상일 것
RCEP,85,85.17,8517.62,8517.62,6단위 세번변경기준 또는 당사자에서 발생한 부가가치가 40퍼 센트 이상일 것
RCEP,85,85.17,8517.69,8517.69,6단위 세번변경기준 또는 당사자에서 발생한 부가가치가 40퍼 센트 이상일 것
RCEP,85,85.17,8517.71,8517.71,4단위 세번변경기준 또는 당사자에서 발생한 부가가치가 40퍼 센트 이상일 것
RCEP,85,85.17,8517.79,8517.79,4단위 세번변경기준 또는 당사자에서 발생한 부가가치가 40퍼 센트 이상일 것
RCEP,85,85.18,8518.10,8518.10,6단위 세번변경기준 또는 당사자에서 발생한 부가가치가 40퍼 센트 이상일 것
RCEP,85,85.18,8518.21,8518.21,6단위 세번변경기준 또는 당사자에서 발생한 부가가치가 40퍼 센트 이상일 것
RCEP,85,85.18,8518.22,8518.22,6단위 세번변경기준 또는 당사자에서 발생한 부가가치가 40퍼 센트 이상일 것
RCEP,85,85.18,8518.29,8518.29,6단위 세번변경기준 또는 당사자에서 발생한 부가가치가 40퍼 센트 이상일 것
RCEP,85,85.18,8518.30,8518.30,6단위 세번변경기준 또는 당사자에서 발생한 부가가치가 40퍼 센트 이상일 것
RCEP,85,85.18,8518.40,8518.40,6단위 세번변경기준 또는 당사자에서 발생한 부가가치가 40퍼 센트 이상일 것
RCEP,85,85.18,8518.50,8518.50,6단위 세번변경기준 또는 당사자에서 발생한 부가가치가 40퍼 센트 이상일 것
RCEP,85,85.18,8518.90,8518.90,4단위 세번변경기준 또는 당사자에서 발생한 부가가치가 40퍼 센트 이상일 것
RCEP,85,85.19,,85.19,4단위 세번변경기준 또는 당사자에서 발생한 부가가치가 40퍼 센트 이상일 것
RCEP,85,85.21,,85.21,4단위 세번변경기준 또는 당사자에서 발생한 부가가치가 40퍼 센트 이상일 것
RCEP,85,85.22,,85.22,4단위 세번변경기준 또는 당사자에서 발생한 부가가치가 40퍼 센트 이상일 것
RCEP,85,85.23,,85.23,4단위 세번변경기준 또는 당사자에서 발생한 부가가치가 40퍼 센트 이상일 것
RCEP,85,85.24,,85.24,4단위 세번변경기준 또는 당사자에서 발생한 부가가치가 40퍼 센트 이상일 것
RCEP,85,85.25,,85.25,4단위 세번변경기준 또는 당사자에서 발생한 부가가치가 40퍼 센트 이상일 것
RCEP,85,85.26,,85.26,4단위 세번변경기준 또는 당사자에서 발생한 부가가치가 40퍼 센트 이상일 것
RCEP,85,85.27,,85.27,4단위 세번변경기준 또는 당사자에서 발생한 부가가치가 40퍼 센트 이상일 것
RCEP,85,85.28,,85.28,4단위 세번변경기준 또는 당사자에서 발생한 부가가치가 40퍼 센트 이상일 것
RCEP,85,85.29,,85.29,4단위 세번변경기준 또는 당사자에서 발생한 부가가치가 40퍼 센트 이상일 것
RCEP,85,85.30,8530.10,8530.10,6단위 세번변경기준 또는 당사자에서 발생한 부가가치가 40퍼 센트 이상일 것
RCEP,85,85.30,8530.80,8530.80,6단위 세번변경기준 또는 당사자에서 발생한 부가가치가 40퍼 센트 이상일 것
RCEP,85,85.30,8530.90,8530.90,4단위 세번변경기준 또는 당사자에서 발생한 부가가치가 40퍼 센트 이상일 것
RCEP,85,85.31,8531.10,8531.10,6단위 세번변경기준 또는 당사자에서 발생한 부가가치가 40퍼 센트 이상일 것
RCEP,85,85.31,8531.20,8531.20,6단위 세번변경기준 또는 당사자에서 발생한 부가가치가 40퍼 센트 이상일 것
RCEP,85,85.31,8531.80,8531.80,6단위 세번변경기준 또는 당사자에서 발생한 부가가치가 40퍼 센트 이상일 것
RCEP,85,85.31,8531.90,8531.90,4단위 세번변경기준 또는 당사자에서 발생한 부가가치가 40퍼 센트 이상일 것
RCEP,85,85.32,8532.10,8532.10,6단위 세번변경기준 또는 당사자에서 발생한 부가가치가 40퍼 센트 이상일 것
RCEP,85,85.32,8532.21,8532.21,6단위 세번변경기준 또는 당사자에서 발생한 부가가치가 40퍼 센트 이상일 것
RCEP,85,85.32,8532.22,8532.22,6단위 세번변경기준 또는 당사자에서 발생한 부가가치가 40퍼 센트 이상일 것
RCEP,85,85.32,8532.23,8532.23,6단위 세번변경기준 또는 당사자에서 발생한 부가가치가 40퍼 센트 이상일 것
RCEP,85,85.32,8532.24,8532.24,6단위 세번변경기준 또는 당사자에서 발생한 부가가치가 40퍼 센트 이상일 것
RCEP,85,85.32,8532.25,8532.25,6단위 세번변경기준 또는 당사자에서 발생한 부가가치가 40퍼 센트 이상일 것
RCEP,85,85.32,8532.29,8532.29,6단위 세번변경기준 또는 당사자에서 발생한 부가가치가 40퍼 센트 이상일 것
RCEP,85,85.32,8532.30,8532.30,6단위 세번변경기준 또는 당사자에서 발생한 부가가치가 40퍼 센트 이상일 것
RCEP,85,85.32,8532.90,8532.90,4단위 세번변경기준 또는 당사자에서 발생한 부가가치가 40퍼 센트 이상일 것
RCEP,85,85.33,8533.10,8533.10,6단위 세번변경기준 또는 당사자에서 발생한 부가가치가 40퍼 센트 이상일 것
RCEP,85,85.33,8533.21,8533.21,6단위 세번변경기준 또는 당사자에서 발생한 부가가치가 40퍼 센트 이상일 것
RCEP,85,85.33,8533.29,8533.29,6단위 세번변경기준 또는 당사자에서 발생한 부가가치가 40퍼 센트 이상일 것
RCEP,85,85.33,8533.31,8533.31,6단위 세번변경기준 또는 당사자에서 발생한 부가가치가 40퍼 센트 이상일 것
RCEP,85,85.33,8533.39,8533.39,6단위 세번변경기준 또는 당사자에서 발생한 부가가치가 40퍼 센트 이상일 것
RCEP,85,85.33,8533.40,8533.40,6단위 세번변경기준 또는 당사자에서 발생한 부가가치가 40퍼 센트 이상일 것
RCEP,85,85.33,8533.90,8533.90,4단위 세번변경기준 또는 당사자에서 발생한 부가가치가 40퍼 센트 이상일 것
RCEP,85,85.34,8534.00,8534.00,4단위 세번변경기준 또는 당사자에서 발생한 부가가치가 40퍼 센트 이상일 것
RCEP,85,85.35,,85.35,4단위 세번변경기준 또는 당사자에서 발생한 부가가치가 40퍼 센트 이상일 것
RCEP,85,85.36,,85.36,4단위 세번변경기준 또는 당사자에서 발생한 부가가치가 40퍼 센트 이상일 것
RCEP,85,85.37,,85.37,4단위 세번변경기준 또는 당사자에서 발생한 부가가치가 40퍼 센트 이상일 것
RCEP,85,85.38,,85.38,4단위 세번변경기준 또는 당사자에서 발생한 부가가치가 40퍼 센트 이상일 것
RCEP,85,85.39,8539.10,8539.10,6단위 세번변경기준 또는 당사자에서 발생한 부가가치가 40퍼 센트 이상일 것
RCEP,85,85.39,8539.21,8539.21,6단위 세번변경기준 또는 당사자에서 발생한 부가가치가 40퍼 센트 이상일 것
RCEP,85,85.39,8539.22,8539.22,6단위 세번변경기준 또는 당사자에서 발생한 부가가치가 40퍼 센트 이상일 것
RCEP,85,85.39,8539.29,8539.29,6단위 세번변경기준 또는 당사자에서 발생한 부가가치가 40퍼 센트 이상일 것
RCEP,85,85.39,8539.31,8539.31,6단위 세번변경기준 또는 당사자에서 발생한 부가가치가 40퍼 센트 이상일 것
RCEP,85,85.39,8539.32,8539.32,6단위 세번변경기준 또는 당사자에서 발생한 부가가치가 40퍼 센트 이상일 것
RCEP,85,85.39,8539.39,8539.39,6단위 세번변경기준 또는 당사자에서 발생한 부가가치가 40퍼 센트 이상일 것
RCEP,85,85.39,8539.41,8539.41,6단위 세번변경기준 또는 당사자에서 발생한 부가가치가 40퍼 센트 이상일 것
RCEP,85,85.39,8539.49,8539.49,6단위 세번변경기준 또는 당사자에서 발생한 부가가치가 40퍼 센트 이상일 것
RCEP,85,85.39,8539.51,8539.51,4단위 세번변경기준 또는 당사자에서 발생한 부가가치가 40퍼 센트 이상일 것
RCEP,85,85.39,8539.52,8539.52,6단위 세번변경기준 또는 당사자에서 발생한 부가가치가 40퍼 센트 이상일 것
RCEP,85,85.39,8539.90,8539.90,4단위 세번변경기준 또는 당사자에서 발생한 부가가치가 40퍼 센트 이상일 것
RCEP,85,85.40,8540.11,8540.11,6단위 세번변경기준 또는 당사자에서 발생한 부가가치가 40퍼 센트 이상일 것
RCEP,85,85.40,8540.12,8540.12,6단위 세번변경기준 또는 당사자에서 발생한 부가가치가 40퍼 센트 이상일 것
RCEP,85,85.40,8540.20,8540.20,6단위 세번변경기준 또는 당사자에서 발생한 부가가치가 40퍼 센트 이상일 것
RCEP,85,85.40,8540.40,8540.40,6단위 세번변경기준 또는 당사자에서 발생한 부가가치가 40퍼 센트 이상일 것
RCEP,85,85.40,8540.60,8540.60,6단위 세번변경기준 또는 당사자에서 발생한 부가가치가 40퍼 센트 이상일 것
RCEP,85,85.40,8540.71,8540.71,6단위 세번변경기준 또는 당사자에서 발생한 부가가치가 40퍼 센트 이상일 것
RCEP,85,85.40,8540.79,8540.79,6단위 세번변경기준 또는 당사자에서 발생한 부가가치가 40퍼 센트 이상일 것
RCEP,85,85.40,8540.81,8540.81,6단위 세번변경기준 또는 당사자에서 발생한 부가가치가 40퍼 센트 이상일 것
RCEP,85,85.40,8540.89,8540.89,6단위 세번변경기준 또는 당사자에서 발생한 부가가치가 40퍼 센트 이상일 것
RCEP,85,85.40,8540.91,8540.91,4단위 세번변경기준 또는 당사자에서 발생한 부가가치가 40퍼 센트 이상일 것
RCEP,85,85.40,8540.99,8540.99,4단위 세번변경기준 또는 당사자에서 발생한 부가가치가 40퍼 센트 이상일 것
RCEP,85,85.41,8541.10,8541.10,6단위 세번변경기준 또는 당사자에서 발생한 부가가치가 40퍼 센트 이상일 것
RCEP,85,85.41,8541.21,8541.21,6단위 세번변경기준 또는 당사자에서 발생한 부가가치가 40퍼 센트 이상일 것
RCEP,85,85.41,8541.29,8541.29,6단위 세번변경기준 또는 당사자에서 발생한 부가가치가 40퍼 센트 이상일 것
RCEP,85,85.41,8541.30,8541.30,6단위 세번변경기준 또는 당사자에서 발생한 부가가치가 40퍼 센트 이상일 것
RCEP,85,85.41,8541.41,8541.41,6단위 세번변경기준 또는 당사자에서 발생한 부가가치가 40퍼 센트 이상일 것
RCEP,85,85.41,8541.42,8541.42,6단위 세번변경기준(소호 제8541.43호의 것은 제외한다) 또는 당사자에서 발생한 부가가치가 40퍼센트이상일 것
RCEP,85,85.41,8541.43,8541.43,6단위 세번변경기준(소호 제8541.42호의 것은 제외한다) 또는 당사자에서 발생한 부가가치가 40퍼센트이상일 것
RCEP,85,85.41,8541.49,8541.49,6단위 세번변경기준 또는 당사자에서 발생한 부가가치가 40퍼 센트 이상일 것
RCEP,85,85.41,8541.51,8541.51,6단위 세번변경기준 또는 당사자에서 발생한 부가가치가 40퍼 센트 이상일 것
RCEP,85,85.41,8541.59,8541.59,6단위 세번변경기준 또는 당사자에서 발생한 부가가치가 40퍼 센트 이상일 것
RCEP,85,85.41,8541.60,8541.60,6단위 세번변경기준 또는 당사자에서 발생한 부가가치가 40퍼 센트 이상일 것
RCEP,85,85.41,8541.90,8541.90,4단위 세번변경기준 또는 당사자에서 발생한 부가가치가 40퍼 센트 이상일 것
RCEP,85,85.42,8542.31,8542.31,6단위 세번변경기준 또는 당사자에서 발생한 부가가치가 40퍼 센트 이상일 것
RCEP,85,85.42,8542.32,8542.32,6단위 세번변경기준 또는 당사자에서 발생한 부가가치가 40퍼 센트 이상일 것
RCEP,85,85.42,8542.33,8542.33,6단위 세번변경기준 또는 당사자에서 발생한 부가가치가 40퍼 센트 이상일 것
RCEP,85,85.42,8542.39,8542.39,6단위 세번변경기준 또는 당사자에서 발생한 부가가치가 40퍼 센트 이상일 것
RCEP,85,85.42,8542.90,8542.90,4단위 세번변경기준 또는 당사자에서 발생한 부가가치가 40퍼 센트 이상일 것
RCEP,85,85.43,8543.10,8543.10,6단위 세번변경기준 또는 당사자에서 발생한 부가가치가 40퍼 센트 이상일 것
RCEP,85,85.43,8543.20,8543.20,6단위 세번변경기준 또는 당사자에서 발생한 부가가치가 40퍼 센트 이상일 것
RCEP,85,85.43,8543.30,8543.30,6단위 세번변경기준 또는 당사자에서 발생한 부가가치가 40퍼 센트 이상일 것
RCEP,85,85.43,8543.40,8543.40,6단위 세번변경기준(소호 제8539.52호의 것은 제외한다) 또는 당사자에서 발생한 부가가치가 40퍼센트이상일 것
RCEP,85,85.43,8543.70,8543.70,6단위 세번변경기준(소호 제8539.52호의 것은 제외한다) 또는 당사자에서 발생한 부가가치가 40퍼센트이상일 것
RCEP,85,85.43,8543.90,8543.90,4단위 세번변경기준 또는 당사자에서 발생한 부가가치가 40퍼 센트 이상일 것
RCEP,85,85.44,,85.44,4단위 세번변경기준 또는 당사자에서 발생한 부가가치가 40퍼 센트 이상일 것
RCEP,85,85.45,,85.45,4단위 세번변경기준 또는 당사자에서 발생한 부가가치가 40퍼 센트 이상일 것
RCEP,85,85.46,,85.46,4단위 세번변경기준 또는 당사자에서 발생한 부가가치가 40퍼 센트 이상일 것
RCEP,85,85.47,,85.47,4단위 세번변경기준 또는 당사자에서 발생한 부가가치가 40퍼 센트 이상일 것
RCEP,85,85.48,8548.00,8548.00,4단위 세번변경기준 또는 당사자에서 발생한 부가가치가 40퍼 센트 이상일 것
RCEP,85,85.49,,85.49,완전생산기준
RCEP,86,,,86,4단위 세번변경기준 또는 당사자에서 발생한 부가가치가 40퍼 센트 이상일 것
RCEP,87,87.01,,87.01,당사자에서 발생한 부가가치가 40퍼센트 이상일 것
RCEP,87,87.02,,87.02,당사자에서 발생한 부가가치가 40퍼센트 이상일 것
RCEP,87,87.03,,87.03,당사자에서 발생한 부가가치가 40퍼센트 이상일 것
RCEP,87,87.04,,87.04,당사자에서 발생한 부가가치가 40퍼센트 이상일 것
RCEP,87,87.05,8705.10,8705.10,4단위 세번변경기준 또는 당사자에서 발생한 부가가치가 40퍼 센트 이상일 것
RCEP,87,87.05,8705.20,8705.20,4단위 세번변경기준 또는 당사자에서 발생한 부가가치가 40퍼 센트 이상일 것
RCEP,87,87.05,8705.30,8705.30,당사자에서 발생한 부가가치가 40퍼센트 이상일 것
RCEP,87,87.05,8705.40,8705.40,당사자에서 발생한 부가가치가 40퍼센트 이상일 것
RCEP,87,87.05,8705.90,8705.90,당사자에서 발생한 부가가치가 40퍼센트 이상일 것
RCEP,87,87.06,8706.00,8706.00,당사자에서 발생한 부가가치가 40퍼센트 이상일 것
RCEP,87,87.07,,87.07,당사자에서 발생한 부가가치가 40퍼센트 이상일 것
RCEP,87,87.08,,87.08,4단위 세번변경기준 또는 당사자에서 발생한 부가가치가 40퍼 센트 이상일 것
RCEP,87,87.09,,87.09,4단위 세번변경기준 또는 당사자에서 발생한 부가가치가 40퍼 센트 이상일 것
RCEP,87,87.10,8710.00,8710.00,당사자에서 발생한 부가가치가 40퍼센트 이상일 것
RCEP,87,87.11,,87.11,당사자에서 발생한 부가가치가 40퍼센트 이상일 것
RCEP,87,87.12,8712.00,8712.00,4단위 세번변경기준 또는 당사자에서 발생한 부가가치가 40퍼 센트 이상일 것
RCEP,87,87.13,,87.13,4단위 세번변경기준 또는 당사자에서 발생한 부가가치가 40퍼 센트 이상일 것
RCEP,87,87.14,8714.10,8714.10,2단위 세번변경기준 또는 당사자에서 발생한 부가가치가 40퍼 센트 이상일 것
RCEP,87,87.14,8714.20,8714.20,4단위 세번변경기준 또는 당사자에서 발생한 부가가치가 40퍼 센트 이상일 것
RCEP,87,87.14,8714.91,8714.91,2단위 세번변경기준 또는 당사자에서 발생한 부가가치가 40퍼 센트 이상일 것
RCEP,87,87.14,8714.92,8714.92,2단위 세번변경기준 또는 당사자에서 발생한 부가가치가 40퍼 센트 이상일 것
RCEP,87,87.14,8714.93,8714.93,2단위 세번변경기준 또는 당사자에서 발생한 부가가치가 40퍼 센트 이상일 것
RCEP,87,87.14,8714.94,8714.94,2단위 세번변경기준 또는 당사자에서 발생한 부가가치가 40퍼 센트 이상일 것
RCEP,87,87.14,8714.95,8714.95,2단위 세번변경기준 또는 당사자에서 발생한 부가가치가 40퍼 센트 이상일 것
RCEP,87,87.14,8714.96,8714.96,2단위 세번변경기준 또는 당사자에서 발생한 부가가치가 40퍼 센트 이상일 것
RCEP,87,87.14,8714.99,8714.99,2단위 세번변경기준 또는 당사자에서 발생한 부가가치가 40퍼 센트 이상일 것
RCEP,87,87.15,8715.00,8715.00,4단위 세번변경기준 또는 당사자에서 발생한 부가가치가 40퍼 센트 이상일 것
RCEP,87,87.16,,87.16,4단위 세번변경기준 또는 당사자에서 발생한 부가가치가 40퍼 센트 이상일 것
RCEP,88,,,88,4단위 세번변경기준 또는 당사자에서 발생한 부가가치가 40퍼 센트 이상일 것
RCEP,89,,,89,4단위 세번변경기준 또는 당사자에서 발생한 부가가치가 40퍼 센트 이상일 것
RCEP,90,90.01,,90.01,4단위 세번변경기준 또는 당사자에서 발생한 부가가치가 40퍼 센트 이상일 것
RCEP,90,90.02,,90.02,4단위 세번변경기준 또는 당사자에서 발생한 부가가치가 40퍼 센트 이상일 것
RCEP,90,90.03,9003.11,9003.11,6단위 세번변경기준 또는 당사자에서 발생한 부가가치가 40퍼 센트 이상일 것
RCEP,90,90.03,9003.19,9003.19,6단위 세번변경기준 또는 당사자에서 발생한 부가가치가 40퍼 센트 이상일 것
RCEP,90,90.03,9003.90,9003.90,4단위 세번변경기준 또는 당사자에서 발생한 부가가치가 40퍼 센트 이상일 것
RCEP,90,90.04,,90.04,4단위 세번변경기준 또는 당사자에서 발생한 부가가치가 40퍼 센트 이상일 것
RCEP,90,90.05,9005.10,9005.10,6단위 세번변경기준 또는 당사자에서 발생한 부가가치가 40퍼 센트 이상일 것
RCEP,90,90.05,9005.80,9005.80,6단위 세번변경기준 또는 당사자에서 발생한 부가가치가 40퍼 센트 이상일 것
RCEP,90,90.05,9005.90,9005.90,4단위 세번변경기준 또는 당사자에서 발생한 부가가치가 40퍼 센트 이상일 것
RCEP,90,90.06,9006.30,9006.30,6단위 세번변경기준 또는 당사자에서 발생한 부가가치가 40퍼 센트 이상일 것
RCEP,90,90.06,9006.40,9006.40,6단위 세번변경기준 또는 당사자에서 발생한 부가가치가 40퍼 센트 이상일 것
RCEP,90,90.06,9006.53,9006.53,6단위 세번변경기준 또는 당사자에서 발생한 부가가치가 40퍼 센트 이상일 것
RCEP,90,90.06,9006.59,9006.59,6단위 세번변경기준 또는 당사자에서 발생한 부가가치가 40퍼 센트 이상일 것
RCEP,90,90.06,9006.61,9006.61,6단위 세번변경기준 또는 당사자에서 발생한 부가가치가 40퍼 센트 이상일 것
RCEP,90,90.06,9006.69,9006.69,6단위 세번변경기준 또는 당사자에서 발생한 부가가치가 40퍼 센트 이상일 것
RCEP,90,90.06,9006.91,9006.91,4단위 세번변경기준 또는 당사자에서 발생한 부가가치가 40퍼 센트 이상일 것
RCEP,90,90.06,9006.99,9006.99,4단위 세번변경기준 또는 당사자에서 발생한 부가가치가 40퍼 센트 이상일 것
RCEP,90,90.07,9007.10,9007.10,6단위 세번변경기준 또는 당사자에서 발생한 부가가치가 40퍼 센트 이상일 것
RCEP,90,90.07,9007.20,9007.20,6단위 세번변경기준 또는 당사자에서 발생한 부가가치가 40퍼 센트 이상일 것
RCEP,90,90.07,9007.91,9007.91,4단위 세번변경기준 또는 당사자에서 발생한 부가가치가 40퍼 센트 이상일 것
RCEP,90,90.07,9007.92,9007.92,4단위 세번변경기준 또는 당사자에서 발생한 부가가치가 40퍼 센트 이상일 것
RCEP,90,90.08,9008.50,9008.50,6단위 세번변경기준 또는 당사자에서 발생한 부가가치가 40퍼 센트 이상일 것
RCEP,90,90.08,9008.90,9008.90,4단위 세번변경기준 또는 당사자에서 발생한 부가가치가 40퍼 센트 이상일 것
RCEP,90,90.10,9010.10,9010.10,6단위 세번변경기준 또는 당사자에서 발생한 부가가치가 40퍼 센트 이상일 것
RCEP,90,90.10,9010.50,9010.50,6단위 세번변경기준 또는 당사자에서 발생한 부가가치가 40퍼 센트 이상일 것
RCEP,90,90.10,9010.60,9010.60,6단위 세번변경기준 또는 당사자에서 발생한 부가가치가 40퍼 센트 이상일 것
RCEP,90,90.10,9010.90,9010.90,4단위 세번변경기준 또는 당사자에서 발생한 부가가치가 40퍼 센트 이상일 것
RCEP,90,90.11,9011.10,9011.10,6단위 세번변경기준 또는 당사자에서 발생한 부가가치가 40퍼 센트 이상일 것
RCEP,90,90.11,9011.20,9011.20,6단위 세번변경기준 또는 당사자에서 발생한 부가가치가 40퍼 센트 이상일 것
RCEP,90,90.11,9011.80,9011.80,6단위 세번변경기준 또는 당사자에서 발생한 부가가치가 40퍼 센트 이상일 것
RCEP,90,90.11,9011.90,9011.90,4단위 세번변경기준 또는 당사자에서 발생한 부가가치가 40퍼 센트 이상일 것
RCEP,90,90.12,9012.10,9012.10,6단위 세번변경기준 또는 당사자에서 발생한 부가가치가 40퍼 센트 이상일 것
RCEP,90,90.12,9012.90,9012.90,4단위 세번변경기준 또는 당사자에서 발생한 부가가치가 40퍼 센트 이상일 것
RCEP,90,90.13,9013.10,9013.10,6단위 세번변경기준 또는 당사자에서 발생한 부가가치가 40퍼 센트 이상일 것
RCEP,90,90.13,9013.20,9013.20,6단위 세번변경기준 또는 당사자에서 발생한 부가가치가 40퍼 센트 이상일 것
RCEP,90,90.13,9013.80,9013.80,6단위 세번변경기준 또는 당사자에서 발생한 부가가치가 40퍼 센트 이상일 것
RCEP,90,90.13,9013.90,9013.90,4단위 세번변경기준 또는 당사자에서 발생한 부가가치가 40퍼 센트 이상일 것
RCEP,90,90.14,9014.10,9014.10,6단위 세번변경기준 또는 당사자에서 발생한 부가가치가 40퍼 센트 이상일 것
RCEP,90,90.14,9014.20,9014.20,6단위 세번변경기준 또는 당사자에서 발생한 부가가치가 40퍼 센트 이상일 것
RCEP,90,90.14,9014.80,9014.80,6단위 세번변경기준 또는 당사자에서 발생한 부가가치가 40퍼 센트 이상일 것
RCEP,90,90.14,9014.90,9014.90,4단위 세번변경기준 또는 당사자에서 발생한 부가가치가 40퍼 센트 이상일 것
RCEP,90,90.15,9015.10,9015.10,6단위 세번변경기준 또는 당사자에서 발생한 부가가치가 40퍼 센트 이상일 것
RCEP,90,90.15,9015.20,9015.20,6단위 세번변경기준 또는 당사자에서 발생한 부가가치가 40퍼 센트 이상일 것
RCEP,90,90.15,9015.30,9015.30,6단위 세번변경기준 또는 당사자에서 발생한 부가가치가 40퍼 센트 이상일 것
RCEP,90,90.15,9015.40,9015.40,6단위 세번변경기준 또는 당사자에서 발생한 부가가치가 40퍼 센트 이상일 것
RCEP,90,90.15,9015.80,9015.80,6단위 세번변경기준 또는 당사자에서 발생한 부가가치가 40퍼 센트 이상일 것
RCEP,90,90.15,9015.90,9015.90,4단위 세번변경기준 또는 당사자에서 발생한 부가가치가 40퍼 센트 이상일 것
RCEP,90,90.16,9016.00,9016.00,4단위 세번변경기준 또는 당사자에서 발생한 부가가치가 40퍼 센트 이상일 것
RCEP,90,90.17,9017.10,9017.10,6단위 세번변경기준 또는 당사자에서 발생한 부가가치가 40퍼 센트 이상일 것
RCEP,90,90.17,9017.20,9017.20,6단위 세번변경기준 또는 당사자에서 발생한 부가가치가 40퍼 센트 이상일 것
RCEP,90,90.17,9017.30,9017.30,6단위 세번변경기준 또는 당사자에서 발생한 부가가치가 40퍼 센트 이상일 것
RCEP,90,90.17,9017.80,9017.80,6단위 세번변경기준 또는 당사자에서 발생한 부가가치가 40퍼 센트 이상일 것
RCEP,90,90.17,9017.90,9017.90,4단위 세번변경기준 또는 당사자에서 발생한 부가가치가 40퍼 센트 이상일 것
RCEP,90,90.18,,90.18,4단위 세번변경기준 또는 당사자에서 발생한 부가가치가 40퍼 센트 이상일 것
RCEP,90,90.19,,90.19,4단위 세번변경기준 또는 당사자에서 발생한 부가가치가 40퍼 센트 이상일 것
RCEP,90,90.20,9020.00,9020.00,4단위 세번변경기준 또는 당사자에서 발생한 부가가치가 40퍼 센트 이상일 것
RCEP,90,90.21,,90.21,4단위 세번변경기준 또는 당사자에서 발생한 부가가치가 40퍼 센트 이상일 것
RCEP,90,90.22,9022.12,9022.12,6단위 세번변경기준 또는 당사자에서 발생한 부가가치가 40퍼 센트 이상일 것
RCEP,90,90.22,9022.13,9022.13,6단위 세번변경기준 또는 당사자에서 발생한 부가가치가 40퍼 센트 이상일 것
RCEP,90,90.22,9022.14,9022.14,6단위 세번변경기준 또는 당사자에서 발생한 부가가치가 40퍼 센트 이상일 것
RCEP,90,90.22,9022.19,9022.19,6단위 세번변경기준 또는 당사자에서 발생한 부가가치가 40퍼 센트 이상일 것
RCEP,90,90.22,9022.21,9022.21,6단위 세번변경기준 또는 당사자에서 발생한 부가가치가 40퍼 센트 이상일 것
RCEP,90,90.22,9022.29,9022.29,6단위 세번변경기준 또는 당사자에서 발생한 부가가치가 40퍼 센트 이상일 것
RCEP,90,90.22,9022.30,9022.30,6단위 세번변경기준 또는 당사자에서 발생한 부가가치가 40퍼 센트 이상일 것
RCEP,90,90.22,9022.90,9022.90,4단위 세번변경기준 또는 당사자에서 발생한 부가가치가 40퍼 센트 이상일 것
RCEP,90,90.23,9023.00,9023.00,4단위 세번변경기준 또는 당사자에서 발생한 부가가치가 40퍼 센트 이상일 것
RCEP,90,90.24,9024.10,9024.10,6단위 세번변경기준 또는 당사자에서 발생한 부가가치가 40퍼 센트 이상일 것
RCEP,90,90.24,9024.80,9024.80,6단위 세번변경기준 또는 당사자에서 발생한 부가가치가 40퍼 센트 이상일 것
RCEP,90,90.24,9024.90,9024.90,4단위 세번변경기준 또는 당사자에서 발생한 부가가치가 40퍼 센트 이상일 것
RCEP,90,90.25,9025.11,9025.11,6단위 세번변경기준 또는 당사자에서 발생한 부가가치가 40퍼 센트 이상일 것
RCEP,90,90.25,9025.19,9025.19,6단위 세번변경기준 또는 당사자에서 발생한 부가가치가 40퍼 센트 이상일 것
RCEP,90,90.25,9025.80,9025.80,6단위 세번변경기준 또는 당사자에서 발생한 부가가치가 40퍼 센트 이상일 것
RCEP,90,90.25,9025.90,9025.90,4단위 세번변경기준 또는 당사자에서 발생한 부가가치가 40퍼 센트 이상일 것
RCEP,90,90.26,9026.10,9026.10,6단위 세번변경기준 또는 당사자에서 발생한 부가가치가 40퍼 센트 이상일 것
RCEP,90,90.26,9026.20,9026.20,6단위 세번변경기준 또는 당사자에서 발생한 부가가치가 40퍼 센트 이상일 것
RCEP,90,90.26,9026.80,9026.80,6단위 세번변경기준 또는 당사자에서 발생한 부가가치가 40퍼 센트 이상일 것
RCEP,90,90.26,9026.90,9026.90,4단위 세번변경기준 또는 당사자에서 발생한 부가가치가 40퍼 센트 이상일 것
RCEP,90,90.27,9027.10,9027.10,6단위 세번변경기준 또는 당사자에서 발생한 부가가치가 40퍼 센트 이상일 것
RCEP,90,90.27,9027.20,9027.20,6단위 세번변경기준 또는 당사자에서 발생한 부가가치가 40퍼 센트 이상일 것
RCEP,90,90.27,9027.30,9027.30,6단위 세번변경기준 또는 당사자에서 발생한 부가가치가 40퍼 센트 이상일 것
RCEP,90,90.27,9027.50,9027.50,6단위 세번변경기준 또는 당사자에서 발생한 부가가치가 40퍼 센트 이상일 것
RCEP,90,90.27,9027.81,9027.81,6단위 세번변경기준 또는 당사자에서 발생한 부가가치가 40퍼 센트 이상일 것
RCEP,90,90.27,9027.89,9027.89,6단위 세번변경기준 또는 당사자에서 발생한 부가가치가 40퍼 센트 이상일 것
RCEP,90,90.27,9027.90,9027.90,4단위 세번변경기준 또는 당사자에서 발생한 부가가치가 40퍼 센트 이상일 것
RCEP,90,90.28,9028.10,9028.10,6단위 세번변경기준 또는 당사자에서 발생한 부가가치가 40퍼 센트 이상일 것
RCEP,90,90.28,9028.20,9028.20,6단위 세번변경기준 또는 당사자에서 발생한 부가가치가 40퍼 센트 이상일 것
RCEP,90,90.28,9028.30,9028.30,6단위 세번변경기준 또는 당사자에서 발생한 부가가치가 40퍼 센트 이상일 것
RCEP,90,90.28,9028.90,9028.90,4단위 세번변경기준 또는 당사자에서 발생한 부가가치가 40퍼 센트 이상일 것
RCEP,90,90.29,9029.10,9029.10,6단위 세번변경기준 또는 당사자에서 발생한 부가가치가 40퍼 센트 이상일 것
RCEP,90,90.29,9029.20,9029.20,6단위 세번변경기준 또는 당사자에서 발생한 부가가치가 40퍼 센트 이상일 것
RCEP,90,90.29,9029.90,9029.90,4단위 세번변경기준 또는 당사자에서 발생한 부가가치가 40퍼 센트 이상일 것
RCEP,90,90.30,9030.10,9030.10,6단위 세번변경기준 또는 당사자에서 발생한 부가가치가 40퍼 센트 이상일 것
RCEP,90,90.30,9030.20,9030.20,6단위 세번변경기준 또는 당사자에서 발생한 부가가치가 40퍼 센트 이상일 것
RCEP,90,90.30,9030.31,9030.31,6단위 세번변경기준 또는 당사자에서 발생한 부가가치가 40퍼 센트 이상일 것
RCEP,90,90.30,9030.32,9030.32,6단위 세번변경기준 또는 당사자에서 발생한 부가가치가 40퍼 센트 이상일 것
RCEP,90,90.30,9030.33,9030.33,6단위 세번변경기준 또는 당사자에서 발생한 부가가치가 40퍼 센트 이상일 것
RCEP,90,90.30,9030.39,9030.39,6단위 세번변경기준 또는 당사자에서 발생한 부가가치가 40퍼 센트 이상일 것
RCEP,90,90.30,9030.40,9030.40,6단위 세번변경기준 또는 당사자에서 발생한 부가가치가 40퍼 센트 이상일 것
RCEP,90,90.30,9030.82,9030.82,6단위 세번변경기준 또는 당사자에서 발생한 부가가치가 40퍼 센트 이상일 것
RCEP,90,90.30,9030.84,9030.84,6단위 세번변경기준 또는 당사자에서 발생한 부가가치가 40퍼 센트 이상일 것
RCEP,90,90.30,9030.89,9030.89,6단위 세번변경기준 또는 당사자에서 발생한 부가가치가 40퍼 센트 이상일 것
RCEP,90,90.30,9030.90,9030.90,4단위 세번변경기준 또는 당사자에서 발생한 부가가치가 40퍼 센트 이상일 것
RCEP,90,90.31,9031.10,9031.10,6단위 세번변경기준 또는 당사자에서 발생한 부가가치가 40퍼 센트 이상일 것
RCEP,90,90.31,9031.20,9031.20,6단위 세번변경기준 또는 당사자에서 발생한 부가가치가 40퍼 센트 이상일 것
RCEP,90,90.31,9031.41,9031.41,6단위 세번변경기준 또는 당사자에서 발생한 부가가치가 40퍼 센트 이상일 것
RCEP,90,90.31,9031.49,9031.49,6단위 세번변경기준 또는 당사자에서 발생한 부가가치가 40퍼 센트 이상일 것
RCEP,90,90.31,9031.80,9031.80,6단위 세번변경기준 또는 당사자에서 발생한 부가가치가 40퍼 센트 이상일 것
RCEP,90,90.31,9031.90,9031.90,4단위 세번변경기준 또는 당사자에서 발생한 부가가치가 40퍼 센트 이상일 것
RCEP,90,90.32,9032.10,9032.10,6단위 세번변경기준 또는 당사자에서 발생한 부가가치가 40퍼 센트 이상일 것
RCEP,90,90.32,9032.20,9032.20,6단위 세번변경기준 또는 당사자에서 발생한 부가가치가 40퍼 센트 이상일 것
RCEP,90,90.32,9032.81,9032.81,6단위 세번변경기준 또는 당사자에서 발생한 부가가치가 40퍼 센트 이상일 것
RCEP,90,90.32,9032.89,9032.89,4단위 세번변경기준 또는 당사자에서 발생한 부가가치가 40퍼 센트 이상일 것
RCEP,90,90.32,9032.90,9032.90,4단위 세번변경기준 또는 당사자에서 발생한 부가가치가 40퍼 센트 이상일 것
RCEP,90,90.33,9033.00,9033.00,4단위 세번변경기준 또는 당사자에서 발생한 부가가치가 40퍼 센트 이상일 것
RCEP,91,91.01,,91.01,4단위 세번변경기준 또는 당사자에서 발생한 부가가치가 40퍼 센트 이상일 것
RCEP,91,91.02,,91.02,4단위 세번변경기준 또는 당사자에서 발생한 부가가치가 40퍼 센트 이상일 것
RCEP,91,91.03,,91.03,4단위 세번변경기준 또는 당사자에서 발생한 부가가치가 40퍼 센트 이상일 것
RCEP,91,91.04,9104.00,9104.00,4단위 세번변경기준 또는 당사자에서 발생한 부가가치가 40퍼 센트 이상일 것
RCEP,91,91.05,,91.05,4단위 세번변경기준 또는 당사자에서 발생한 부가가치가 40퍼 센트 이상일 것
RCEP,91,91.06,,91.06,4단위 세번변경기준 또는 당사자에서 발생한 부가가치가 40퍼 센트 이상일 것
RCEP,91,91.07,9107.00,9107.00,4단위 세번변경기준 또는 당사자에서 발생한 부가가치가 40퍼 센트 이상일 것
RCEP,91,91.08,,91.08,4단위 세번변경기준 또는 당사자에서 발생한 부가가치가 40퍼 센트 이상일 것
RCEP,91,91.09,,91.09,4단위 세번변경기준 또는 당사자에서 발생한 부가가치가 40퍼 센트 이상일 것
RCEP,91,91.10,,91.10,4단위 세번변경기준 또는 당사자에서 발생한 부가가치가 40퍼 센트 이상일 것
RCEP,91,91.11,9111.10,9111.10,6단위 세번변경기준 또는 당사자에서 발생한 부가가치가 40퍼 센트 이상일 것
RCEP,91,91.11,9111.20,9111.20,6단위 세번변경기준 또는 당사자에서 발생한 부가가치가 40퍼 센트 이상일 것
RCEP,91,91.11,9111.80,9111.80,6단위 세번변경기준 또는 당사자에서 발생한 부가가치가 40퍼 센트 이상일 것
RCEP,91,91.11,9111.90,9111.90,4단위 세번변경기준 또는 당사자에서 발생한 부가가치가 40퍼 센트 이상일 것
RCEP,91,91.12,,91.12,4단위 세번변경기준 또는 당사자에서 발생한 부가가치가 40퍼 센트 이상일 것
RCEP,91,91.13,,91.13,4단위 세번변경기준 또는 당사자에서 발생한 부가가치가 40퍼 센트 이상일 것
RCEP,91,91.14,,91.14,4단위 세번변경기준 또는 당사자에서 발생한 부가가치가 40퍼 센트 이상일 것
RCEP,92,,,92,4단위 세번변경기준 또는 당사자에서 발생한 부가가치가 40퍼 센트 이상일 것
RCEP,93,,,93,4단위 세번변경기준 또는 당사자에서 발생한 부가가치가 40퍼 센트 이상일 것
RCEP,94,,,94,4단위 세번변경기준 또는 당사자에서 발생한 부가가치가 40퍼 센트 이상일 것
RCEP,95,,,95,4단위 세번변경기준 또는 당사자에서 발생한 부가가치가 40퍼 센트 이상일 것
RCEP,96,96.01,,96.01,4단위 세번변경기준 또는 당사자에서 발생한 부가가치가 40퍼 센트 이상일 것
RCEP,96,96.02,9602.00,9602.00,4단위 세번변경기준 또는 당사자에서 발생한 부가가치가 40퍼 센트 이상일 것
RCEP,96,96.03,,96.03,4단위 세번변경기준 또는 당사자에서 발생한 부가가치가 40퍼 센트 이상일 것
RCEP,96,96.04,9604.00,9604.00,4단위 세번변경기준 또는 당사자에서 발생한 부가가치가 40퍼 센트 이상일 것
RCEP,96,96.05,9605.00,9605.00,4단위 세번변경기준 또는 당사자에서 발생한 부가가치가 40퍼 센트 이상일 것
RCEP,96,96.06,,96.06,4단위 세번변경기준 또는 당사자에서 발생한 부가가치가 40퍼 센트 이상일 것
RCEP,96,96.07,9607.11,9607.11,6단위 세번변경기준 또는 당사자에서 발생한 부가가치가 40퍼 센트 이상일 것
RCEP,96,96.07,9607.19,9607.19,6단위 세번변경기준 또는 당사자에서 발생한 부가가치가 40퍼 센트 이상일 것
RCEP,96,96.07,9607.20,9607.20,4단위 세번변경기준 또는 당사자에서 발생한 부가가치가 40퍼 센트 이상일 것
RCEP,96,96.08,,96.08,4단위 세번변경기준 또는 당사자에서 발생한 부가가치가 40퍼 센트 이상일 것
RCEP,96,96.09,,96.09,4단위 세번변경기준 또는 당사자에서 발생한 부가가치가 40퍼 센트 이상일 것
RCEP,96,96.10,9610.00,9610.00,4단위 세번변경기준 또는 당사자에서 발생한 부가가치가 40퍼 센트 이상일 것
RCEP,96,96.11,9611.00,9611.00,4단위 세번변경기준 또는 당사자에서 발생한 부가가치가 40퍼 센트 이상일 것
RCEP,96,96.12,,96.12,4단위 세번변경기준 또는 당사자에서 발생한 부가가치가 40퍼 센트 이상일 것
RCEP,96,96.13,9613.10,9613.10,6단위 세번변경기준 또는 당사자에서 발생한 부가가치가 40퍼 센트 이상일 것
RCEP,96,96.13,9613.20,9613.20,6단위 세번변경기준 또는 당사자에서 발생한 부가가치가 40퍼 센트 이상일 것
RCEP,96,96.13,9613.80,9613.80,6단위 세번변경기준 또는 당사자에서 발생한 부가가치가 40퍼 센트 이상일 것
RCEP,96,96.13,9613.90,9613.90,4단위 세번변경기준 또는 당사자에서 발생한 부가가치가 40퍼 센트 이상일 것
RCEP,96,96.14,9614.00,9614.00,4단위 세번변경기준 또는 당사자에서 발생한 부가가치가 40퍼 센트 이상일 것
RCEP,96,96.15,,96.15,4단위 세번변경기준 또는 당사자에서 발생한 부가가치가 40퍼 센트 이상일 것
RCEP,96,96.16,,96.16,4단위 세번변경기준 또는 당사자에서 발생한 부가가치가 40퍼 센트 이상일 것
RCEP,96,96.17,9617.00,9617.00,4단위 세번변경기준 또는 당사자에서 발생한 부가가치가 40퍼 센트 이상일 것
RCEP,96,96.18,9618.00,9618.00,4단위 세번변경기준 또는 당사자에서 발생한 부가가치가 40퍼 센트 이상일 것
RCEP,96,96.19,9619.00,9619.00,4단위 세번변경기준 또는 당사자에서 발생한 부가가치가 40퍼 센트 이상일 것
RCEP,96,96.20,9620.00,9620.00,4단위 세번변경기준 또는 당사자에서 발생한 부가가치가 40퍼 센트 이상일 것
RCEP,97,,,97,4단위 세번변경기준 또는 당사자에서 발생한 부가가치가 40퍼 센트 이상일 것
한-필리핀,01,,,01,완전생산기준
한-필리핀,02,,,02,완전생산기준
한-필리핀,03,03.01,,03.01,완전생산기준
한-필리핀,03,03.02,,03.02,완전생산기준
한-필리핀,03,03.03,,03.03,완전생산기준
한-필리핀,03,03.03,0304.31,0304.31,완전생산기준
한-필리핀,03,03.03,0304.32,0304.32,2단위 세번변경기준
한-필리핀,03,03.03,0304.33,0304.33,완전생산기준
한-필리핀,03,03.03,0304.39,0304.39,완전생산기준
한-필리핀,03,03.03,0304.41,0304.41,완전생산기준
한-필리핀,03,03.03,0304.42,0304.42,2단위 세번변경기준
한-필리핀,03,03.03,0304.43,0304.43,완전생산기준
한-필리핀,03,03.03,0304.44,0304.44,완전생산기준
한-필리핀,03,03.03,0304.45,0304.45,완전생산기준
한-필리핀,03,03.03,0304.46,0304.46,완전생산기준
한-필리핀,03,03.03,0304.47,0304.47,완전생산기준
한-필리핀,03,03.03,0304.48,0304.48,완전생산기준
한-필리핀,03,03.03,0304.49,0304.49,완전생산기준
한-필리핀,03,03.03,0304.51,0304.51,완전생산기준
한-필리핀,03,03.03,0304.52,0304.52,2단위 세번변경기준
한-필리핀,03,03.03,0304.53,0304.53,완전생산기준
한-필리핀,03,03.03,0304.54,0304.54,완전생산기준
한-필리핀,03,03.03,0304.55,0304.55,완전생산기준
한-필리핀,03,03.03,0304.56,0304.56,완전생산기준
한-필리핀,03,03.03,0304.57,0304.57,완전생산기준
한-필리핀,03,03.03,0304.59,0304.59,2단위 세번변경기준
한-필리핀,03,03.03,0304.61,0304.61,완전생산기준
한-필리핀,03,03.03,0304.62,0304.62,2단위 세번변경기준
한-필리핀,03,03.03,0304.63,0304.63,완전생산기준
한-필리핀,03,03.03,0304.69,0304.69,완전생산기준
한-필리핀,03,03.03,0304.71,0304.71,2단위 세번변경기준
한-필리핀,03,03.03,0304.72,0304.72,2단위 세번변경기준
한-필리핀,03,03.03,0304.73,0304.73,2단위 세번변경기준
한-필리핀,03,03.03,0304.74,0304.74,완전생산기준
한-필리핀,03,03.03,0304.75,0304.75,완전생산기준
한-필리핀,03,03.03,0304.79,0304.79,완전생산기준
한-필리핀,03,03.03,0304.81,0304.81,완전생산기준
한-필리핀,03,03.03,0304.82,0304.82,2단위 세번변경기준
한-필리핀,03,03.03,0304.83,0304.83,완전생산기준
한-필리핀,03,03.03,0304.84,0304.84,완전생산기준
한-필리핀,03,03.03,0304.85,0304.85,완전생산기준
한-필리핀,03,03.03,0304.86,0304.86,완전생산기준
한-필리핀,03,03.03,0304.87,0304.87,완전생산기준
한-필리핀,03,03.03,0304.88,0304.88,완전생산기준
한-필리핀,03,03.03,0304.89,0304.89,완전생산기준
한-필리핀,03,03.03,0304.91,0304.91,완전생산기준
한-필리핀,03,03.03,0304.92,0304.92,완전생산기준
한-필리핀,03,03.03,0304.93,0304.93,완전생산기준
한-필리핀,03,03.03,0304.94,0304.94,완전생산기준
한-필리핀,03,03.03,0304.95,0304.95,완전생산기준
한-필리핀,03,03.03,0304.96,0304.96,완전생산기준
한-필리핀,03,03.03,0304.97,0304.97,완전생산기준
한-필리핀,03,03.03,0304.99,0304.99,완전생산기준
한-필리핀,03,03.03,0305.10,0305.10,완전생산기준
한-필리핀,03,03.03,0305.20,0305.20,완전생산기준
한-필리핀,03,03.03,0305.31,0305.31,완전생산기준
한-필리핀,03,03.03,0305.32,0305.32,완전생산기준
한-필리핀,03,03.03,0305.39,0305.39,완전생산기준
한-필리핀,03,03.03,0305.41,0305.41,완전생산기준
한-필리핀,03,03.03,0305.42,0305.42,완전생산기준
한-필리핀,03,03.03,0305.43,0305.43,2단위 세번변경기준
한-필리핀,03,03.03,0305.44,0305.44,2단위 세번변경기준
한-필리핀,03,03.03,0305.49,0305.49,완전생산기준
한-필리핀,03,03.03,0305.51,0305.51,2단위 세번변경기준
한-필리핀,03,03.03,0305.52,0305.52,2단위 세번변경기준
한-필리핀,03,03.03,0305.53,0305.53,2단위 세번변경기준
한-필리핀,03,03.03,0305.54,0305.54,2단위 세번변경기준
한-필리핀,03,03.03,0305.59,0305.59,체약당사국 내에서 발생한 부가가치가 40퍼센트 이상일 것
한-필리핀,03,03.03,0305.61,0305.61,완전생산기준
한-필리핀,03,03.03,0305.62,0305.62,2단위 세번변경기준
한-필리핀,03,03.03,0305.63,0305.63,완전생산기준
한-필리핀,03,03.03,0305.64,0305.64,2단위 세번변경기준
한-필리핀,03,03.03,0305.69,0305.69,체약당사국 내에서 발생한 부가가치가 40퍼센트 이상일 것
한-필리핀,03,03.03,0305.71,0305.71,완전생산기준
한-필리핀,03,03.03,0305.72,0305.72,완전생산기준
한-필리핀,03,03.03,0305.79,0305.79,완전생산기준
한-필리핀,03,03.06,,03.06,완전생산기준
한-필리핀,03,03.07,,03.07,완전생산기준
한-필리핀,03,03.08,,03.08,완전생산기준
한-필리핀,04,04.01,,04.01,완전생산기준
한-필리핀,04,04.02,,04.02,완전생산기준 또는 체약당사국 내에서 발생한 부가가치가 45퍼센트 이상일 것
한-필리핀,04,04.03,,04.03,4단위 세번변경기준(제0403호는 우유 원료 중 비체약당사국 으로부터 수입된 우유 원료 총중량이 50퍼센트를 초과하지 않는 경우로 한정한다) 또는 체약당사국 내에서 발생한 부가 가치가 45퍼센트 이상일 것
한-필리핀,04,04.03,0404.10,0404.10,완전생산기준 또는 체약당사국 내에서 발생한 부가가치가 45퍼센트 이상일 것
한-필리핀,04,04.03,0404.90,0404.90,완전생산기준
한-필리핀,04,04.05,,04.05,완전생산기준
한-필리핀,04,04.05,0406.10,0406.10,완전생산기준
한-필리핀,04,04.05,0406.20,0406.20,완전생산기준
한-필리핀,04,04.05,0406.30,0406.30,4단위 세번변경기준(제0406.30호는 우유 원료 중 비체약당사 국으로부터 수입된 우유 원료 총중량이 50퍼센트를 초과하 지 않는 경우로 한정한다) 또는 체약당사국 내에서 발생한 부가가치가 45퍼센트 이상일 것
한-필리핀,04,04.05,0406.40,0406.40,완전생산기준
한-필리핀,04,04.05,0406.90,0406.90,완전생산기준
한-필리핀,04,04.07,,04.07,완전생산기준
한-필리핀,04,04.08,,04.08,완전생산기준
한-필리핀,04,04.09,,04.09,완전생산기준
한-필리핀,04,04.10,,04.10,완전생산기준
한-필리핀,05,,,05,완전생산기준
한-필리핀,06,,,06,완전생산기준
한-필리핀,07,,,07,완전생산기준
한-필리핀,08,,,08,완전생산기준
한-필리핀,09,,0901.11,0901.11,완전생산기준
한-필리핀,09,,0901.12,0901.12,체약당사국 내에서 발생한 부가가치가 45퍼센트 이상일 것
한-필리핀,09,,0901.21,0901.21,6단위 세번변경기준 또는 체약당사국 내에서 발생한 부가가치가 40퍼센트 이상일 것
한-필리핀,09,,0901.22,0901.22,6단위 세번변경기준 또는 체약당사국 내에서 발생한 부가가치가 40퍼센트 이상일 것
한-필리핀,09,,0901.90,0901.90,6단위 세번변경기준 또는 체약당사국 내에서 발생한 부가가치가 40퍼센트 이상일 것
한-필리핀,09,09.02,,09.02,완전생산기준
한-필리핀,09,09.03,,09.03,완전생산기준
한-필리핀,09,09.03,0904.11,0904.11,완전생산기준
한-필리핀,09,09.03,0904.12,0904.12,체약당사국 내에서 발생한 부가가치가 40퍼센트 이상일 것
한-필리핀,09,09.03,0904.21,0904.21,완전생산기준
한-필리핀,09,09.03,0904.22,0904.22,완전생산기준
한-필리핀,09,09.05,,09.05,완전생산기준
한-필리핀,09,09.05,0906.11,0906.11,완전생산기준
한-필리핀,09,09.05,0906.19,0906.19,완전생산기준
한-필리핀,09,09.05,0906.20,0906.20,체약당사국 내에서 발생한 부가가치가 40퍼센트 이상일 것
한-필리핀,09,09.07,,09.07,완전생산기준
한-필리핀,09,09.08,,09.08,완전생산기준
한-필리핀,09,09.09,,09.09,완전생산기준
한-필리핀,09,09.09,0910.11,0910.11,완전생산기준
한-필리핀,09,09.09,0910.12,0910.12,완전생산기준
한-필리핀,09,09.09,0910.20,0910.20,완전생산기준
한-필리핀,09,09.09,0910.30,0910.30,완전생산기준
한-필리핀,09,09.09,0910.91,0910.91,체약당사국 내에서 발생한 부가가치가 40퍼센트 이상일 것
한-필리핀,09,09.09,0910.99,0910.99,"가. 타임, 월계수잎: 완전생산기준 나. 기타: 체약당사국 내에서 발생한 부가가치가 40퍼센트 이 상일 것"
한-필리핀,10,,,10,완전생산기준
한-필리핀,11,11.01,,11.01,2단위 세번변경기준
한-필리핀,11,11.01,1102.20,1102.20,완전생산기준
한-필리핀,11,11.01,1102.90,1102.90,"가. 쌀가루, 호밀가루: 완전생산기준 나. 기타: 2단위 세번변경기준(제1003호 및 제1006호는 완전 생산기준인 경우로 한정한다) 또는 체약당사국 내에서 발생한 부가가치가 40퍼센트 이상일 것(제1003호 및 제 1006호는 완전생산기준인 경우로 한정한다)"
한-필리핀,11,11.01,1103.11,1103.11,2단위 세번변경기준 또는 체약당사국 내에서 발생한 부가가치가 40퍼센트 이상일 것
한-필리핀,11,11.01,1103.13,1103.13,2단위 세번변경기준 또는 체약당사국 내에서 발생한 부가가치가 40퍼센트 이상일 것
한-필리핀,11,11.01,1103.19,1103.19,2단위 세번변경기준(제1003호 및 제1006호는 완전생산기준 인 경우로 한정한다) 또는 체약당사국 내에서 발생한 부가가치가 40퍼센트 이상일 것(제1003호 및 제1006호는 완전생산 기준인 경우로 한정한다)
한-필리핀,11,11.01,1103.20,1103.20,2단위 세번변경기준(제1003호 및 제1006호는 완전생산기준 인 경우로 한정한다) 또는 체약당사국 내에서 발생한 부가가치가 40퍼센트 이상일 것(제1003호 및 제1006호는 완전생산 기준인 경우로 한정한다)
한-필리핀,11,11.01,1104.12,1104.12,2단위 세번변경기준 또는 체약당사국 내에서 발생한 부가가치가 40퍼센트 이상일 것
한-필리핀,11,11.01,1104.19,1104.19,2단위 세번변경기준(제1003호 및 제1006호는 완전생산기준 인 경우로 한정한다) 또는 체약당사국 내에서 발생한 부가가치가 40퍼센트 이상일 것(제1003호 및 제1006호는 완전생산 기준인 경우로 한정한다)
한-필리핀,11,11.01,1104.22,1104.22,완전생산기준
한-필리핀,11,11.01,1104.23,1104.23,완전생산기준
한-필리핀,11,11.01,1104.29,1104.29,완전생산기준
한-필리핀,11,11.01,1104.30,1104.30,완전생산기준
한-필리핀,11,11.01,1105.10,1105.10,2단위 세번변경기준 또는 체약당사국 내에서 발생한 부가가치가 40퍼센트 이상일 것
한-필리핀,11,11.01,1105.20,1105.20,완전생산기준
한-필리핀,11,11.06,,11.06,2단위 세번변경기준 또는 체약당사국 내에서 발생한 부가가치가 40퍼센트 이상일 것
한-필리핀,11,11.06,1107.10,1107.10,2단위 세번변경기준
한-필리핀,11,11.06,1107.20,1107.20,완전생산기준
한-필리핀,11,11.08,,11.08,2단위 세번변경기준 또는 체약당사국 내에서 발생한 부가가치가 40퍼센트 이상일 것
한-필리핀,11,11.09,,11.09,완전생산기준
한-필리핀,12,,,12,완전생산기준
한-필리핀,13,13.01,,13.01,완전생산기준
한-필리핀,13,13.01,1302.11,1302.11,완전생산기준
한-필리핀,13,13.01,1302.12,1302.12,완전생산기준
한-필리핀,13,13.01,1302.13,1302.13,완전생산기준
한-필리핀,13,13.01,1302.14,1302.14,완전생산기준
한-필리핀,13,13.01,1302.19,1302.19,2단위 세번변경기준(제1211.20호의 것은 제외한다)
한-필리핀,13,13.01,1302.20,1302.20,완전생산기준
한-필리핀,13,13.01,1302.31,1302.31,2단위 세번변경기준
한-필리핀,13,13.01,1302.32,1302.32,완전생산기준
한-필리핀,13,13.01,1302.39,1302.39,2단위 세번변경기준
한-필리핀,14,,,14,완전생산기준
한-필리핀,15,15.01,,15.01,4단위 세번변경기준 또는 체약당사국 내에서 발생한 부가가치가 40퍼센트 이상일 것
한-필리핀,15,15.02,,15.02,4단위 세번변경기준 또는 체약당사국 내에서 발생한 부가가치가 40퍼센트 이상일 것
한-필리핀,15,15.03,,15.03,4단위 세번변경기준 또는 체약당사국 내에서 발생한 부가가치가 40퍼센트 이상일 것
한-필리핀,15,15.04,,15.04,4단위 세번변경기준 또는 체약당사국 내에서 발생한 부가가치가 40퍼센트 이상일 것
한-필리핀,15,15.05,,15.05,4단위 세번변경기준 또는 체약당사국 내에서 발생한 부가가치가 40퍼센트 이상일 것
한-필리핀,15,15.06,,15.06,4단위 세번변경기준 또는 체약당사국 내에서 발생한 부가가치가 40퍼센트 이상일 것
한-필리핀,15,15.07,,15.07,4단위 세번변경기준 또는 체약당사국 내에서 발생한 부가가치가 40퍼센트 이상일 것
한-필리핀,15,15.08,,15.08,4단위 세번변경기준 또는 체약당사국 내에서 발생한 부가가치가 40퍼센트 이상일 것
한-필리핀,15,15.09,,15.09,4단위 세번변경기준 또는 체약당사국 내에서 발생한 부가가치가 40퍼센트 이상일 것
한-필리핀,15,15.10,,15.10,4단위 세번변경기준 또는 체약당사국 내에서 발생한 부가가치가 40퍼센트 이상일 것
한-필리핀,15,15.11,,15.11,4단위 세번변경기준 또는 체약당사국 내에서 발생한 부가가치가 40퍼센트 이상일 것
한-필리핀,15,15.12,,15.12,4단위 세번변경기준 또는 체약당사국 내에서 발생한 부가가치가 40퍼센트 이상일 것
한-필리핀,15,15.13,,15.13,4단위 세번변경기준 또는 체약당사국 내에서 발생한 부가가치가 40퍼센트 이상일 것
한-필리핀,15,15.14,,15.14,4단위 세번변경기준 또는 체약당사국 내에서 발생한 부가가치가 40퍼센트 이상일 것
한-필리핀,15,15.14,1515.11,1515.11,4단위 세번변경기준 또는 체약당사국 내에서 발생한 부가가치가 40퍼센트 이상일 것
한-필리핀,15,15.14,1515.19,1515.19,4단위 세번변경기준 또는 체약당사국 내에서 발생한 부가가치가 40퍼센트 이상일 것
한-필리핀,15,15.14,1515.21,1515.21,4단위 세번변경기준 또는 체약당사국 내에서 발생한 부가가치가 40퍼센트 이상일 것
한-필리핀,15,15.14,1515.29,1515.29,4단위 세번변경기준 또는 체약당사국 내에서 발생한 부가가치가 40퍼센트 이상일 것
한-필리핀,15,15.14,1515.30,1515.30,4단위 세번변경기준 또는 체약당사국 내에서 발생한 부가가치가 40퍼센트 이상일 것
한-필리핀,15,15.14,1515.50,1515.50,4단위 세번변경기준(제12류는 완전생산기준인 경우로 한정 한다) 또는 체약당사국 내에서 발생한 부가가치가 40퍼센트 이상일 것(제12류는 완전생산기준인 경우로 한정한다)
한-필리핀,15,15.14,1515.90,1515.90,4단위 세번변경기준 또는 체약당사국 내에서 발생한 부가가치가 40퍼센트 이상일 것
한-필리핀,15,15.16,,15.16,4단위 세번변경기준 또는 체약당사국 내에서 발생한 부가가치가 40퍼센트 이상일 것
한-필리핀,15,15.16,1517.10,1517.10,2단위 세번변경기준 그리고 체약당사국 내에서 발생한 부가 가치가 40퍼센트 이상일 것
한-필리핀,15,15.16,1517.90,1517.90,체약당사국 내에서 발생한 부가가치가 40퍼센트 이상일 것
한-필리핀,15,15.18,,15.18,2단위 세번변경기준 그리고 체약당사국 내에서 발생한 부가 가치가 40퍼센트 이상일 것
한-필리핀,15,15.20,,15.20,4단위 세번변경기준 또는 체약당사국 내에서 발생한 부가가치가 40퍼센트 이상일 것
한-필리핀,15,15.21,,15.21,4단위 세번변경기준 또는 체약당사국 내에서 발생한 부가가치가 40퍼센트 이상일 것
한-필리핀,15,15.22,,15.22,4단위 세번변경기준 또는 체약당사국 내에서 발생한 부가가치가 40퍼센트 이상일 것
한-필리핀,16,16.01,,16.01,2단위 세번변경기준 또는 체약당사국 내에서 발생한 부가가치가 40퍼센트 이상일 것
한-필리핀,16,16.01,1602.10,1602.10,4단위 세번변경기준 또는 체약당사국 내에서 발생한 부가가치가 40퍼센트 이상일 것
한-필리핀,16,16.01,1602.20,1602.20,2단위 세번변경기준
한-필리핀,16,16.01,1602.31,1602.31,"4단위 세번변경기준(제1류, 제2류 및 제5류는 완전생산기준 인 경우로 한정한다) 또는 체약당사국 내에서 발생한 부가가치가 40퍼센트 이상일 것(제1류, 제2류 및 제5류는 완전생산 기준인 경우로 한정한다)"
한-필리핀,16,16.01,1602.32,1602.32,2단위 세번변경기준
한-필리핀,16,16.01,1602.39,1602.39,2단위 세번변경기준
한-필리핀,16,16.01,1602.41,1602.41,2단위 세번변경기준 또는 체약당사국 내에서 발생한 부가가치가 40퍼센트 이상일 것
한-필리핀,16,16.01,1602.42,1602.42,2단위 세번변경기준
한-필리핀,16,16.01,1602.49,1602.49,2단위 세번변경기준
한-필리핀,16,16.01,1602.50,1602.50,체약당사국 내에서 발생한 부가가치가 40퍼센트 이상일 것
한-필리핀,16,16.01,1602.90,1602.90,"4단위 세번변경기준(제1류, 제2류 및 제5류는 완전생산기준 인 경우로 한정한다) 또는 체약당사국 내에서 발생한 부가가치가 40퍼센트 이상일 것(제1류, 제2류 및 제5류는 완전생산 기준인 경우로 한정한다)"
한-필리핀,16,16.03,,16.03,2단위 세번변경기준 또는 체약당사국 내에서 발생한 부가가치가 40퍼센트 이상일 것
한-필리핀,16,16.03,1604.11,1604.11,2단위 세번변경기준 또는 체약당사국 내에서 발생한 부가가치가 40퍼센트 이상일 것
한-필리핀,16,16.03,1604.12,1604.12,2단위 세번변경기준
한-필리핀,16,16.03,1604.13,1604.13,2단위 세번변경기준
한-필리핀,16,16.03,1604.14,1604.14,4단위 세번변경기준 또는 체약당사국 내에서 발생한 부가가치가 40퍼센트 이상일 것
한-필리핀,16,16.03,1604.15,1604.15,2단위 세번변경기준
한-필리핀,16,16.03,1604.16,1604.16,2단위 세번변경기준
한-필리핀,16,16.03,1604.17,1604.17,2단위 세번변경기준 또는 체약당사국 내에서 발생한 부가가치가 40퍼센트 이상일 것
한-필리핀,16,16.03,1604.18,1604.18,2단위 세번변경기준 또는 체약당사국 내에서 발생한 부가가치가 40퍼센트 이상일 것
한-필리핀,16,16.03,1604.19,1604.19,2단위 세번변경기준 또는 체약당사국 내에서 발생한 부가가치가 40퍼센트 이상일 것
한-필리핀,16,16.03,1604.20,1604.20,2단위 세번변경기준 또는 체약당사국 내에서 발생한 부가가치가 40퍼센트 이상일 것
한-필리핀,16,16.03,1604.31,1604.31,2단위 세번변경기준 또는 체약당사국 내에서 발생한 부가가치가 40퍼센트 이상일 것
한-필리핀,16,16.03,1604.32,1604.32,2단위 세번변경기준 또는 체약당사국 내에서 발생한 부가가치가 40퍼센트 이상일 것
한-필리핀,16,16.03,1605.10,1605.10,2단위 세번변경기준
한-필리핀,16,16.03,1605.21,1605.21,2단위 세번변경기준
한-필리핀,16,16.03,1605.29,1605.29,2단위 세번변경기준
한-필리핀,16,16.03,1605.30,1605.30,2단위 세번변경기준
한-필리핀,16,16.03,1605.40,1605.40,2단위 세번변경기준(제3류는 완전생산기준인 경우로 한정한 다) 또는 체약당사국 내에서 발생한 부가가치가 40퍼센트 이 상일 것(제3류는 완전생산기준인 경우로 한정한다)
한-필리핀,16,16.03,1605.51,1605.51,2단위 세번변경기준
한-필리핀,16,16.03,1605.52,1605.52,2단위 세번변경기준
한-필리핀,16,16.03,1605.53,1605.53,2단위 세번변경기준
한-필리핀,16,16.03,1605.54,1605.54,2단위 세번변경기준
한-필리핀,16,16.03,1605.55,1605.55,2단위 세번변경기준
한-필리핀,16,16.03,1605.56,1605.56,2단위 세번변경기준
한-필리핀,16,16.03,1605.57,1605.57,2단위 세번변경기준
한-필리핀,16,16.03,1605.58,1605.58,2단위 세번변경기준
한-필리핀,16,16.03,1605.59,1605.59,2단위 세번변경기준
한-필리핀,16,16.03,1605.61,1605.61,2단위 세번변경기준
한-필리핀,16,16.03,1605.62,1605.62,2단위 세번변경기준(제3류는 완전생산기준인 경우로 한정한 다) 또는 체약당사국 내에서 발생한 부가가치가 40퍼센트 이 상일 것(제3류는 완전생산기준인 경우로 한정한다)
한-필리핀,16,16.03,1605.63,1605.63,2단위 세번변경기준(제3류는 완전생산기준인 경우로 한정한 다) 또는 체약당사국 내에서 발생한 부가가치가 40퍼센트 이 상일 것(제3류는 완전생산기준인 경우로 한정한다)
한-필리핀,16,16.03,1605.69,1605.69,2단위 세번변경기준
한-필리핀,17,,,17,4단위 세번변경기준 또는 체약당사국 내에서 발생한 부가가치가 40퍼센트 이상일 것
한-필리핀,18,,,18,4단위 세번변경기준 또는 체약당사국 내에서 발생한 부가가치가 40퍼센트 이상일 것
한-필리핀,19,19.01,,19.01,2단위 세번변경기준
한-필리핀,19,19.02,,19.02,4단위 세번변경기준 또는 체약당사국 내에서 발생한 부가가치가 40퍼센트 이상일 것
한-필리핀,19,19.03,,19.03,4단위 세번변경기준 또는 체약당사국 내에서 발생한 부가가치가 40퍼센트 이상일 것
한-필리핀,19,19.03,1904.10,1904.10,4단위 세번변경기준 또는 체약당사국 내에서 발생한 부가가치가 40퍼센트 이상일 것
한-필리핀,19,19.03,1904.20,1904.20,4단위 세번변경기준 또는 체약당사국 내에서 발생한 부가가치가 40퍼센트 이상일 것
한-필리핀,19,19.03,1904.30,1904.30,4단위 세번변경기준 또는 체약당사국 내에서 발생한 부가가치가 40퍼센트 이상일 것
한-필리핀,19,19.03,1904.90,1904.90,"가. 한국의 제1904.90.1010호, 제1904.90.1090호: 4단위 세번변경기준. 다만, 비원산지 재료가 해당 물품의 소호와 다른 소호로 분류되지 않는 한 최소허용기준은 그 물품의 생산 에 사용된 비체약당사국으로부터 수입된 비원산지 재료에 는 적용되지 않는다. 또는 체약당사국 내에서 발생한 부 가가치가 40퍼센트 이상일 것 나. 기타: 4단위 세번변경기준 또는 체약당사국 내에서 발생 한 부가가치가 40퍼센트 이상일 것"
한-필리핀,19,19.05,,19.05,4단위 세번변경기준 또는 체약당사국 내에서 발생한 부가가치가 40퍼센트 이상일 것
한-필리핀,20,20.01,,20.01,4단위 세번변경기준 또는 체약당사국 내에서 발생한 부가가치가 40퍼센트 이상일 것
한-필리핀,20,20.02,,20.02,4단위 세번변경기준 또는 체약당사국 내에서 발생한 부가가치가 40퍼센트 이상일 것
한-필리핀,20,20.02,2003.10,2003.10,4단위 세번변경기준 또는 체약당사국 내에서 발생한 부가가치가 40퍼센트 이상일 것
한-필리핀,20,20.02,2003.90,2003.90,4단위 세번변경기준 그리고 체약당사국 내에서 발생한 부가 가치가 60퍼센트 이상일 것
한-필리핀,20,20.04,,20.04,4단위 세번변경기준 또는 체약당사국 내에서 발생한 부가가치가 40퍼센트 이상일 것
한-필리핀,20,20.04,2005.10,2005.10,4단위 세번변경기준 또는 체약당사국 내에서 발생한 부가가치가 40퍼센트 이상일 것
한-필리핀,20,20.04,2005.20,2005.20,4단위 세번변경기준 또는 체약당사국 내에서 발생한 부가가치가 40퍼센트 이상일 것
한-필리핀,20,20.04,2005.40,2005.40,4단위 세번변경기준 또는 체약당사국 내에서 발생한 부가가치가 40퍼센트 이상일 것
한-필리핀,20,20.04,2005.51,2005.51,4단위 세번변경기준 또는 체약당사국 내에서 발생한 부가가치가 40퍼센트 이상일 것
한-필리핀,20,20.04,2005.59,2005.59,4단위 세번변경기준 또는 체약당사국 내에서 발생한 부가가치가 40퍼센트 이상일 것
한-필리핀,20,20.04,2005.60,2005.60,4단위 세번변경기준 또는 체약당사국 내에서 발생한 부가가치가 40퍼센트 이상일 것
한-필리핀,20,20.04,2005.70,2005.70,4단위 세번변경기준 또는 체약당사국 내에서 발생한 부가가치가 40퍼센트 이상일 것
한-필리핀,20,20.04,2005.80,2005.80,4단위 세번변경기준 또는 체약당사국 내에서 발생한 부가가치가 40퍼센트 이상일 것
한-필리핀,20,20.04,2005.91,2005.91,체약당사국 내에서 발생한 부가가치가 40퍼센트 이상일 것
한-필리핀,20,20.04,2005.99,2005.99,가. 한국의 제2005.99.1000호: 체약당사국 내에서 발생한 부 가가치가 60퍼센트 이상일 것 나. 기타: 체약당사국 내에서 발생한 부가가치가 40퍼센트 이상일 것
한-필리핀,20,20.06,,20.06,체약당사국 내에서 발생한 부가가치가 45퍼센트 이상일 것
한-필리핀,20,20.07,,20.07,4단위 세번변경기준 또는 체약당사국 내에서 발생한 부가가치가 40퍼센트 이상일 것
한-필리핀,20,20.07,2008.11,2008.11,체약당사국 내에서 발생한 부가가치가 40퍼센트 이상일 것 (제12류의 것은 완전생산기준인 경우로 한정한다)
한-필리핀,20,20.07,2008.19,2008.19,"4단위 세번변경기준(제0802.31호, 제0802.32호, 제0802.41호, 제0802.42호 및 제0802.90호는 완전생산기준인 경우로 한정 한다) 또는 체약당사국 내에서 발생한 부가가치가 40퍼센트 이상일 것(제0802.31호, 제0802.32호, 제0802.41호, 제0802.42 호 및 제0802.90호는 완전생산기준인 경우로 한정한다)"
한-필리핀,20,20.07,2008.20,2008.20,2단위 세번변경기준
한-필리핀,20,20.07,2008.30,2008.30,4단위 세번변경기준 또는 체약당사국 내에서 발생한 부가가치가 40퍼센트 이상일 것
한-필리핀,20,20.07,2008.40,2008.40,4단위 세번변경기준 또는 체약당사국 내에서 발생한 부가가치가 40퍼센트 이상일 것
한-필리핀,20,20.07,2008.50,2008.50,4단위 세번변경기준 또는 체약당사국 내에서 발생한 부가가치가 40퍼센트 이상일 것
한-필리핀,20,20.07,2008.60,2008.60,4단위 세번변경기준 또는 체약당사국 내에서 발생한 부가가치가 40퍼센트 이상일 것
한-필리핀,20,20.07,2008.70,2008.70,4단위 세번변경기준 또는 체약당사국 내에서 발생한 부가가치가 40퍼센트 이상일 것
한-필리핀,20,20.07,2008.80,2008.80,4단위 세번변경기준 또는 체약당사국 내에서 발생한 부가가치가 40퍼센트 이상일 것
한-필리핀,20,20.07,2008.91,2008.91,4단위 세번변경기준 또는 체약당사국 내에서 발생한 부가가치가 40퍼센트 이상일 것
한-필리핀,20,20.07,2008.93,2008.93,2단위 세번변경기준 또는 체약당사국 내에서 발생한 부가가치가 40퍼센트 이상일 것
한-필리핀,20,20.07,2008.97,2008.97,2단위 세번변경기준 또는 체약당사국 내에서 발생한 부가가치가 40퍼센트 이상일 것
한-필리핀,20,20.07,2008.99,2008.99,2단위 세번변경기준 또는 체약당사국 내에서 발생한 부가가치가 40퍼센트 이상일 것
한-필리핀,20,20.07,2009.11,2009.11,4단위 세번변경기준 또는 체약당사국 내에서 발생한 부가가치가 40퍼센트 이상일 것
한-필리핀,20,20.07,2009.12,2009.12,4단위 세번변경기준 또는 체약당사국 내에서 발생한 부가가치가 40퍼센트 이상일 것
한-필리핀,20,20.07,2009.19,2009.19,4단위 세번변경기준 또는 체약당사국 내에서 발생한 부가가치가 40퍼센트 이상일 것
한-필리핀,20,20.07,2009.21,2009.21,4단위 세번변경기준 또는 체약당사국 내에서 발생한 부가가치가 40퍼센트 이상일 것
한-필리핀,20,20.07,2009.29,2009.29,4단위 세번변경기준 또는 체약당사국 내에서 발생한 부가가치가 40퍼센트 이상일 것
한-필리핀,20,20.07,2009.31,2009.31,4단위 세번변경기준 또는 체약당사국 내에서 발생한 부가가치가 40퍼센트 이상일 것
한-필리핀,20,20.07,2009.39,2009.39,4단위 세번변경기준 또는 체약당사국 내에서 발생한 부가가치가 40퍼센트 이상일 것
한-필리핀,20,20.07,2009.41,2009.41,2단위 세번변경기준
한-필리핀,20,20.07,2009.49,2009.49,2단위 세번변경기준
한-필리핀,20,20.07,2009.50,2009.50,4단위 세번변경기준 또는 체약당사국 내에서 발생한 부가가치가 40퍼센트 이상일 것
한-필리핀,20,20.07,2009.61,2009.61,4단위 세번변경기준 또는 체약당사국 내에서 발생한 부가가치가 40퍼센트 이상일 것
한-필리핀,20,20.07,2009.69,2009.69,4단위 세번변경기준 또는 체약당사국 내에서 발생한 부가가치가 40퍼센트 이상일 것
한-필리핀,20,20.07,2009.71,2009.71,4단위 세번변경기준 또는 체약당사국 내에서 발생한 부가가치가 40퍼센트 이상일 것
한-필리핀,20,20.07,2009.79,2009.79,4단위 세번변경기준 또는 체약당사국 내에서 발생한 부가가치가 40퍼센트 이상일 것
한-필리핀,20,20.07,2009.81,2009.81,2단위 세번변경기준 또는 체약당사국 내에서 발생한 부가가치가 40퍼센트 이상일 것
한-필리핀,20,20.07,2009.89,2009.89,2단위 세번변경기준 또는 체약당사국 내에서 발생한 부가가치가 40퍼센트 이상일 것
한-필리핀,20,20.07,2009.90,2009.90,2단위 세번변경기준 또는 체약당사국 내에서 발생한 부가가치가 40퍼센트 이상일 것
한-필리핀,21,,2101.11,2101.11,4단위 세번변경기준 또는 체약당사국 내에서 발생한 부가가치가 40퍼센트 이상일 것
한-필리핀,21,,2101.12,2101.12,4단위 세번변경기준 또는 체약당사국 내에서 발생한 부가가치가 40퍼센트 이상일 것
한-필리핀,21,,2101.20,2101.20,4단위 세번변경기준(제0902호는 완전생산기준인 경우로 한 정한다) 또는 체약당사국 내에서 발생한 부가가치가 40퍼센 트 이상일 것(제0902호는 완전생산기준인 경우로 한정한다)
한-필리핀,21,,2101.30,2101.30,4단위 세번변경기준 또는 체약당사국 내에서 발생한 부가가치가 40퍼센트 이상일 것
한-필리핀,21,21.02,,21.02,4단위 세번변경기준 또는 체약당사국 내에서 발생한 부가가치가 40퍼센트 이상일 것
한-필리핀,21,21.03,,21.03,4단위 세번변경기준 또는 체약당사국 내에서 발생한 부가가치가 40퍼센트 이상일 것
한-필리핀,21,21.04,,21.04,4단위 세번변경기준 또는 체약당사국 내에서 발생한 부가가치가 40퍼센트 이상일 것
한-필리핀,21,21.05,,21.05,4단위 세번변경기준 또는 체약당사국 내에서 발생한 부가가치가 40퍼센트 이상일 것
한-필리핀,21,21.05,2106.10,2106.10,4단위 세번변경기준 또는 체약당사국 내에서 발생한 부가가치가 40퍼센트 이상일 것
한-필리핀,21,21.05,2106.90,2106.90,"체약당사국 내에서 발생한 부가가치가 40퍼센트 이상일 것 (제1211.20호, 제1212.21호, 제1302.14호 및 제1302.19호는 완 전생산기준인 경우로 한정한다)"
한-필리핀,22,22.01,,22.01,4단위 세번변경기준 또는 체약당사국 내에서 발생한 부가가치가 40퍼센트 이상일 것
한-필리핀,22,22.01,2202.10,2202.10,체약당사국 내에서 발생한 부가가치가 40퍼센트 이상일 것
한-필리핀,22,22.01,2202.91,2202.91,4단위 세번변경기준 또는 체약당사국 내에서 발생한 부가가치가 40퍼센트 이상일 것
한-필리핀,22,22.01,2202.99,2202.99,4단위 세번변경기준(제1211.20호 및 제1302.19호의 것은 제외 한다) 또는 체약당사국 내에서 발생한 부가가치가 40퍼센트 이상일 것
한-필리핀,22,22.03,,22.03,2단위 세번변경기준 또는 체약당사국 내에서 발생한 부가가치가 40퍼센트 이상일 것
한-필리핀,22,22.03,2204.10,2204.10,4단위 세번변경기준 또는 체약당사국 내에서 발생한 부가가치가 40퍼센트 이상일 것
한-필리핀,22,22.03,2204.21,2204.21,2단위 세번변경기준 또는 체약당사국 내에서 발생한 부가가치가 40퍼센트 이상일 것
한-필리핀,22,22.03,2204.22,2204.22,2단위 세번변경기준 또는 체약당사국 내에서 발생한 부가가치가 40퍼센트 이상일 것
한-필리핀,22,22.03,2204.29,2204.29,2단위 세번변경기준 또는 체약당사국 내에서 발생한 부가가치가 40퍼센트 이상일 것
한-필리핀,22,22.03,2204.30,2204.30,4단위 세번변경기준 또는 체약당사국 내에서 발생한 부가가치가 40퍼센트 이상일 것
한-필리핀,22,22.05,,22.05,4단위 세번변경기준 또는 체약당사국 내에서 발생한 부가가치가 40퍼센트 이상일 것
한-필리핀,22,22.06,,22.06,4단위 세번변경기준 또는 체약당사국 내에서 발생한 부가가치가 40퍼센트 이상일 것
한-필리핀,22,22.07,,22.07,4단위 세번변경기준 또는 체약당사국 내에서 발생한 부가가치가 40퍼센트 이상일 것
한-필리핀,22,22.07,2208.20,2208.20,2단위 세번변경기준 또는 체약당사국 내에서 발생한 부가가치가 40퍼센트 이상일 것
한-필리핀,22,22.07,2208.30,2208.30,2단위 세번변경기준 또는 체약당사국 내에서 발생한 부가가치가 40퍼센트 이상일 것
한-필리핀,22,22.07,2208.40,2208.40,4단위 세번변경기준 또는 체약당사국 내에서 발생한 부가가치가 40퍼센트 이상일 것
한-필리핀,22,22.07,2208.50,2208.50,4단위 세번변경기준 또는 체약당사국 내에서 발생한 부가가치가 40퍼센트 이상일 것
한-필리핀,22,22.07,2208.60,2208.60,4단위 세번변경기준 또는 체약당사국 내에서 발생한 부가가치가 40퍼센트 이상일 것
한-필리핀,22,22.07,2208.70,2208.70,"체약당사국 내에서 발생한 부가가치가 40퍼센트 이상일 것 (제1211.20호, 제1302.14호 및 제1302.19호는 완전생산기준인 경우로 한정한다)"
한-필리핀,22,22.07,2208.90,2208.90,4단위 세번변경기준 또는 체약당사국 내에서 발생한 부가가치가 40퍼센트 이상일 것
한-필리핀,22,22.09,,22.09,4단위 세번변경기준 또는 체약당사국 내에서 발생한 부가가치가 40퍼센트 이상일 것
한-필리핀,23,,2301.10,2301.10,4단위 세번변경기준 또는 체약당사국 내에서 발생한 부가가치가 40퍼센트 이상일 것
한-필리핀,23,,2301.20,2301.20,2단위 세번변경기준 또는 체약당사국 내에서 발생한 부가가치가 40퍼센트 이상일 것
한-필리핀,23,23.02,,23.02,4단위 세번변경기준 또는 체약당사국 내에서 발생한 부가가치가 40퍼센트 이상일 것
한-필리핀,23,23.03,,23.03,4단위 세번변경기준 또는 체약당사국 내에서 발생한 부가가치가 40퍼센트 이상일 것
한-필리핀,23,23.04,,23.04,4단위 세번변경기준 또는 체약당사국 내에서 발생한 부가가치가 40퍼센트 이상일 것
한-필리핀,23,23.05,,23.05,4단위 세번변경기준 또는 체약당사국 내에서 발생한 부가가치가 40퍼센트 이상일 것
한-필리핀,23,23.05,2306.10,2306.10,4단위 세번변경기준 또는 체약당사국 내에서 발생한 부가가치가 40퍼센트 이상일 것
한-필리핀,23,23.05,2306.20,2306.20,4단위 세번변경기준 또는 체약당사국 내에서 발생한 부가가치가 40퍼센트 이상일 것
한-필리핀,23,23.05,2306.30,2306.30,4단위 세번변경기준 또는 체약당사국 내에서 발생한 부가가치가 40퍼센트 이상일 것
한-필리핀,23,23.05,2306.41,2306.41,4단위 세번변경기준 또는 체약당사국 내에서 발생한 부가가치가 40퍼센트 이상일 것
한-필리핀,23,23.05,2306.49,2306.49,4단위 세번변경기준 또는 체약당사국 내에서 발생한 부가가치가 40퍼센트 이상일 것
한-필리핀,23,23.05,2306.50,2306.50,2단위 세번변경기준(제8류는 완전생산기준인 경우로 한정한 다) 또는 체약당사국 내에서 발생한 부가가치가 40퍼센트 이 상일 것(제8류는 완전생산기준인 경우로 한정한다)
한-필리핀,23,23.05,2306.60,2306.60,4단위 세번변경기준 또는 체약당사국 내에서 발생한 부가가치가 40퍼센트 이상일 것
한-필리핀,23,23.05,2306.90,2306.90,4단위 세번변경기준 또는 체약당사국 내에서 발생한 부가가치가 40퍼센트 이상일 것
한-필리핀,23,23.07,,23.07,4단위 세번변경기준 또는 체약당사국 내에서 발생한 부가가치가 40퍼센트 이상일 것
한-필리핀,23,23.08,,23.08,2단위 세번변경기준(제8류는 완전생산기준인 경우로 한정한 다) 또는 체약당사국 내에서 발생한 부가가치가 40퍼센트 이 상일 것(제8류는 완전생산기준인 경우로 한정한다)
한-필리핀,23,23.09,,23.09,4단위 세번변경기준 또는 체약당사국 내에서 발생한 부가가치가 40퍼센트 이상일 것
한-필리핀,24,24.01,,24.01,완전생산기준
한-필리핀,24,24.02,,24.02,4단위 세번변경기준 또는 체약당사국 내에서 발생한 부가가치가 40퍼센트 이상일 것
한-필리핀,24,24.03,,24.03,4단위 세번변경기준 또는 체약당사국 내에서 발생한 부가가치가 40퍼센트 이상일 것
한-필리핀,25,,,25,4단위 세번변경기준 또는 체약당사국 내에서 발생한 부가가치가 40퍼센트 이상일 것
한-필리핀,26,,,26,4단위 세번변경기준 또는 체약당사국 내에서 발생한 부가가치가 40퍼센트 이상일 것
한-필리핀,27,,,27,4단위 세번변경기준 또는 체약당사국 내에서 발생한 부가가치가 40퍼센트 이상일 것
한-필리핀,28,,,28,4단위 세번변경기준 또는 체약당사국 내에서 발생한 부가가치가 40퍼센트 이상일 것
한-필리핀,29,29.01,,29.01,4단위 세번변경기준 또는 체약당사국 내에서 발생한 부가가치가 40퍼센트 이상일 것
한-필리핀,29,29.02,,29.02,4단위 세번변경기준 또는 체약당사국 내에서 발생한 부가가치가 40퍼센트 이상일 것
한-필리핀,29,29.03,,29.03,4단위 세번변경기준 또는 체약당사국 내에서 발생한 부가가치가 40퍼센트 이상일 것
한-필리핀,29,29.04,,29.04,4단위 세번변경기준 또는 체약당사국 내에서 발생한 부가가치가 40퍼센트 이상일 것
한-필리핀,29,29.05,,29.05,4단위 세번변경기준 또는 체약당사국 내에서 발생한 부가가치가 40퍼센트 이상일 것
한-필리핀,29,29.06,,29.06,4단위 세번변경기준 또는 체약당사국 내에서 발생한 부가가치가 40퍼센트 이상일 것
한-필리핀,29,29.07,,29.07,4단위 세번변경기준 또는 체약당사국 내에서 발생한 부가가치가 40퍼센트 이상일 것
한-필리핀,29,29.08,,29.08,4단위 세번변경기준 또는 체약당사국 내에서 발생한 부가가치가 40퍼센트 이상일 것
한-필리핀,29,29.09,,29.09,4단위 세번변경기준 또는 체약당사국 내에서 발생한 부가가치가 40퍼센트 이상일 것
한-필리핀,29,29.10,,29.10,4단위 세번변경기준 또는 체약당사국 내에서 발생한 부가가치가 40퍼센트 이상일 것
한-필리핀,29,29.11,,29.11,4단위 세번변경기준 또는 체약당사국 내에서 발생한 부가가치가 40퍼센트 이상일 것
한-필리핀,29,29.12,,29.12,4단위 세번변경기준 또는 체약당사국 내에서 발생한 부가가치가 40퍼센트 이상일 것
한-필리핀,29,29.13,,29.13,4단위 세번변경기준 또는 체약당사국 내에서 발생한 부가가치가 40퍼센트 이상일 것
한-필리핀,29,29.14,,29.14,4단위 세번변경기준 또는 체약당사국 내에서 발생한 부가가치가 40퍼센트 이상일 것
한-필리핀,29,29.15,,29.15,4단위 세번변경기준 또는 체약당사국 내에서 발생한 부가가치가 40퍼센트 이상일 것
한-필리핀,29,29.16,,29.16,4단위 세번변경기준 또는 체약당사국 내에서 발생한 부가가치가 40퍼센트 이상일 것
한-필리핀,29,29.17,,29.17,4단위 세번변경기준 또는 체약당사국 내에서 발생한 부가가치가 40퍼센트 이상일 것
한-필리핀,29,29.18,,29.18,4단위 세번변경기준 또는 체약당사국 내에서 발생한 부가가치가 40퍼센트 이상일 것
한-필리핀,29,29.19,,29.19,4단위 세번변경기준 또는 체약당사국 내에서 발생한 부가가치가 40퍼센트 이상일 것
한-필리핀,29,29.20,,29.20,4단위 세번변경기준 또는 체약당사국 내에서 발생한 부가가치가 40퍼센트 이상일 것
한-필리핀,29,29.20,2921.11,2921.11,4단위 세번변경기준 또는 체약당사국 내에서 발생한 부가가치가 40퍼센트 이상일 것
한-필리핀,29,29.20,2921.12,2921.12,4단위 세번변경기준 또는 체약당사국 내에서 발생한 부가가치가 40퍼센트 이상일 것
한-필리핀,29,29.20,2921.13,2921.13,4단위 세번변경기준 또는 체약당사국 내에서 발생한 부가가치가 40퍼센트 이상일 것
한-필리핀,29,29.20,2921.14,2921.14,4단위 세번변경기준 또는 체약당사국 내에서 발생한 부가가치가 40퍼센트 이상일 것
한-필리핀,29,29.20,2921.19,2921.19,4단위 세번변경기준 또는 체약당사국 내에서 발생한 부가가치가 40퍼센트 이상일 것
한-필리핀,29,29.20,2921.21,2921.21,6단위 세번변경기준 또는 체약당사국 내에서 발생한 부가가치가 40퍼센트 이상일 것
한-필리핀,29,29.20,2921.22,2921.22,4단위 세번변경기준 또는 체약당사국 내에서 발생한 부가가치가 40퍼센트 이상일 것
한-필리핀,29,29.20,2921.29,2921.29,6단위 세번변경기준 또는 체약당사국 내에서 발생한 부가가치가 40퍼센트 이상일 것
한-필리핀,29,29.20,2921.30,2921.30,4단위 세번변경기준 또는 체약당사국 내에서 발생한 부가가치가 40퍼센트 이상일 것
한-필리핀,29,29.20,2921.41,2921.41,4단위 세번변경기준 또는 체약당사국 내에서 발생한 부가가치가 40퍼센트 이상일 것
한-필리핀,29,29.20,2921.42,2921.42,4단위 세번변경기준 또는 체약당사국 내에서 발생한 부가가치가 40퍼센트 이상일 것
한-필리핀,29,29.20,2921.43,2921.43,4단위 세번변경기준 또는 체약당사국 내에서 발생한 부가가치가 40퍼센트 이상일 것
한-필리핀,29,29.20,2921.44,2921.44,4단위 세번변경기준 또는 체약당사국 내에서 발생한 부가가치가 40퍼센트 이상일 것
한-필리핀,29,29.20,2921.45,2921.45,4단위 세번변경기준 또는 체약당사국 내에서 발생한 부가가치가 40퍼센트 이상일 것
한-필리핀,29,29.20,2921.46,2921.46,4단위 세번변경기준 또는 체약당사국 내에서 발생한 부가가치가 40퍼센트 이상일 것
한-필리핀,29,29.20,2921.49,2921.49,4단위 세번변경기준 또는 체약당사국 내에서 발생한 부가가치가 40퍼센트 이상일 것
한-필리핀,29,29.20,2921.51,2921.51,4단위 세번변경기준 또는 체약당사국 내에서 발생한 부가가치가 40퍼센트 이상일 것
한-필리핀,29,29.20,2921.59,2921.59,4단위 세번변경기준 또는 체약당사국 내에서 발생한 부가가치가 40퍼센트 이상일 것
한-필리핀,29,29.20,2922.11,2922.11,4단위 세번변경기준 또는 체약당사국 내에서 발생한 부가가치가 40퍼센트 이상일 것
한-필리핀,29,29.20,2922.12,2922.12,6단위 세번변경기준 또는 체약당사국 내에서 발생한 부가가치가 40퍼센트 이상일 것
한-필리핀,29,29.20,2922.14,2922.14,4단위 세번변경기준 또는 체약당사국 내에서 발생한 부가가치가 40퍼센트 이상일 것
한-필리핀,29,29.20,2922.15,2922.15,6단위 세번변경기준(제2922.19호의 트리에탄올아민 염은 제 외한다) 또는 체약당사국 내에서 발생한 부가가치가 40퍼센 트 이상일 것
한-필리핀,29,29.20,2922.16,2922.16,4단위 세번변경기준 또는 체약당사국 내에서 발생한 부가가치가 40퍼센트 이상일 것
한-필리핀,29,29.20,2922.17,2922.17,4단위 세번변경기준 또는 체약당사국 내에서 발생한 부가가치가 40퍼센트 이상일 것
한-필리핀,29,29.20,2922.18,2922.18,4단위 세번변경기준 또는 체약당사국 내에서 발생한 부가가치가 40퍼센트 이상일 것
한-필리핀,29,29.20,2922.19,2922.19,4단위 세번변경기준 또는 체약당사국 내에서 발생한 부가가치가 40퍼센트 이상일 것
한-필리핀,29,29.20,2922.21,2922.21,4단위 세번변경기준 또는 체약당사국 내에서 발생한 부가가치가 40퍼센트 이상일 것
한-필리핀,29,29.20,2922.29,2922.29,4단위 세번변경기준 또는 체약당사국 내에서 발생한 부가가치가 40퍼센트 이상일 것
한-필리핀,29,29.20,2922.31,2922.31,4단위 세번변경기준 또는 체약당사국 내에서 발생한 부가가치가 40퍼센트 이상일 것
한-필리핀,29,29.20,2922.39,2922.39,4단위 세번변경기준 또는 체약당사국 내에서 발생한 부가가치가 40퍼센트 이상일 것
한-필리핀,29,29.20,2922.41,2922.41,6단위 세번변경기준 또는 체약당사국 내에서 발생한 부가가치가 40퍼센트 이상일 것
한-필리핀,29,29.20,2922.42,2922.42,4단위 세번변경기준 또는 체약당사국 내에서 발생한 부가가치가 40퍼센트 이상일 것
한-필리핀,29,29.20,2922.43,2922.43,4단위 세번변경기준 또는 체약당사국 내에서 발생한 부가가치가 40퍼센트 이상일 것
한-필리핀,29,29.20,2922.44,2922.44,4단위 세번변경기준 또는 체약당사국 내에서 발생한 부가가치가 40퍼센트 이상일 것
한-필리핀,29,29.20,2922.49,2922.49,4단위 세번변경기준 또는 체약당사국 내에서 발생한 부가가치가 40퍼센트 이상일 것
한-필리핀,29,29.20,2922.50,2922.50,4단위 세번변경기준 또는 체약당사국 내에서 발생한 부가가치가 40퍼센트 이상일 것
한-필리핀,29,29.20,2923.10,2923.10,4단위 세번변경기준 또는 체약당사국 내에서 발생한 부가가치가 40퍼센트 이상일 것
한-필리핀,29,29.20,2923.20,2923.20,4단위 세번변경기준 또는 체약당사국 내에서 발생한 부가가치가 40퍼센트 이상일 것
한-필리핀,29,29.20,2923.30,2923.30,6단위 세번변경기준(제2923.40호 및 제2923.90호의 것은 제외 한다) 또는 체약당사국 내에서 발생한 부가가치가 40퍼센트 이상일 것
한-필리핀,29,29.20,2923.40,2923.40,6단위 세번변경기준(제2923.30호 및 제2923.90호의 것은 제외 한다) 또는 체약당사국 내에서 발생한 부가가치가 40퍼센트 이상일 것
한-필리핀,29,29.20,2923.90,2923.90,6단위 세번변경기준(제2923.30호 및 제2923.40호의 것은 제외 한다) 또는 체약당사국 내에서 발생한 부가가치가 40퍼센트 이상일 것
한-필리핀,29,29.24,,29.24,4단위 세번변경기준 또는 체약당사국 내에서 발생한 부가가치가 40퍼센트 이상일 것
한-필리핀,29,29.25,,29.25,4단위 세번변경기준 또는 체약당사국 내에서 발생한 부가가치가 40퍼센트 이상일 것
한-필리핀,29,29.26,,29.26,4단위 세번변경기준 또는 체약당사국 내에서 발생한 부가가치가 40퍼센트 이상일 것
한-필리핀,29,29.27,,29.27,4단위 세번변경기준 또는 체약당사국 내에서 발생한 부가가치가 40퍼센트 이상일 것
한-필리핀,29,29.28,,29.28,4단위 세번변경기준 또는 체약당사국 내에서 발생한 부가가치가 40퍼센트 이상일 것
한-필리핀,29,29.29,,29.29,4단위 세번변경기준 또는 체약당사국 내에서 발생한 부가가치가 40퍼센트 이상일 것
한-필리핀,29,29.30,,29.30,4단위 세번변경기준 또는 체약당사국 내에서 발생한 부가가치가 40퍼센트 이상일 것
한-필리핀,29,29.31,,29.31,4단위 세번변경기준 또는 체약당사국 내에서 발생한 부가가치가 40퍼센트 이상일 것
한-필리핀,29,29.32,,29.32,4단위 세번변경기준 또는 체약당사국 내에서 발생한 부가가치가 40퍼센트 이상일 것
한-필리핀,29,29.33,,29.33,4단위 세번변경기준 또는 체약당사국 내에서 발생한 부가가치가 40퍼센트 이상일 것
한-필리핀,29,29.34,,29.34,4단위 세번변경기준 또는 체약당사국 내에서 발생한 부가가치가 40퍼센트 이상일 것
한-필리핀,29,29.35,,29.35,4단위 세번변경기준 또는 체약당사국 내에서 발생한 부가가치가 40퍼센트 이상일 것
한-필리핀,29,29.36,,29.36,4단위 세번변경기준 또는 체약당사국 내에서 발생한 부가가치가 40퍼센트 이상일 것
한-필리핀,29,29.37,,29.37,4단위 세번변경기준 또는 체약당사국 내에서 발생한 부가가치가 40퍼센트 이상일 것
한-필리핀,29,29.38,,29.38,4단위 세번변경기준 또는 체약당사국 내에서 발생한 부가가치가 40퍼센트 이상일 것
한-필리핀,29,29.39,,29.39,4단위 세번변경기준 또는 체약당사국 내에서 발생한 부가가치가 40퍼센트 이상일 것
한-필리핀,29,29.40,,29.40,4단위 세번변경기준 또는 체약당사국 내에서 발생한 부가가치가 40퍼센트 이상일 것
한-필리핀,29,29.41,,29.41,4단위 세번변경기준 또는 체약당사국 내에서 발생한 부가가치가 40퍼센트 이상일 것
한-필리핀,29,29.42,,29.42,4단위 세번변경기준 또는 체약당사국 내에서 발생한 부가가치가 40퍼센트 이상일 것
한-필리핀,30,,,30,4단위 세번변경기준 또는 체약당사국 내에서 발생한 부가가치가 40퍼센트 이상일 것
한-필리핀,31,,,31,4단위 세번변경기준 또는 체약당사국 내에서 발생한 부가가치가 40퍼센트 이상일 것
한-필리핀,32,,,32,4단위 세번변경기준 또는 체약당사국 내에서 발생한 부가가치가 40퍼센트 이상일 것
한-필리핀,33,,3301.12,3301.12,4단위 세번변경기준 또는 체약당사국 내에서 발생한 부가가치가 40퍼센트 이상일 것
한-필리핀,33,,3301.13,3301.13,4단위 세번변경기준 또는 체약당사국 내에서 발생한 부가가치가 40퍼센트 이상일 것
한-필리핀,33,,3301.19,3301.19,4단위 세번변경기준 또는 체약당사국 내에서 발생한 부가가치가 40퍼센트 이상일 것
한-필리핀,33,,3301.24,3301.24,4단위 세번변경기준 또는 체약당사국 내에서 발생한 부가가치가 40퍼센트 이상일 것
한-필리핀,33,,3301.25,3301.25,4단위 세번변경기준 또는 체약당사국 내에서 발생한 부가가치가 40퍼센트 이상일 것
한-필리핀,33,,3301.29,3301.29,4단위 세번변경기준 또는 체약당사국 내에서 발생한 부가가치가 40퍼센트 이상일 것
한-필리핀,33,,3301.30,3301.30,6단위 세번변경기준 또는 체약당사국 내에서 발생한 부가가치가 40퍼센트 이상일 것
한-필리핀,33,,3301.90,3301.90,"4단위 세번변경기준(제1211.20호, 제1302.14호 및 제1302.19호 는 완전생산기준인 경우로 한정한다) 또는 체약당사국 내에 서 발생한 부가가치가 40퍼센트 이상일 것(제1211.20호, 제 1302.14호 및 제1302.19호는 완전생산기준인 경우로 한정한 다)"
한-필리핀,33,33.02,,33.02,4단위 세번변경기준 또는 체약당사국 내에서 발생한 부가가치가 40퍼센트 이상일 것
한-필리핀,33,33.03,,33.03,4단위 세번변경기준 또는 체약당사국 내에서 발생한 부가가치가 40퍼센트 이상일 것
한-필리핀,33,33.04,,33.04,4단위 세번변경기준 또는 체약당사국 내에서 발생한 부가가치가 40퍼센트 이상일 것
한-필리핀,33,33.05,,33.05,4단위 세번변경기준 또는 체약당사국 내에서 발생한 부가가치가 40퍼센트 이상일 것
한-필리핀,33,33.06,,33.06,4단위 세번변경기준 또는 체약당사국 내에서 발생한 부가가치가 40퍼센트 이상일 것
한-필리핀,33,33.07,,33.07,4단위 세번변경기준 또는 체약당사국 내에서 발생한 부가가치가 40퍼센트 이상일 것
한-필리핀,34,,,34,4단위 세번변경기준 또는 체약당사국 내에서 발생한 부가가치가 40퍼센트 이상일 것
한-필리핀,35,,,35,4단위 세번변경기준 또는 체약당사국 내에서 발생한 부가가치가 40퍼센트 이상일 것
한-필리핀,36,,,36,4단위 세번변경기준 또는 체약당사국 내에서 발생한 부가가치가 40퍼센트 이상일 것
한-필리핀,37,,,37,4단위 세번변경기준 또는 체약당사국 내에서 발생한 부가가치가 40퍼센트 이상일 것
한-필리핀,38,,,38,4단위 세번변경기준 또는 체약당사국 내에서 발생한 부가가치가 40퍼센트 이상일 것
한-필리핀,39,,,39,4단위 세번변경기준 또는 체약당사국 내에서 발생한 부가가치가 40퍼센트 이상일 것
한-필리핀,40,40.01,,40.01,4단위 세번변경기준 또는 체약당사국 내에서 발생한 부가가치가 40퍼센트 이상일 것
한-필리핀,40,40.02,,40.02,4단위 세번변경기준 또는 체약당사국 내에서 발생한 부가가치가 40퍼센트 이상일 것
한-필리핀,40,40.03,,40.03,4단위 세번변경기준 또는 체약당사국 내에서 발생한 부가가치가 40퍼센트 이상일 것
한-필리핀,40,40.04,,40.04,4단위 세번변경기준 또는 체약당사국 내에서 발생한 부가가치가 40퍼센트 이상일 것
한-필리핀,40,40.05,,40.05,4단위 세번변경기준 또는 체약당사국 내에서 발생한 부가가치가 40퍼센트 이상일 것
한-필리핀,40,40.06,,40.06,4단위 세번변경기준 또는 체약당사국 내에서 발생한 부가가치가 40퍼센트 이상일 것
한-필리핀,40,40.07,,40.07,4단위 세번변경기준 또는 체약당사국 내에서 발생한 부가가치가 40퍼센트 이상일 것
한-필리핀,40,40.08,,40.08,4단위 세번변경기준 또는 체약당사국 내에서 발생한 부가가치가 40퍼센트 이상일 것
한-필리핀,40,40.09,,40.09,4단위 세번변경기준 또는 체약당사국 내에서 발생한 부가가치가 40퍼센트 이상일 것
한-필리핀,40,40.10,,40.10,4단위 세번변경기준 또는 체약당사국 내에서 발생한 부가가치가 40퍼센트 이상일 것
한-필리핀,40,40.10,4011.10,4011.10,4단위 세번변경기준 그리고 체약당사국 내에서 발생한 부가 가치가 55퍼센트 이상일 것
한-필리핀,40,40.10,4011.20,4011.20,4단위 세번변경기준 그리고 체약당사국 내에서 발생한 부가 가치가 55퍼센트 이상일 것
한-필리핀,40,40.10,4011.30,4011.30,4단위 세번변경기준 또는 체약당사국 내에서 발생한 부가가치가 40퍼센트 이상일 것
한-필리핀,40,40.10,4011.40,4011.40,4단위 세번변경기준 그리고 체약당사국 내에서 발생한 부가 가치가 55퍼센트 이상일 것
한-필리핀,40,40.10,4011.50,4011.50,4단위 세번변경기준 또는 체약당사국 내에서 발생한 부가가치가 40퍼센트 이상일 것
한-필리핀,40,40.10,4011.70,4011.70,4단위 세번변경기준 또는 체약당사국 내에서 발생한 부가가치가 40퍼센트 이상일 것
한-필리핀,40,40.10,4011.80,4011.80,4단위 세번변경기준 또는 체약당사국 내에서 발생한 부가가치가 40퍼센트 이상일 것
한-필리핀,40,40.10,4011.90,4011.90,4단위 세번변경기준 또는 체약당사국 내에서 발생한 부가가치가 40퍼센트 이상일 것
한-필리핀,40,40.12,,40.12,4단위 세번변경기준 또는 체약당사국 내에서 발생한 부가가치가 40퍼센트 이상일 것
한-필리핀,40,40.13,,40.13,4단위 세번변경기준 또는 체약당사국 내에서 발생한 부가가치가 40퍼센트 이상일 것
한-필리핀,40,40.14,,40.14,4단위 세번변경기준 또는 체약당사국 내에서 발생한 부가가치가 40퍼센트 이상일 것
한-필리핀,40,40.15,,40.15,4단위 세번변경기준 또는 체약당사국 내에서 발생한 부가가치가 40퍼센트 이상일 것
한-필리핀,40,40.16,,40.16,4단위 세번변경기준 또는 체약당사국 내에서 발생한 부가가치가 40퍼센트 이상일 것
한-필리핀,40,40.17,,40.17,4단위 세번변경기준 또는 체약당사국 내에서 발생한 부가가치가 40퍼센트 이상일 것
한-필리핀,41,,,41,4단위 세번변경기준 또는 체약당사국 내에서 발생한 부가가치가 40퍼센트 이상일 것
한-필리핀,42,42.01,,42.01,4단위 세번변경기준 또는 체약당사국 내에서 발생한 부가가치가 40퍼센트 이상일 것
한-필리핀,42,42.02,,42.02,4단위 세번변경기준 또는 체약당사국 내에서 발생한 부가가치가 40퍼센트 이상일 것
한-필리핀,42,42.02,4203.10,4203.10,4단위 세번변경기준 또는 체약당사국 내에서 발생한 부가가치가 40퍼센트 이상일 것
한-필리핀,42,42.02,4203.21,4203.21,2단위 세번변경기준
한-필리핀,42,42.02,4203.29,4203.29,4단위 세번변경기준 또는 체약당사국 내에서 발생한 부가가치가 40퍼센트 이상일 것
한-필리핀,42,42.02,4203.30,4203.30,4단위 세번변경기준 또는 체약당사국 내에서 발생한 부가가치가 40퍼센트 이상일 것
한-필리핀,42,42.02,4203.40,4203.40,4단위 세번변경기준 또는 체약당사국 내에서 발생한 부가가치가 40퍼센트 이상일 것
한-필리핀,42,42.05,,42.05,4단위 세번변경기준 또는 체약당사국 내에서 발생한 부가가치가 40퍼센트 이상일 것
한-필리핀,42,42.06,,42.06,4단위 세번변경기준 또는 체약당사국 내에서 발생한 부가가치가 40퍼센트 이상일 것
한-필리핀,43,,,43,4단위 세번변경기준 또는 체약당사국 내에서 발생한 부가가치가 40퍼센트 이상일 것
한-필리핀,44,,,44,4단위 세번변경기준 또는 체약당사국 내에서 발생한 부가가치가 40퍼센트 이상일 것
한-필리핀,45,,,45,4단위 세번변경기준 또는 체약당사국 내에서 발생한 부가가치가 40퍼센트 이상일 것
한-필리핀,46,,,46,4단위 세번변경기준 또는 체약당사국 내에서 발생한 부가가치가 40퍼센트 이상일 것
한-필리핀,47,,,47,4단위 세번변경기준 또는 체약당사국 내에서 발생한 부가가치가 40퍼센트 이상일 것
한-필리핀,48,,,48,4단위 세번변경기준 또는 체약당사국 내에서 발생한 부가가치가 40퍼센트 이상일 것
한-필리핀,49,,,49,4단위 세번변경기준 또는 체약당사국 내에서 발생한 부가가치가 40퍼센트 이상일 것
한-필리핀,50,50.01,,50.01,2단위 세번변경기준 또는 체약당사국 내에서 발생한 부가가치가 40퍼센트 이상일 것
한-필리핀,50,50.02,,50.02,2단위 세번변경기준 또는 체약당사국 내에서 발생한 부가가치가 40퍼센트 이상일 것
한-필리핀,50,50.03,,50.03,2단위 세번변경기준 또는 체약당사국 내에서 발생한 부가가치가 40퍼센트 이상일 것
한-필리핀,50,50.04,,50.04,4단위 세번변경기준 또는 체약당사국 내에서 발생한 부가가치가 40퍼센트 이상일 것
한-필리핀,50,50.05,,50.05,4단위 세번변경기준 또는 체약당사국 내에서 발생한 부가가치가 40퍼센트 이상일 것
한-필리핀,50,50.06,,50.06,4단위 세번변경기준(제5004호부터 제5005호까지의 것은 제 외한다) 또는 체약당사국 내에서 발생한 부가가치가 40퍼센 트 이상일 것
한-필리핀,50,50.07,,50.07,4단위 세번변경기준 또는 체약당사국 내에서 발생한 부가가치가 40퍼센트 이상일 것 또는 최소한 두가지 준비 공정 또 는 마무리 공정이 동반되는 날염이나 염색
한-필리핀,51,51.01,,51.01,2단위 세번변경기준 또는 체약당사국 내에서 발생한 부가가치가 40퍼센트 이상일 것
한-필리핀,51,51.02,,51.02,2단위 세번변경기준 또는 체약당사국 내에서 발생한 부가가치가 40퍼센트 이상일 것
한-필리핀,51,51.03,,51.03,2단위 세번변경기준 또는 체약당사국 내에서 발생한 부가가치가 40퍼센트 이상일 것
한-필리핀,51,51.04,,51.04,2단위 세번변경기준 또는 체약당사국 내에서 발생한 부가가치가 40퍼센트 이상일 것
한-필리핀,51,51.05,,51.05,2단위 세번변경기준 또는 체약당사국 내에서 발생한 부가가치가 40퍼센트 이상일 것
한-필리핀,51,51.06,,51.06,4단위 세번변경기준 또는 체약당사국 내에서 발생한 부가가치가 40퍼센트 이상일 것
한-필리핀,51,51.07,,51.07,4단위 세번변경기준 또는 체약당사국 내에서 발생한 부가가치가 40퍼센트 이상일 것
한-필리핀,51,51.08,,51.08,4단위 세번변경기준 또는 체약당사국 내에서 발생한 부가가치가 40퍼센트 이상일 것
한-필리핀,51,51.09,,51.09,4단위 세번변경기준(제5106호부터 제5108호까지의 것은 제 외한다) 또는 체약당사국 내에서 발생한 부가가치가 40퍼센 트 이상일 것
한-필리핀,51,51.10,,51.10,4단위 세번변경기준 또는 체약당사국 내에서 발생한 부가가치가 40퍼센트 이상일 것
한-필리핀,51,51.11,,51.11,4단위 세번변경기준 또는 체약당사국 내에서 발생한 부가가치가 40퍼센트 이상일 것 또는 최소한 두가지 준비 공정 또 는 마무리 공정이 동반되는 날염이나 염색
한-필리핀,51,51.12,,51.12,4단위 세번변경기준 또는 체약당사국 내에서 발생한 부가가치가 40퍼센트 이상일 것 또는 최소한 두가지 준비 공정 또 는 마무리 공정이 동반되는 날염이나 염색
한-필리핀,51,51.13,,51.13,4단위 세번변경기준 또는 체약당사국 내에서 발생한 부가가치가 40퍼센트 이상일 것 또는 최소한 두가지 준비 공정 또 는 마무리 공정이 동반되는 날염이나 염색
한-필리핀,52,52.01,,52.01,2단위 세번변경기준 또는 체약당사국 내에서 발생한 부가가치가 40퍼센트 이상일 것
한-필리핀,52,52.02,,52.02,2단위 세번변경기준 또는 체약당사국 내에서 발생한 부가가치가 40퍼센트 이상일 것
한-필리핀,52,52.03,,52.03,2단위 세번변경기준 또는 체약당사국 내에서 발생한 부가가치가 40퍼센트 이상일 것
한-필리핀,52,52.04,,52.04,4단위 세번변경기준 또는 체약당사국 내에서 발생한 부가가치가 40퍼센트 이상일 것
한-필리핀,52,52.05,,52.05,4단위 세번변경기준 또는 체약당사국 내에서 발생한 부가가치가 40퍼센트 이상일 것
한-필리핀,52,52.06,,52.06,4단위 세번변경기준 또는 체약당사국 내에서 발생한 부가가치가 40퍼센트 이상일 것
한-필리핀,52,52.07,,52.07,4단위 세번변경기준(제5204호부터 제5206호까지의 것은 제 외한다) 또는 체약당사국 내에서 발생한 부가가치가 40퍼센 트 이상일 것
한-필리핀,52,52.08,,52.08,4단위 세번변경기준 또는 체약당사국 내에서 발생한 부가가치가 40퍼센트 이상일 것
한-필리핀,52,52.09,,52.09,4단위 세번변경기준 또는 체약당사국 내에서 발생한 부가가치가 40퍼센트 이상일 것
한-필리핀,52,52.10,,52.10,4단위 세번변경기준 또는 체약당사국 내에서 발생한 부가가치가 40퍼센트 이상일 것
한-필리핀,52,52.11,,52.11,4단위 세번변경기준 또는 체약당사국 내에서 발생한 부가가치가 40퍼센트 이상일 것
한-필리핀,52,52.12,,52.12,4단위 세번변경기준 또는 체약당사국 내에서 발생한 부가가치가 40퍼센트 이상일 것
한-필리핀,53,53.01,,53.01,2단위 세번변경기준 또는 체약당사국 내에서 발생한 부가가치가 40퍼센트 이상일 것
한-필리핀,53,53.02,,53.02,2단위 세번변경기준 또는 체약당사국 내에서 발생한 부가가치가 40퍼센트 이상일 것
한-필리핀,53,53.03,,53.03,2단위 세번변경기준 또는 체약당사국 내에서 발생한 부가가치가 40퍼센트 이상일 것
한-필리핀,53,53.05,,53.05,2단위 세번변경기준 또는 체약당사국 내에서 발생한 부가가치가 40퍼센트 이상일 것
한-필리핀,53,53.06,,53.06,4단위 세번변경기준 또는 체약당사국 내에서 발생한 부가가치가 40퍼센트 이상일 것
한-필리핀,53,53.07,,53.07,4단위 세번변경기준 또는 체약당사국 내에서 발생한 부가가치가 40퍼센트 이상일 것
한-필리핀,53,53.08,,53.08,4단위 세번변경기준 또는 체약당사국 내에서 발생한 부가가치가 40퍼센트 이상일 것
한-필리핀,53,53.09,,53.09,4단위 세번변경기준 또는 체약당사국 내에서 발생한 부가가치가 40퍼센트 이상일 것 또는 최소한 두가지 준비 공정 또 는 마무리 공정이 동반되는 날염이나 염색
한-필리핀,53,53.10,,53.10,4단위 세번변경기준 또는 체약당사국 내에서 발생한 부가가치가 40퍼센트 이상일 것 또는 최소한 두가지 준비 공정 또 는 마무리 공정이 동반되는 날염이나 염색
한-필리핀,53,53.11,,53.11,4단위 세번변경기준 또는 체약당사국 내에서 발생한 부가가치가 40퍼센트 이상일 것 또는 최소한 두가지 준비 공정 또 는 마무리 공정이 동반되는 날염이나 염색
한-필리핀,54,54.01,,54.01,2단위 세번변경기준 또는 체약당사국 내에서 발생한 부가가치가 40퍼센트 이상일 것
한-필리핀,54,54.02,,54.02,2단위 세번변경기준 또는 체약당사국 내에서 발생한 부가가치가 40퍼센트 이상일 것
한-필리핀,54,54.03,,54.03,2단위 세번변경기준 또는 체약당사국 내에서 발생한 부가가치가 40퍼센트 이상일 것
한-필리핀,54,54.04,,54.04,2단위 세번변경기준 또는 체약당사국 내에서 발생한 부가가치가 40퍼센트 이상일 것
한-필리핀,54,54.05,,54.05,2단위 세번변경기준 또는 체약당사국 내에서 발생한 부가가치가 40퍼센트 이상일 것
한-필리핀,54,54.06,,54.06,2단위 세번변경기준 또는 체약당사국 내에서 발생한 부가가치가 40퍼센트 이상일 것
한-필리핀,54,54.07,,54.07,4단위 세번변경기준 또는 체약당사국 내에서 발생한 부가가치가 40퍼센트 이상일 것
한-필리핀,54,54.08,,54.08,4단위 세번변경기준 또는 체약당사국 내에서 발생한 부가가치가 40퍼센트 이상일 것
한-필리핀,55,55.01,,55.01,2단위 세번변경기준 또는 체약당사국 내에서 발생한 부가가치가 40퍼센트 이상일 것
한-필리핀,55,55.02,,55.02,2단위 세번변경기준 또는 체약당사국 내에서 발생한 부가가치가 40퍼센트 이상일 것
한-필리핀,55,55.03,,55.03,2단위 세번변경기준 또는 체약당사국 내에서 발생한 부가가치가 40퍼센트 이상일 것
한-필리핀,55,55.04,,55.04,2단위 세번변경기준 또는 체약당사국 내에서 발생한 부가가치가 40퍼센트 이상일 것
한-필리핀,55,55.05,,55.05,2단위 세번변경기준 또는 체약당사국 내에서 발생한 부가가치가 40퍼센트 이상일 것
한-필리핀,55,55.06,,55.06,2단위 세번변경기준 또는 체약당사국 내에서 발생한 부가가치가 40퍼센트 이상일 것
한-필리핀,55,55.07,,55.07,2단위 세번변경기준 또는 체약당사국 내에서 발생한 부가가치가 40퍼센트 이상일 것
한-필리핀,55,55.08,,55.08,4단위 세번변경기준 또는 체약당사국 내에서 발생한 부가가치가 40퍼센트 이상일 것
한-필리핀,55,55.09,,55.09,4단위 세번변경기준 또는 체약당사국 내에서 발생한 부가가치가 40퍼센트 이상일 것
한-필리핀,55,55.10,,55.10,4단위 세번변경기준 또는 체약당사국 내에서 발생한 부가가치가 40퍼센트 이상일 것
한-필리핀,55,55.11,,55.11,4단위 세번변경기준(제5508호부터 제5510호까지의 것은 제 외한다) 또는 체약당사국 내에서 발생한 부가가치가 40퍼센 트 이상일 것
한-필리핀,55,55.12,,55.12,4단위 세번변경기준 또는 체약당사국 내에서 발생한 부가가치가 40퍼센트 이상일 것
한-필리핀,55,55.13,,55.13,4단위 세번변경기준 또는 체약당사국 내에서 발생한 부가가치가 40퍼센트 이상일 것
한-필리핀,55,55.14,,55.14,4단위 세번변경기준 또는 체약당사국 내에서 발생한 부가가치가 40퍼센트 이상일 것
한-필리핀,55,55.15,,55.15,4단위 세번변경기준 또는 체약당사국 내에서 발생한 부가가치가 40퍼센트 이상일 것
한-필리핀,55,55.16,,55.16,4단위 세번변경기준 또는 체약당사국 내에서 발생한 부가가치가 40퍼센트 이상일 것
한-필리핀,56,,,56,2단위 세번변경기준 또는 체약당사국 내에서 발생한 부가가치가 40퍼센트 이상일 것
한-필리핀,57,,,57,2단위 세번변경기준 또는 체약당사국 내에서 발생한 부가가치가 40퍼센트 이상일 것
한-필리핀,58,58.01,,58.01,2단위 세번변경기준 또는 체약당사국 내에서 발생한 부가가치가 40퍼센트 이상일 것
한-필리핀,58,58.02,,58.02,2단위 세번변경기준 또는 체약당사국 내에서 발생한 부가가치가 40퍼센트 이상일 것
한-필리핀,58,58.03,,58.03,2단위 세번변경기준 또는 체약당사국 내에서 발생한 부가가치가 40퍼센트 이상일 것
한-필리핀,58,58.04,,58.04,2단위 세번변경기준 또는 체약당사국 내에서 발생한 부가가치가 40퍼센트 이상일 것
한-필리핀,58,58.05,,58.05,2단위 세번변경기준 또는 체약당사국 내에서 발생한 부가가치가 40퍼센트 이상일 것
한-필리핀,58,58.06,,58.06,2단위 세번변경기준 또는 체약당사국 내에서 발생한 부가가치가 40퍼센트 이상일 것
한-필리핀,58,58.07,,58.07,2단위 세번변경기준 또는 체약당사국 내에서 발생한 부가가치가 40퍼센트 이상일 것
한-필리핀,58,58.08,,58.08,2단위 세번변경기준 또는 체약당사국 내에서 발생한 부가가치가 40퍼센트 이상일 것
한-필리핀,58,58.09,,58.09,2단위 세번변경기준 또는 체약당사국 내에서 발생한 부가가치가 40퍼센트 이상일 것
한-필리핀,58,58.10,,58.10,4단위 세번변경기준 또는 체약당사국 내에서 발생한 부가가치가 40퍼센트 이상일 것
한-필리핀,58,58.11,,58.11,4단위 세번변경기준 또는 체약당사국 내에서 발생한 부가가치가 40퍼센트 이상일 것
한-필리핀,59,,,59,2단위 세번변경기준 또는 체약당사국 내에서 발생한 부가가치가 40퍼센트 이상일 것
한-필리핀,60,,,60,4단위 세번변경기준 또는 체약당사국 내에서 발생한 부가가치가 40퍼센트 이상일 것
한-필리핀,61,,,61,2단위 세번변경기준 또는 체약당사국 내에서 발생한 부가가치가 40퍼센트 이상일 것
한-필리핀,62,,,62,2단위 세번변경기준 또는 체약당사국 내에서 발생한 부가가치가 40퍼센트 이상일 것
한-필리핀,63,63.01,,63.01,2단위 세번변경기준 또는 체약당사국 내에서 발생한 부가가치가 40퍼센트 이상일 것
한-필리핀,63,63.02,,63.02,2단위 세번변경기준 또는 체약당사국 내에서 발생한 부가가치가 40퍼센트 이상일 것
한-필리핀,63,63.03,,63.03,2단위 세번변경기준 또는 체약당사국 내에서 발생한 부가가치가 40퍼센트 이상일 것
한-필리핀,63,63.04,,63.04,2단위 세번변경기준 또는 체약당사국 내에서 발생한 부가가치가 40퍼센트 이상일 것
한-필리핀,63,63.05,,63.05,2단위 세번변경기준 또는 체약당사국 내에서 발생한 부가가치가 40퍼센트 이상일 것
한-필리핀,63,63.06,,63.06,2단위 세번변경기준 또는 체약당사국 내에서 발생한 부가가치가 40퍼센트 이상일 것
한-필리핀,63,63.07,,63.07,2단위 세번변경기준 또는 체약당사국 내에서 발생한 부가가치가 40퍼센트 이상일 것
한-필리핀,63,63.08,,63.08,2단위 세번변경기준 또는 체약당사국 내에서 발생한 부가가치가 40퍼센트 이상일 것
한-필리핀,63,63.09,,63.09,완전생산기준
한-필리핀,63,63.10,,63.10,완전생산기준
한-필리핀,64,,,64,4단위 세번변경기준 또는 체약당사국 내에서 발생한 부가가치가 40퍼센트 이상일 것
한-필리핀,65,,,65,4단위 세번변경기준 또는 체약당사국 내에서 발생한 부가가치가 40퍼센트 이상일 것
한-필리핀,66,,,66,4단위 세번변경기준 또는 체약당사국 내에서 발생한 부가가치가 40퍼센트 이상일 것
한-필리핀,67,,,67,4단위 세번변경기준 또는 체약당사국 내에서 발생한 부가가치가 40퍼센트 이상일 것
한-필리핀,68,68.01,,68.01,4단위 세번변경기준 또는 체약당사국 내에서 발생한 부가가치가 40퍼센트 이상일 것
한-필리핀,68,68.01,6802.10,6802.10,4단위 세번변경기준 또는 체약당사국 내에서 발생한 부가가치가 40퍼센트 이상일 것
한-필리핀,68,68.01,6802.21,6802.21,4단위 세번변경기준 또는 체약당사국 내에서 발생한 부가가치가 40퍼센트 이상일 것
한-필리핀,68,68.01,6802.23,6802.23,4단위 세번변경기준 또는 체약당사국 내에서 발생한 부가가치가 40퍼센트 이상일 것
한-필리핀,68,68.01,6802.29,6802.29,4단위 세번변경기준 또는 체약당사국 내에서 발생한 부가가치가 40퍼센트 이상일 것
한-필리핀,68,68.01,6802.91,6802.91,2단위 세번변경기준 또는 체약당사국 내에서 발생한 부가가치가 40퍼센트 이상일 것
한-필리핀,68,68.01,6802.92,6802.92,4단위 세번변경기준 또는 체약당사국 내에서 발생한 부가가치가 40퍼센트 이상일 것
한-필리핀,68,68.01,6802.93,6802.93,4단위 세번변경기준 또는 체약당사국 내에서 발생한 부가가치가 40퍼센트 이상일 것
한-필리핀,68,68.01,6802.99,6802.99,4단위 세번변경기준 또는 체약당사국 내에서 발생한 부가가치가 40퍼센트 이상일 것
한-필리핀,68,68.03,,68.03,4단위 세번변경기준 또는 체약당사국 내에서 발생한 부가가치가 40퍼센트 이상일 것
한-필리핀,68,68.04,,68.04,4단위 세번변경기준 또는 체약당사국 내에서 발생한 부가가치가 40퍼센트 이상일 것
한-필리핀,68,68.05,,68.05,4단위 세번변경기준 또는 체약당사국 내에서 발생한 부가가치가 40퍼센트 이상일 것
한-필리핀,68,68.06,,68.06,4단위 세번변경기준 또는 체약당사국 내에서 발생한 부가가치가 40퍼센트 이상일 것
한-필리핀,68,68.07,,68.07,4단위 세번변경기준 또는 체약당사국 내에서 발생한 부가가치가 40퍼센트 이상일 것
한-필리핀,68,68.08,,68.08,4단위 세번변경기준 또는 체약당사국 내에서 발생한 부가가치가 40퍼센트 이상일 것
한-필리핀,68,68.09,,68.09,4단위 세번변경기준 또는 체약당사국 내에서 발생한 부가가치가 40퍼센트 이상일 것
한-필리핀,68,68.10,,68.10,4단위 세번변경기준 또는 체약당사국 내에서 발생한 부가가치가 40퍼센트 이상일 것
한-필리핀,68,68.10,6811.40,6811.40,가. 그 밖의 시트ㆍ패널ㆍ타일 및 이와 유사한 제품: 2단위 세번변경기준 또는 체약당사국 내에서 발생한 부가가치가 40퍼센트 이상일 것 나. 그 밖의 물품: 4단위 세번변경기준 또는 체약당사국 내 에서 발생한 부가가치가 40퍼센트 이상일 것
한-필리핀,68,68.10,6811.81,6811.81,4단위 세번변경기준 또는 체약당사국 내에서 발생한 부가가치가 40퍼센트 이상일 것
한-필리핀,68,68.10,6811.82,6811.82,2단위 세번변경기준 또는 체약당사국 내에서 발생한 부가가치가 40퍼센트 이상일 것
한-필리핀,68,68.10,6811.89,6811.89,4단위 세번변경기준 또는 체약당사국 내에서 발생한 부가가치가 40퍼센트 이상일 것
한-필리핀,68,68.12,,68.12,4단위 세번변경기준 또는 체약당사국 내에서 발생한 부가가치가 40퍼센트 이상일 것
한-필리핀,68,68.13,,68.13,4단위 세번변경기준 또는 체약당사국 내에서 발생한 부가가치가 40퍼센트 이상일 것
한-필리핀,68,68.14,,68.14,4단위 세번변경기준 또는 체약당사국 내에서 발생한 부가가치가 40퍼센트 이상일 것
한-필리핀,68,68.15,,68.15,4단위 세번변경기준 또는 체약당사국 내에서 발생한 부가가치가 40퍼센트 이상일 것
한-필리핀,69,69.01,,69.01,4단위 세번변경기준 또는 체약당사국 내에서 발생한 부가가치가 40퍼센트 이상일 것
한-필리핀,69,69.02,,69.02,4단위 세번변경기준 또는 체약당사국 내에서 발생한 부가가치가 40퍼센트 이상일 것
한-필리핀,69,69.03,,69.03,4단위 세번변경기준 또는 체약당사국 내에서 발생한 부가가치가 40퍼센트 이상일 것
한-필리핀,69,69.04,,69.04,4단위 세번변경기준 또는 체약당사국 내에서 발생한 부가가치가 40퍼센트 이상일 것
한-필리핀,69,69.05,,69.05,4단위 세번변경기준 또는 체약당사국 내에서 발생한 부가가치가 40퍼센트 이상일 것
한-필리핀,69,69.06,,69.06,4단위 세번변경기준 또는 체약당사국 내에서 발생한 부가가치가 40퍼센트 이상일 것
한-필리핀,69,69.07,,69.07,4단위 세번변경기준 또는 체약당사국 내에서 발생한 부가가치가 40퍼센트 이상일 것 또는 제6907호의 광택처리가 되지 않은 물품에서 제6907호의 광택처리가 된 물품으로 변경된 것
한-필리핀,69,69.09,,69.09,4단위 세번변경기준 또는 체약당사국 내에서 발생한 부가가치가 40퍼센트 이상일 것
한-필리핀,69,69.10,,69.10,4단위 세번변경기준 또는 체약당사국 내에서 발생한 부가가치가 40퍼센트 이상일 것
한-필리핀,69,69.11,,69.11,4단위 세번변경기준 또는 체약당사국 내에서 발생한 부가가치가 40퍼센트 이상일 것
한-필리핀,69,69.12,,69.12,4단위 세번변경기준 또는 체약당사국 내에서 발생한 부가가치가 40퍼센트 이상일 것
한-필리핀,69,69.13,,69.13,4단위 세번변경기준 또는 체약당사국 내에서 발생한 부가가치가 40퍼센트 이상일 것
한-필리핀,69,69.14,,69.14,4단위 세번변경기준 또는 체약당사국 내에서 발생한 부가가치가 40퍼센트 이상일 것
한-필리핀,70,,,70,4단위 세번변경기준 또는 체약당사국 내에서 발생한 부가가치가 40퍼센트 이상일 것
한-필리핀,71,71.01,,71.01,완전생산기준
한-필리핀,71,71.02,,71.02,6단위 세번변경기준 또는 체약당사국 내에서 발생한 부가가치가 40퍼센트 이상일 것
한-필리핀,71,71.03,,71.03,6단위 세번변경기준 또는 체약당사국 내에서 발생한 부가가치가 40퍼센트 이상일 것
한-필리핀,71,71.04,,71.04,6단위 세번변경기준 또는 체약당사국 내에서 발생한 부가가치가 40퍼센트 이상일 것
한-필리핀,71,71.04,7105.10,7105.10,4단위 세번변경기준 또는 체약당사국 내에서 발생한 부가가치가 40퍼센트 이상일 것
한-필리핀,71,71.04,7105.90,7105.90,6단위 세번변경기준 또는 체약당사국 내에서 발생한 부가가치가 40퍼센트 이상일 것
한-필리핀,71,71.06,,71.06,4단위 세번변경기준 또는 체약당사국 내에서 발생한 부가가치가 40퍼센트 이상일 것
한-필리핀,71,71.07,,71.07,4단위 세번변경기준 또는 체약당사국 내에서 발생한 부가가치가 40퍼센트 이상일 것
한-필리핀,71,71.08,,71.08,4단위 세번변경기준 또는 체약당사국 내에서 발생한 부가가치가 40퍼센트 이상일 것
한-필리핀,71,71.09,,71.09,4단위 세번변경기준 또는 체약당사국 내에서 발생한 부가가치가 40퍼센트 이상일 것
한-필리핀,71,71.10,,71.10,4단위 세번변경기준 또는 체약당사국 내에서 발생한 부가가치가 40퍼센트 이상일 것
한-필리핀,71,71.11,,71.11,4단위 세번변경기준 또는 체약당사국 내에서 발생한 부가가치가 40퍼센트 이상일 것
한-필리핀,71,71.12,,71.12,4단위 세번변경기준 또는 체약당사국 내에서 발생한 부가가치가 40퍼센트 이상일 것
한-필리핀,71,71.12,7113.11,7113.11,6단위 세번변경기준 또는 체약당사국 내에서 발생한 부가가치가 40퍼센트 이상일 것
한-필리핀,71,71.12,7113.19,7113.19,4단위 세번변경기준 또는 체약당사국 내에서 발생한 부가가치가 40퍼센트 이상일 것
한-필리핀,71,71.12,7113.20,7113.20,6단위 세번변경기준 또는 체약당사국 내에서 발생한 부가가치가 40퍼센트 이상일 것
한-필리핀,71,71.12,7114.11,7114.11,6단위 세번변경기준 또는 체약당사국 내에서 발생한 부가가치가 40퍼센트 이상일 것
한-필리핀,71,71.12,7114.19,7114.19,4단위 세번변경기준 또는 체약당사국 내에서 발생한 부가가치가 40퍼센트 이상일 것
한-필리핀,71,71.12,7114.20,7114.20,6단위 세번변경기준 또는 체약당사국 내에서 발생한 부가가치가 40퍼센트 이상일 것
한-필리핀,71,71.12,7115.10,7115.10,4단위 세번변경기준 또는 체약당사국 내에서 발생한 부가가치가 40퍼센트 이상일 것
한-필리핀,71,71.12,7115.90,7115.90,6단위 세번변경기준 또는 체약당사국 내에서 발생한 부가가치가 40퍼센트 이상일 것
한-필리핀,71,71.16,,71.16,6단위 세번변경기준 또는 체약당사국 내에서 발생한 부가가치가 40퍼센트 이상일 것
한-필리핀,71,71.16,7117.11,7117.11,6단위 세번변경기준 또는 체약당사국 내에서 발생한 부가가치가 40퍼센트 이상일 것
한-필리핀,71,71.16,7117.19,7117.19,4단위 세번변경기준 또는 체약당사국 내에서 발생한 부가가치가 40퍼센트 이상일 것
한-필리핀,71,71.16,7117.90,7117.90,6단위 세번변경기준 또는 체약당사국 내에서 발생한 부가가치가 40퍼센트 이상일 것
한-필리핀,71,71.18,,71.18,4단위 세번변경기준 또는 체약당사국 내에서 발생한 부가가치가 40퍼센트 이상일 것
한-필리핀,72,72.01,,72.01,4단위 세번변경기준 또는 체약당사국 내에서 발생한 부가가치가 40퍼센트 이상일 것
한-필리핀,72,72.02,,72.02,4단위 세번변경기준 또는 체약당사국 내에서 발생한 부가가치가 40퍼센트 이상일 것
한-필리핀,72,72.03,,72.03,4단위 세번변경기준 또는 체약당사국 내에서 발생한 부가가치가 40퍼센트 이상일 것
한-필리핀,72,72.04,,72.04,4단위 세번변경기준 또는 체약당사국 내에서 발생한 부가가치가 40퍼센트 이상일 것
한-필리핀,72,72.05,,72.05,4단위 세번변경기준 또는 체약당사국 내에서 발생한 부가가치가 40퍼센트 이상일 것
한-필리핀,72,72.06,,72.06,4단위 세번변경기준 또는 체약당사국 내에서 발생한 부가가치가 40퍼센트 이상일 것
한-필리핀,72,72.07,,72.07,4단위 세번변경기준 또는 체약당사국 내에서 발생한 부가가치가 40퍼센트 이상일 것
한-필리핀,72,72.08,,72.08,4단위 세번변경기준 또는 체약당사국 내에서 발생한 부가가치가 40퍼센트 이상일 것
한-필리핀,72,72.09,,72.09,4단위 세번변경기준
한-필리핀,72,72.10,,72.10,4단위 세번변경기준 또는 체약당사국 내에서 발생한 부가가치가 40퍼센트 이상일 것
한-필리핀,72,72.11,,72.11,4단위 세번변경기준 또는 체약당사국 내에서 발생한 부가가치가 40퍼센트 이상일 것
한-필리핀,72,72.12,,72.12,4단위 세번변경기준 또는 체약당사국 내에서 발생한 부가가치가 40퍼센트 이상일 것
한-필리핀,72,72.13,,72.13,4단위 세번변경기준 또는 체약당사국 내에서 발생한 부가가치가 40퍼센트 이상일 것
한-필리핀,72,72.14,,72.14,4단위 세번변경기준 또는 체약당사국 내에서 발생한 부가가치가 40퍼센트 이상일 것
한-필리핀,72,72.15,,72.15,4단위 세번변경기준 또는 체약당사국 내에서 발생한 부가가치가 40퍼센트 이상일 것
한-필리핀,72,72.16,,72.16,4단위 세번변경기준 또는 체약당사국 내에서 발생한 부가가치가 40퍼센트 이상일 것
한-필리핀,72,72.17,,72.17,4단위 세번변경기준 또는 체약당사국 내에서 발생한 부가가치가 40퍼센트 이상일 것
한-필리핀,72,72.18,,72.18,4단위 세번변경기준 또는 체약당사국 내에서 발생한 부가가치가 40퍼센트 이상일 것
한-필리핀,72,72.19,,72.19,4단위 세번변경기준 또는 체약당사국 내에서 발생한 부가가치가 40퍼센트 이상일 것
한-필리핀,72,72.19,7220.11,7220.11,4단위 세번변경기준(제7219호의 것은 제외한다)
한-필리핀,72,72.19,7220.12,7220.12,4단위 세번변경기준(제7219호의 것은 제외한다)
한-필리핀,72,72.19,7220.20,7220.20,4단위 세번변경기준 또는 체약당사국 내에서 발생한 부가가치가 40퍼센트 이상일 것
한-필리핀,72,72.19,7220.90,7220.90,4단위 세번변경기준 또는 체약당사국 내에서 발생한 부가가치가 40퍼센트 이상일 것
한-필리핀,72,72.21,,72.21,4단위 세번변경기준 또는 체약당사국 내에서 발생한 부가가치가 40퍼센트 이상일 것
한-필리핀,72,72.22,,72.22,4단위 세번변경기준 또는 체약당사국 내에서 발생한 부가가치가 40퍼센트 이상일 것
한-필리핀,72,72.23,,72.23,4단위 세번변경기준 또는 체약당사국 내에서 발생한 부가가치가 40퍼센트 이상일 것
한-필리핀,72,72.24,,72.24,4단위 세번변경기준 또는 체약당사국 내에서 발생한 부가가치가 40퍼센트 이상일 것
한-필리핀,72,72.25,,72.25,4단위 세번변경기준 또는 체약당사국 내에서 발생한 부가가치가 40퍼센트 이상일 것
한-필리핀,72,72.26,,72.26,4단위 세번변경기준 또는 체약당사국 내에서 발생한 부가가치가 40퍼센트 이상일 것
한-필리핀,72,72.27,,72.27,4단위 세번변경기준 또는 체약당사국 내에서 발생한 부가가치가 40퍼센트 이상일 것
한-필리핀,72,72.28,,72.28,4단위 세번변경기준 또는 체약당사국 내에서 발생한 부가가치가 40퍼센트 이상일 것
한-필리핀,72,72.29,,72.29,4단위 세번변경기준 또는 체약당사국 내에서 발생한 부가가치가 40퍼센트 이상일 것
한-필리핀,73,,,73,4단위 세번변경기준 또는 체약당사국 내에서 발생한 부가가치가 40퍼센트 이상일 것
한-필리핀,74,74.01,,74.01,4단위 세번변경기준 또는 체약당사국 내에서 발생한 부가가치가 40퍼센트 이상일 것
한-필리핀,74,74.02,,74.02,4단위 세번변경기준 또는 체약당사국 내에서 발생한 부가가치가 40퍼센트 이상일 것
한-필리핀,74,74.03,,74.03,4단위 세번변경기준 또는 체약당사국 내에서 발생한 부가가치가 40퍼센트 이상일 것
한-필리핀,74,74.04,,74.04,4단위 세번변경기준 또는 체약당사국 내에서 발생한 부가가치가 40퍼센트 이상일 것
한-필리핀,74,74.05,,74.05,4단위 세번변경기준 또는 체약당사국 내에서 발생한 부가가치가 40퍼센트 이상일 것
한-필리핀,74,74.06,,74.06,4단위 세번변경기준 또는 체약당사국 내에서 발생한 부가가치가 40퍼센트 이상일 것
한-필리핀,74,74.07,,74.07,4단위 세번변경기준 또는 체약당사국 내에서 발생한 부가가치가 40퍼센트 이상일 것
한-필리핀,74,74.08,,74.08,4단위 세번변경기준(제7407호의 것은 제외한다) 또는 체약당 사국 내에서 발생한 부가가치가 40퍼센트 이상일 것
한-필리핀,74,74.09,,74.09,4단위 세번변경기준 또는 체약당사국 내에서 발생한 부가가치가 40퍼센트 이상일 것
한-필리핀,74,74.10,,74.10,4단위 세번변경기준 또는 체약당사국 내에서 발생한 부가가치가 40퍼센트 이상일 것
한-필리핀,74,74.11,,74.11,4단위 세번변경기준 또는 체약당사국 내에서 발생한 부가가치가 40퍼센트 이상일 것
한-필리핀,74,74.12,,74.12,4단위 세번변경기준 또는 체약당사국 내에서 발생한 부가가치가 40퍼센트 이상일 것
한-필리핀,74,74.13,,74.13,4단위 세번변경기준(제7407호의 것은 제외한다) 또는 체약당 사국 내에서 발생한 부가가치가 40퍼센트 이상일 것
한-필리핀,74,74.15,,74.15,4단위 세번변경기준 또는 체약당사국 내에서 발생한 부가가치가 40퍼센트 이상일 것
한-필리핀,74,74.18,,74.18,4단위 세번변경기준 또는 체약당사국 내에서 발생한 부가가치가 40퍼센트 이상일 것
한-필리핀,74,74.19,,74.19,4단위 세번변경기준 또는 체약당사국 내에서 발생한 부가가치가 40퍼센트 이상일 것
한-필리핀,75,,,75,4단위 세번변경기준 또는 체약당사국 내에서 발생한 부가가치가 40퍼센트 이상일 것
한-필리핀,76,76.01,,76.01,4단위 세번변경기준 또는 체약당사국 내에서 발생한 부가가치가 40퍼센트 이상일 것
한-필리핀,76,76.02,,76.02,4단위 세번변경기준 또는 체약당사국 내에서 발생한 부가가치가 40퍼센트 이상일 것
한-필리핀,76,76.03,,76.03,4단위 세번변경기준 또는 체약당사국 내에서 발생한 부가가치가 40퍼센트 이상일 것
한-필리핀,76,76.04,,76.04,4단위 세번변경기준 또는 체약당사국 내에서 발생한 부가가치가 40퍼센트 이상일 것
한-필리핀,76,76.05,,76.05,4단위 세번변경기준(제7604호의 것은 제외한다) 또는 체약당 사국 내에서 발생한 부가가치가 40퍼센트 이상일 것
한-필리핀,76,76.06,,76.06,4단위 세번변경기준 또는 체약당사국 내에서 발생한 부가가치가 40퍼센트 이상일 것
한-필리핀,76,76.07,,76.07,4단위 세번변경기준 또는 체약당사국 내에서 발생한 부가가치가 40퍼센트 이상일 것
한-필리핀,76,76.08,,76.08,4단위 세번변경기준 또는 체약당사국 내에서 발생한 부가가치가 40퍼센트 이상일 것
한-필리핀,76,76.09,,76.09,4단위 세번변경기준 또는 체약당사국 내에서 발생한 부가가치가 40퍼센트 이상일 것
한-필리핀,76,76.10,,76.10,4단위 세번변경기준 또는 체약당사국 내에서 발생한 부가가치가 40퍼센트 이상일 것
한-필리핀,76,76.11,,76.11,4단위 세번변경기준 또는 체약당사국 내에서 발생한 부가가치가 40퍼센트 이상일 것
한-필리핀,76,76.12,,76.12,4단위 세번변경기준 또는 체약당사국 내에서 발생한 부가가치가 40퍼센트 이상일 것
한-필리핀,76,76.13,,76.13,4단위 세번변경기준 또는 체약당사국 내에서 발생한 부가가치가 40퍼센트 이상일 것
한-필리핀,76,76.14,,76.14,4단위 세번변경기준(제7605호의 것은 제외한다) 또는 체약당 사국 내에서 발생한 부가가치가 40퍼센트 이상일 것
한-필리핀,76,76.15,,76.15,4단위 세번변경기준 또는 체약당사국 내에서 발생한 부가가치가 40퍼센트 이상일 것
한-필리핀,76,76.16,,76.16,4단위 세번변경기준 또는 체약당사국 내에서 발생한 부가가치가 40퍼센트 이상일 것
한-필리핀,78,,,78,4단위 세번변경기준 또는 체약당사국 내에서 발생한 부가가치가 40퍼센트 이상일 것
한-필리핀,79,,,79,4단위 세번변경기준 또는 체약당사국 내에서 발생한 부가가치가 40퍼센트 이상일 것
한-필리핀,80,,,80,4단위 세번변경기준 또는 체약당사국 내에서 발생한 부가가치가 40퍼센트 이상일 것
한-필리핀,81,81.01,,81.01,4단위 세번변경기준 또는 체약당사국 내에서 발생한 부가가치가 40퍼센트 이상일 것
한-필리핀,81,81.02,,81.02,4단위 세번변경기준 또는 체약당사국 내에서 발생한 부가가치가 40퍼센트 이상일 것
한-필리핀,81,81.03,,81.03,4단위 세번변경기준 또는 체약당사국 내에서 발생한 부가가치가 40퍼센트 이상일 것
한-필리핀,81,81.03,8104.11,8104.11,4단위 세번변경기준 또는 체약당사국 내에서 발생한 부가가치가 40퍼센트 이상일 것
한-필리핀,81,81.03,8104.19,8104.19,4단위 세번변경기준 또는 체약당사국 내에서 발생한 부가가치가 40퍼센트 이상일 것
한-필리핀,81,81.03,8104.20,8104.20,4단위 세번변경기준 또는 체약당사국 내에서 발생한 부가가치가 40퍼센트 이상일 것
한-필리핀,81,81.03,8104.30,8104.30,6단위 세번변경기준 또는 체약당사국 내에서 발생한 부가가치가 40퍼센트 이상일 것
한-필리핀,81,81.03,8104.90,8104.90,4단위 세번변경기준 또는 체약당사국 내에서 발생한 부가가치가 40퍼센트 이상일 것
한-필리핀,81,81.05,,81.05,4단위 세번변경기준 또는 체약당사국 내에서 발생한 부가가치가 40퍼센트 이상일 것
한-필리핀,81,81.06,,81.06,4단위 세번변경기준 또는 체약당사국 내에서 발생한 부가가치가 40퍼센트 이상일 것
한-필리핀,81,81.07,,81.07,4단위 세번변경기준 또는 체약당사국 내에서 발생한 부가가치가 40퍼센트 이상일 것
한-필리핀,81,81.08,,81.08,4단위 세번변경기준 또는 체약당사국 내에서 발생한 부가가치가 40퍼센트 이상일 것
한-필리핀,81,81.09,,81.09,4단위 세번변경기준 또는 체약당사국 내에서 발생한 부가가치가 40퍼센트 이상일 것
한-필리핀,81,81.10,,81.10,4단위 세번변경기준 또는 체약당사국 내에서 발생한 부가가치가 40퍼센트 이상일 것
한-필리핀,81,81.11,,81.11,4단위 세번변경기준 또는 체약당사국 내에서 발생한 부가가치가 40퍼센트 이상일 것
한-필리핀,81,81.12,,81.12,4단위 세번변경기준 또는 체약당사국 내에서 발생한 부가가치가 40퍼센트 이상일 것
한-필리핀,81,81.13,,81.13,4단위 세번변경기준 또는 체약당사국 내에서 발생한 부가가치가 40퍼센트 이상일 것
한-필리핀,82,,,82,4단위 세번변경기준 또는 체약당사국 내에서 발생한 부가가치가 40퍼센트 이상일 것
한-필리핀,83,83.01,,83.01,4단위 세번변경기준 또는 체약당사국 내에서 발생한 부가가치가 40퍼센트 이상일 것
한-필리핀,83,83.02,,83.02,4단위 세번변경기준 또는 체약당사국 내에서 발생한 부가가치가 40퍼센트 이상일 것
한-필리핀,83,83.03,,83.03,4단위 세번변경기준 또는 체약당사국 내에서 발생한 부가가치가 40퍼센트 이상일 것
한-필리핀,83,83.04,,83.04,4단위 세번변경기준 또는 체약당사국 내에서 발생한 부가가치가 40퍼센트 이상일 것
한-필리핀,83,83.05,,83.05,6단위 세번변경기준 또는 체약당사국 내에서 발생한 부가가치가 40퍼센트 이상일 것
한-필리핀,83,83.06,,83.06,4단위 세번변경기준 또는 체약당사국 내에서 발생한 부가가치가 40퍼센트 이상일 것
한-필리핀,83,83.07,,83.07,4단위 세번변경기준 또는 체약당사국 내에서 발생한 부가가치가 40퍼센트 이상일 것
한-필리핀,83,83.08,,83.08,4단위 세번변경기준 또는 체약당사국 내에서 발생한 부가가치가 40퍼센트 이상일 것
한-필리핀,83,83.09,,83.09,4단위 세번변경기준 또는 체약당사국 내에서 발생한 부가가치가 40퍼센트 이상일 것
한-필리핀,83,83.10,,83.10,4단위 세번변경기준 또는 체약당사국 내에서 발생한 부가가치가 40퍼센트 이상일 것
한-필리핀,83,83.11,,83.11,4단위 세번변경기준 또는 체약당사국 내에서 발생한 부가가치가 40퍼센트 이상일 것
한-필리핀,84,84.01,,84.01,4단위 세번변경기준 또는 체약당사국 내에서 발생한 부가가치가 40퍼센트 이상일 것
한-필리핀,84,84.02,,84.02,4단위 세번변경기준 또는 체약당사국 내에서 발생한 부가가치가 40퍼센트 이상일 것
한-필리핀,84,84.03,,84.03,4단위 세번변경기준 또는 체약당사국 내에서 발생한 부가가치가 40퍼센트 이상일 것
한-필리핀,84,84.04,,84.04,4단위 세번변경기준 또는 체약당사국 내에서 발생한 부가가치가 40퍼센트 이상일 것
한-필리핀,84,84.05,,84.05,4단위 세번변경기준 또는 체약당사국 내에서 발생한 부가가치가 40퍼센트 이상일 것
한-필리핀,84,84.06,,84.06,4단위 세번변경기준 또는 체약당사국 내에서 발생한 부가가치가 40퍼센트 이상일 것
한-필리핀,84,84.07,,84.07,4단위 세번변경기준 또는 체약당사국 내에서 발생한 부가가치가 40퍼센트 이상일 것
한-필리핀,84,84.08,,84.08,4단위 세번변경기준 또는 체약당사국 내에서 발생한 부가가치가 40퍼센트 이상일 것
한-필리핀,84,84.09,,84.09,4단위 세번변경기준 또는 체약당사국 내에서 발생한 부가가치가 40퍼센트 이상일 것
한-필리핀,84,84.10,,84.10,4단위 세번변경기준 또는 체약당사국 내에서 발생한 부가가치가 40퍼센트 이상일 것
한-필리핀,84,84.10,8411.11,8411.11,4단위 세번변경기준 또는 체약당사국 내에서 발생한 부가가치가 40퍼센트 이상일 것
한-필리핀,84,84.10,8411.12,8411.12,4단위 세번변경기준 또는 체약당사국 내에서 발생한 부가가치가 40퍼센트 이상일 것
한-필리핀,84,84.10,8411.21,8411.21,6단위 세번변경기준 또는 체약당사국 내에서 발생한 부가가치가 40퍼센트 이상일 것
한-필리핀,84,84.10,8411.22,8411.22,6단위 세번변경기준 또는 체약당사국 내에서 발생한 부가가치가 40퍼센트 이상일 것
한-필리핀,84,84.10,8411.81,8411.81,6단위 세번변경기준 또는 체약당사국 내에서 발생한 부가가치가 40퍼센트 이상일 것
한-필리핀,84,84.10,8411.82,8411.82,6단위 세번변경기준 또는 체약당사국 내에서 발생한 부가가치가 40퍼센트 이상일 것
한-필리핀,84,84.10,8411.91,8411.91,4단위 세번변경기준 또는 체약당사국 내에서 발생한 부가가치가 40퍼센트 이상일 것
한-필리핀,84,84.10,8411.99,8411.99,4단위 세번변경기준 또는 체약당사국 내에서 발생한 부가가치가 40퍼센트 이상일 것
한-필리핀,84,84.10,8412.10,8412.10,4단위 세번변경기준 또는 체약당사국 내에서 발생한 부가가치가 40퍼센트 이상일 것
한-필리핀,84,84.10,8412.21,8412.21,4단위 세번변경기준 또는 체약당사국 내에서 발생한 부가가치가 40퍼센트 이상일 것
한-필리핀,84,84.10,8412.29,8412.29,6단위 세번변경기준 또는 체약당사국 내에서 발생한 부가가치가 40퍼센트 이상일 것
한-필리핀,84,84.10,8412.31,8412.31,4단위 세번변경기준 또는 체약당사국 내에서 발생한 부가가치가 40퍼센트 이상일 것
한-필리핀,84,84.10,8412.39,8412.39,4단위 세번변경기준 또는 체약당사국 내에서 발생한 부가가치가 40퍼센트 이상일 것
한-필리핀,84,84.10,8412.80,8412.80,4단위 세번변경기준 또는 체약당사국 내에서 발생한 부가가치가 40퍼센트 이상일 것
한-필리핀,84,84.10,8412.90,8412.90,4단위 세번변경기준 또는 체약당사국 내에서 발생한 부가가치가 40퍼센트 이상일 것
한-필리핀,84,84.13,,84.13,4단위 세번변경기준 또는 체약당사국 내에서 발생한 부가가치가 40퍼센트 이상일 것
한-필리핀,84,84.13,8414.10,8414.10,6단위 세번변경기준 또는 체약당사국 내에서 발생한 부가가치가 40퍼센트 이상일 것
한-필리핀,84,84.13,8414.20,8414.20,4단위 세번변경기준 또는 체약당사국 내에서 발생한 부가가치가 40퍼센트 이상일 것
한-필리핀,84,84.13,8414.30,8414.30,4단위 세번변경기준 또는 체약당사국 내에서 발생한 부가가치가 40퍼센트 이상일 것
한-필리핀,84,84.13,8414.40,8414.40,4단위 세번변경기준 또는 체약당사국 내에서 발생한 부가가치가 40퍼센트 이상일 것
한-필리핀,84,84.13,8414.51,8414.51,4단위 세번변경기준 또는 체약당사국 내에서 발생한 부가가치가 40퍼센트 이상일 것
한-필리핀,84,84.13,8414.59,8414.59,6단위 세번변경기준 또는 체약당사국 내에서 발생한 부가가치가 40퍼센트 이상일 것
한-필리핀,84,84.13,8414.60,8414.60,4단위 세번변경기준 또는 체약당사국 내에서 발생한 부가가치가 40퍼센트 이상일 것
한-필리핀,84,84.13,8414.80,8414.80,4단위 세번변경기준 또는 체약당사국 내에서 발생한 부가가치가 40퍼센트 이상일 것
한-필리핀,84,84.13,8414.90,8414.90,4단위 세번변경기준 또는 체약당사국 내에서 발생한 부가가치가 40퍼센트 이상일 것
한-필리핀,84,84.13,8415.10,8415.10,체약당사국 내에서 발생한 부가가치가 45퍼센트 이상일 것
한-필리핀,84,84.13,8415.20,8415.20,4단위 세번변경기준 또는 체약당사국 내에서 발생한 부가가치가 40퍼센트 이상일 것
한-필리핀,84,84.13,8415.81,8415.81,4단위 세번변경기준 또는 체약당사국 내에서 발생한 부가가치가 40퍼센트 이상일 것
한-필리핀,84,84.13,8415.82,8415.82,4단위 세번변경기준 또는 체약당사국 내에서 발생한 부가가치가 40퍼센트 이상일 것
한-필리핀,84,84.13,8415.83,8415.83,4단위 세번변경기준 또는 체약당사국 내에서 발생한 부가가치가 40퍼센트 이상일 것
한-필리핀,84,84.13,8415.90,8415.90,4단위 세번변경기준 또는 체약당사국 내에서 발생한 부가가치가 40퍼센트 이상일 것
한-필리핀,84,84.16,,84.16,4단위 세번변경기준 또는 체약당사국 내에서 발생한 부가가치가 40퍼센트 이상일 것
한-필리핀,84,84.17,,84.17,4단위 세번변경기준 또는 체약당사국 내에서 발생한 부가가치가 40퍼센트 이상일 것
한-필리핀,84,84.18,,84.18,4단위 세번변경기준 또는 체약당사국 내에서 발생한 부가가치가 40퍼센트 이상일 것
한-필리핀,84,84.18,8419.11,8419.11,4단위 세번변경기준 또는 체약당사국 내에서 발생한 부가가치가 40퍼센트 이상일 것
한-필리핀,84,84.18,8419.19,8419.19,4단위 세번변경기준 또는 체약당사국 내에서 발생한 부가가치가 40퍼센트 이상일 것
한-필리핀,84,84.18,8419.20,8419.20,4단위 세번변경기준 또는 체약당사국 내에서 발생한 부가가치가 40퍼센트 이상일 것
한-필리핀,84,84.18,8419.31,8419.31,4단위 세번변경기준 또는 체약당사국 내에서 발생한 부가가치가 40퍼센트 이상일 것
한-필리핀,84,84.18,8419.32,8419.32,4단위 세번변경기준 또는 체약당사국 내에서 발생한 부가가치가 40퍼센트 이상일 것
한-필리핀,84,84.18,8419.39,8419.39,4단위 세번변경기준 또는 체약당사국 내에서 발생한 부가가치가 40퍼센트 이상일 것
한-필리핀,84,84.18,8419.40,8419.40,4단위 세번변경기준 또는 체약당사국 내에서 발생한 부가가치가 40퍼센트 이상일 것
한-필리핀,84,84.18,8419.50,8419.50,6단위 세번변경기준 또는 체약당사국 내에서 발생한 부가가치가 40퍼센트 이상일 것
한-필리핀,84,84.18,8419.60,8419.60,4단위 세번변경기준 또는 체약당사국 내에서 발생한 부가가치가 40퍼센트 이상일 것
한-필리핀,84,84.18,8419.81,8419.81,6단위 세번변경기준 또는 체약당사국 내에서 발생한 부가가치가 40퍼센트 이상일 것
한-필리핀,84,84.18,8419.89,8419.89,4단위 세번변경기준 또는 체약당사국 내에서 발생한 부가가치가 40퍼센트 이상일 것
한-필리핀,84,84.18,8419.90,8419.90,4단위 세번변경기준 또는 체약당사국 내에서 발생한 부가가치가 40퍼센트 이상일 것
한-필리핀,84,84.20,,84.20,4단위 세번변경기준 또는 체약당사국 내에서 발생한 부가가치가 40퍼센트 이상일 것
한-필리핀,84,84.21,,84.21,4단위 세번변경기준 또는 체약당사국 내에서 발생한 부가가치가 40퍼센트 이상일 것
한-필리핀,84,84.22,,84.22,4단위 세번변경기준 또는 체약당사국 내에서 발생한 부가가치가 40퍼센트 이상일 것
한-필리핀,84,84.23,,84.23,4단위 세번변경기준 또는 체약당사국 내에서 발생한 부가가치가 40퍼센트 이상일 것
한-필리핀,84,84.24,,84.24,4단위 세번변경기준 또는 체약당사국 내에서 발생한 부가가치가 40퍼센트 이상일 것
한-필리핀,84,84.25,,84.25,4단위 세번변경기준 또는 체약당사국 내에서 발생한 부가가치가 40퍼센트 이상일 것
한-필리핀,84,84.26,,84.26,4단위 세번변경기준 또는 체약당사국 내에서 발생한 부가가치가 40퍼센트 이상일 것
한-필리핀,84,84.27,,84.27,4단위 세번변경기준 또는 체약당사국 내에서 발생한 부가가치가 40퍼센트 이상일 것
한-필리핀,84,84.28,,84.28,4단위 세번변경기준 또는 체약당사국 내에서 발생한 부가가치가 40퍼센트 이상일 것
한-필리핀,84,84.29,,84.29,4단위 세번변경기준 또는 체약당사국 내에서 발생한 부가가치가 40퍼센트 이상일 것
한-필리핀,84,84.30,,84.30,4단위 세번변경기준 또는 체약당사국 내에서 발생한 부가가치가 40퍼센트 이상일 것
한-필리핀,84,84.31,,84.31,4단위 세번변경기준 또는 체약당사국 내에서 발생한 부가가치가 40퍼센트 이상일 것
한-필리핀,84,84.32,,84.32,4단위 세번변경기준 또는 체약당사국 내에서 발생한 부가가치가 40퍼센트 이상일 것
한-필리핀,84,84.33,,84.33,4단위 세번변경기준 또는 체약당사국 내에서 발생한 부가가치가 40퍼센트 이상일 것
한-필리핀,84,84.34,,84.34,4단위 세번변경기준 또는 체약당사국 내에서 발생한 부가가치가 40퍼센트 이상일 것
한-필리핀,84,84.35,,84.35,4단위 세번변경기준 또는 체약당사국 내에서 발생한 부가가치가 40퍼센트 이상일 것
한-필리핀,84,84.36,,84.36,4단위 세번변경기준 또는 체약당사국 내에서 발생한 부가가치가 40퍼센트 이상일 것
한-필리핀,84,84.37,,84.37,4단위 세번변경기준 또는 체약당사국 내에서 발생한 부가가치가 40퍼센트 이상일 것
한-필리핀,84,84.38,,84.38,4단위 세번변경기준 또는 체약당사국 내에서 발생한 부가가치가 40퍼센트 이상일 것
한-필리핀,84,84.39,,84.39,4단위 세번변경기준 또는 체약당사국 내에서 발생한 부가가치가 40퍼센트 이상일 것
한-필리핀,84,84.40,,84.40,4단위 세번변경기준 또는 체약당사국 내에서 발생한 부가가치가 40퍼센트 이상일 것
한-필리핀,84,84.41,,84.41,4단위 세번변경기준 또는 체약당사국 내에서 발생한 부가가치가 40퍼센트 이상일 것
한-필리핀,84,84.42,,84.42,4단위 세번변경기준 또는 체약당사국 내에서 발생한 부가가치가 40퍼센트 이상일 것
한-필리핀,84,84.42,8443.11,8443.11,4단위 세번변경기준 또는 체약당사국 내에서 발생한 부가가치가 40퍼센트 이상일 것
한-필리핀,84,84.42,8443.12,8443.12,4단위 세번변경기준 또는 체약당사국 내에서 발생한 부가가치가 40퍼센트 이상일 것
한-필리핀,84,84.42,8443.13,8443.13,4단위 세번변경기준 또는 체약당사국 내에서 발생한 부가가치가 40퍼센트 이상일 것
한-필리핀,84,84.42,8443.14,8443.14,4단위 세번변경기준 또는 체약당사국 내에서 발생한 부가가치가 40퍼센트 이상일 것
한-필리핀,84,84.42,8443.15,8443.15,4단위 세번변경기준 또는 체약당사국 내에서 발생한 부가가치가 40퍼센트 이상일 것
한-필리핀,84,84.42,8443.16,8443.16,4단위 세번변경기준 또는 체약당사국 내에서 발생한 부가가치가 40퍼센트 이상일 것
한-필리핀,84,84.42,8443.17,8443.17,4단위 세번변경기준 또는 체약당사국 내에서 발생한 부가가치가 40퍼센트 이상일 것
한-필리핀,84,84.42,8443.19,8443.19,4단위 세번변경기준 또는 체약당사국 내에서 발생한 부가가치가 40퍼센트 이상일 것
한-필리핀,84,84.42,8443.31,8443.31,6단위 세번변경기준 또는 체약당사국 내에서 발생한 부가가치가 40퍼센트 이상일 것
한-필리핀,84,84.42,8443.32,8443.32,6단위 세번변경기준 또는 체약당사국 내에서 발생한 부가가치가 40퍼센트 이상일 것
한-필리핀,84,84.42,8443.39,8443.39,4단위 세번변경기준 또는 체약당사국 내에서 발생한 부가가치가 40퍼센트 이상일 것
한-필리핀,84,84.42,8443.91,8443.91,4단위 세번변경기준 또는 체약당사국 내에서 발생한 부가가치가 40퍼센트 이상일 것
한-필리핀,84,84.42,8443.99,8443.99,4단위 세번변경기준 또는 체약당사국 내에서 발생한 부가가치가 40퍼센트 이상일 것
한-필리핀,84,84.44,,84.44,4단위 세번변경기준 또는 체약당사국 내에서 발생한 부가가치가 40퍼센트 이상일 것
한-필리핀,84,84.45,,84.45,4단위 세번변경기준 또는 체약당사국 내에서 발생한 부가가치가 40퍼센트 이상일 것
한-필리핀,84,84.46,,84.46,4단위 세번변경기준 또는 체약당사국 내에서 발생한 부가가치가 40퍼센트 이상일 것
한-필리핀,84,84.47,,84.47,4단위 세번변경기준 또는 체약당사국 내에서 발생한 부가가치가 40퍼센트 이상일 것
한-필리핀,84,84.48,,84.48,4단위 세번변경기준 또는 체약당사국 내에서 발생한 부가가치가 40퍼센트 이상일 것
한-필리핀,84,84.49,,84.49,4단위 세번변경기준 또는 체약당사국 내에서 발생한 부가가치가 40퍼센트 이상일 것
한-필리핀,84,84.50,,84.50,4단위 세번변경기준 또는 체약당사국 내에서 발생한 부가가치가 40퍼센트 이상일 것
한-필리핀,84,84.51,,84.51,4단위 세번변경기준 또는 체약당사국 내에서 발생한 부가가치가 40퍼센트 이상일 것
한-필리핀,84,84.52,,84.52,4단위 세번변경기준 또는 체약당사국 내에서 발생한 부가가치가 40퍼센트 이상일 것
한-필리핀,84,84.53,,84.53,4단위 세번변경기준 또는 체약당사국 내에서 발생한 부가가치가 40퍼센트 이상일 것
한-필리핀,84,84.54,,84.54,4단위 세번변경기준 또는 체약당사국 내에서 발생한 부가가치가 40퍼센트 이상일 것
한-필리핀,84,84.55,,84.55,4단위 세번변경기준 또는 체약당사국 내에서 발생한 부가가치가 40퍼센트 이상일 것
한-필리핀,84,84.56,,84.56,4단위 세번변경기준 또는 체약당사국 내에서 발생한 부가가치가 40퍼센트 이상일 것
한-필리핀,84,84.57,,84.57,4단위 세번변경기준 또는 체약당사국 내에서 발생한 부가가치가 40퍼센트 이상일 것
한-필리핀,84,84.58,,84.58,4단위 세번변경기준 또는 체약당사국 내에서 발생한 부가가치가 40퍼센트 이상일 것
한-필리핀,84,84.59,,84.59,4단위 세번변경기준 또는 체약당사국 내에서 발생한 부가가치가 40퍼센트 이상일 것
한-필리핀,84,84.60,,84.60,4단위 세번변경기준 또는 체약당사국 내에서 발생한 부가가치가 40퍼센트 이상일 것
한-필리핀,84,84.61,,84.61,4단위 세번변경기준 또는 체약당사국 내에서 발생한 부가가치가 40퍼센트 이상일 것
한-필리핀,84,84.62,,84.62,4단위 세번변경기준 또는 체약당사국 내에서 발생한 부가가치가 40퍼센트 이상일 것
한-필리핀,84,84.63,,84.63,4단위 세번변경기준 또는 체약당사국 내에서 발생한 부가가치가 40퍼센트 이상일 것
한-필리핀,84,84.64,,84.64,4단위 세번변경기준 또는 체약당사국 내에서 발생한 부가가치가 40퍼센트 이상일 것
한-필리핀,84,84.65,,84.65,4단위 세번변경기준 또는 체약당사국 내에서 발생한 부가가치가 40퍼센트 이상일 것
한-필리핀,84,84.66,,84.66,4단위 세번변경기준 또는 체약당사국 내에서 발생한 부가가치가 40퍼센트 이상일 것
한-필리핀,84,84.67,,84.67,4단위 세번변경기준 또는 체약당사국 내에서 발생한 부가가치가 40퍼센트 이상일 것
한-필리핀,84,84.68,,84.68,4단위 세번변경기준 또는 체약당사국 내에서 발생한 부가가치가 40퍼센트 이상일 것
한-필리핀,84,84.70,,84.70,4단위 세번변경기준 또는 체약당사국 내에서 발생한 부가가치가 40퍼센트 이상일 것
한-필리핀,84,84.71,,84.71,4단위 세번변경기준 또는 체약당사국 내에서 발생한 부가가치가 40퍼센트 이상일 것
한-필리핀,84,84.72,,84.72,4단위 세번변경기준 또는 체약당사국 내에서 발생한 부가가치가 40퍼센트 이상일 것
한-필리핀,84,84.73,,84.73,4단위 세번변경기준 또는 체약당사국 내에서 발생한 부가가치가 40퍼센트 이상일 것
한-필리핀,84,84.74,,84.74,4단위 세번변경기준 또는 체약당사국 내에서 발생한 부가가치가 40퍼센트 이상일 것
한-필리핀,84,84.75,,84.75,4단위 세번변경기준 또는 체약당사국 내에서 발생한 부가가치가 40퍼센트 이상일 것
한-필리핀,84,84.76,,84.76,4단위 세번변경기준 또는 체약당사국 내에서 발생한 부가가치가 40퍼센트 이상일 것
한-필리핀,84,84.77,,84.77,4단위 세번변경기준 또는 체약당사국 내에서 발생한 부가가치가 40퍼센트 이상일 것
한-필리핀,84,84.78,,84.78,4단위 세번변경기준 또는 체약당사국 내에서 발생한 부가가치가 40퍼센트 이상일 것
한-필리핀,84,84.78,8479.10,8479.10,4단위 세번변경기준 또는 체약당사국 내에서 발생한 부가가치가 40퍼센트 이상일 것
한-필리핀,84,84.78,8479.20,8479.20,4단위 세번변경기준 또는 체약당사국 내에서 발생한 부가가치가 40퍼센트 이상일 것
한-필리핀,84,84.78,8479.30,8479.30,4단위 세번변경기준 또는 체약당사국 내에서 발생한 부가가치가 40퍼센트 이상일 것
한-필리핀,84,84.78,8479.40,8479.40,4단위 세번변경기준 또는 체약당사국 내에서 발생한 부가가치가 40퍼센트 이상일 것
한-필리핀,84,84.78,8479.50,8479.50,4단위 세번변경기준 또는 체약당사국 내에서 발생한 부가가치가 40퍼센트 이상일 것
한-필리핀,84,84.78,8479.60,8479.60,4단위 세번변경기준 또는 체약당사국 내에서 발생한 부가가치가 40퍼센트 이상일 것
한-필리핀,84,84.78,8479.71,8479.71,6단위 세번변경기준 또는 체약당사국 내에서 발생한 부가가치가 40퍼센트 이상일 것
한-필리핀,84,84.78,8479.79,8479.79,6단위 세번변경기준 또는 체약당사국 내에서 발생한 부가가치가 40퍼센트 이상일 것
한-필리핀,84,84.78,8479.81,8479.81,6단위 세번변경기준 또는 체약당사국 내에서 발생한 부가가치가 40퍼센트 이상일 것
한-필리핀,84,84.78,8479.82,8479.82,4단위 세번변경기준 또는 체약당사국 내에서 발생한 부가가치가 40퍼센트 이상일 것
한-필리핀,84,84.78,8479.89,8479.89,6단위 세번변경기준 또는 체약당사국 내에서 발생한 부가가치가 40퍼센트 이상일 것
한-필리핀,84,84.78,8479.90,8479.90,4단위 세번변경기준 또는 체약당사국 내에서 발생한 부가가치가 40퍼센트 이상일 것
한-필리핀,84,84.80,,84.80,4단위 세번변경기준 또는 체약당사국 내에서 발생한 부가가치가 40퍼센트 이상일 것
한-필리핀,84,84.80,8481.10,8481.10,4단위 세번변경기준 또는 체약당사국 내에서 발생한 부가가치가 40퍼센트 이상일 것
한-필리핀,84,84.80,8481.20,8481.20,4단위 세번변경기준 또는 체약당사국 내에서 발생한 부가가치가 40퍼센트 이상일 것
한-필리핀,84,84.80,8481.30,8481.30,4단위 세번변경기준 또는 체약당사국 내에서 발생한 부가가치가 40퍼센트 이상일 것
한-필리핀,84,84.80,8481.40,8481.40,4단위 세번변경기준 또는 체약당사국 내에서 발생한 부가가치가 40퍼센트 이상일 것
한-필리핀,84,84.80,8481.80,8481.80,6단위 세번변경기준 또는 체약당사국 내에서 발생한 부가가치가 40퍼센트 이상일 것
한-필리핀,84,84.80,8481.90,8481.90,4단위 세번변경기준 또는 체약당사국 내에서 발생한 부가가치가 40퍼센트 이상일 것
한-필리핀,84,84.80,8482.10,8482.10,6단위 세번변경기준 또는 체약당사국 내에서 발생한 부가가치가 40퍼센트 이상일 것
한-필리핀,84,84.80,8482.20,8482.20,4단위 세번변경기준 또는 체약당사국 내에서 발생한 부가가치가 40퍼센트 이상일 것
한-필리핀,84,84.80,8482.30,8482.30,4단위 세번변경기준 또는 체약당사국 내에서 발생한 부가가치가 40퍼센트 이상일 것
한-필리핀,84,84.80,8482.40,8482.40,4단위 세번변경기준 또는 체약당사국 내에서 발생한 부가가치가 40퍼센트 이상일 것
한-필리핀,84,84.80,8482.50,8482.50,4단위 세번변경기준 또는 체약당사국 내에서 발생한 부가가치가 40퍼센트 이상일 것
한-필리핀,84,84.80,8482.80,8482.80,4단위 세번변경기준 또는 체약당사국 내에서 발생한 부가가치가 40퍼센트 이상일 것
한-필리핀,84,84.80,8482.91,8482.91,4단위 세번변경기준 또는 체약당사국 내에서 발생한 부가가치가 40퍼센트 이상일 것
한-필리핀,84,84.80,8482.99,8482.99,4단위 세번변경기준 또는 체약당사국 내에서 발생한 부가가치가 40퍼센트 이상일 것
한-필리핀,84,84.80,8483.10,8483.10,6단위 세번변경기준 또는 체약당사국 내에서 발생한 부가가치가 40퍼센트 이상일 것
한-필리핀,84,84.80,8483.20,8483.20,6단위 세번변경기준 또는 체약당사국 내에서 발생한 부가가치가 40퍼센트 이상일 것
한-필리핀,84,84.80,8483.30,8483.30,6단위 세번변경기준 또는 체약당사국 내에서 발생한 부가가치가 40퍼센트 이상일 것
한-필리핀,84,84.80,8483.40,8483.40,6단위 세번변경기준 또는 체약당사국 내에서 발생한 부가가치가 40퍼센트 이상일 것
한-필리핀,84,84.80,8483.50,8483.50,6단위 세번변경기준 또는 체약당사국 내에서 발생한 부가가치가 40퍼센트 이상일 것
한-필리핀,84,84.80,8483.60,8483.60,4단위 세번변경기준 또는 체약당사국 내에서 발생한 부가가치가 40퍼센트 이상일 것
한-필리핀,84,84.80,8483.90,8483.90,4단위 세번변경기준 또는 체약당사국 내에서 발생한 부가가치가 40퍼센트 이상일 것
한-필리핀,84,84.84,,84.84,4단위 세번변경기준 또는 체약당사국 내에서 발생한 부가가치가 40퍼센트 이상일 것
한-필리핀,84,84.84,8486.10,8486.10,이 소호 내 또는 다른 소호로부터의 6단위 세번변경기준 또 는 체약당사국 내에서 발생한 부가가치가 40퍼센트 이상일 것
한-필리핀,84,84.84,8486.20,8486.20,이 소호 내 또는 다른 소호로부터의 6단위 세번변경기준 또 는 체약당사국 내에서 발생한 부가가치가 40퍼센트 이상일 것
한-필리핀,84,84.84,8486.30,8486.30,이 소호 내 또는 다른 소호로부터의 6단위 세번변경기준 또 는 체약당사국 내에서 발생한 부가가치가 40퍼센트 이상일 것
한-필리핀,84,84.84,8486.40,8486.40,이 소호 내 또는 다른 소호로부터의 6단위 세번변경기준 또 는 체약당사국 내에서 발생한 부가가치가 40퍼센트 이상일 것
한-필리핀,84,84.84,8486.90,8486.90,4단위 세번변경기준 또는 체약당사국 내에서 발생한 부가가치가 40퍼센트 이상일 것
한-필리핀,84,84.87,,84.87,4단위 세번변경기준 또는 체약당사국 내에서 발생한 부가가치가 40퍼센트 이상일 것
한-필리핀,85,85.01,,85.01,4단위 세번변경기준 또는 체약당사국 내에서 발생한 부가가치가 40퍼센트 이상일 것
한-필리핀,85,85.02,,85.02,4단위 세번변경기준 또는 체약당사국 내에서 발생한 부가가치가 40퍼센트 이상일 것
한-필리핀,85,85.03,,85.03,4단위 세번변경기준 또는 체약당사국 내에서 발생한 부가가치가 40퍼센트 이상일 것
한-필리핀,85,85.03,8504.10,8504.10,6단위 세번변경기준 또는 체약당사국 내에서 발생한 부가가치가 40퍼센트 이상일 것
한-필리핀,85,85.03,8504.21,8504.21,4단위 세번변경기준 또는 체약당사국 내에서 발생한 부가가치가 40퍼센트 이상일 것
한-필리핀,85,85.03,8504.22,8504.22,4단위 세번변경기준 또는 체약당사국 내에서 발생한 부가가치가 40퍼센트 이상일 것
한-필리핀,85,85.03,8504.23,8504.23,4단위 세번변경기준 또는 체약당사국 내에서 발생한 부가가치가 40퍼센트 이상일 것
한-필리핀,85,85.03,8504.31,8504.31,4단위 세번변경기준 또는 체약당사국 내에서 발생한 부가가치가 40퍼센트 이상일 것
한-필리핀,85,85.03,8504.32,8504.32,4단위 세번변경기준 또는 체약당사국 내에서 발생한 부가가치가 40퍼센트 이상일 것
한-필리핀,85,85.03,8504.33,8504.33,4단위 세번변경기준 또는 체약당사국 내에서 발생한 부가가치가 40퍼센트 이상일 것
한-필리핀,85,85.03,8504.34,8504.34,4단위 세번변경기준 또는 체약당사국 내에서 발생한 부가가치가 40퍼센트 이상일 것
한-필리핀,85,85.03,8504.40,8504.40,6단위 세번변경기준 또는 체약당사국 내에서 발생한 부가가치가 40퍼센트 이상일 것
한-필리핀,85,85.03,8504.50,8504.50,6단위 세번변경기준 또는 체약당사국 내에서 발생한 부가가치가 40퍼센트 이상일 것
한-필리핀,85,85.03,8504.90,8504.90,4단위 세번변경기준 또는 체약당사국 내에서 발생한 부가가치가 40퍼센트 이상일 것
한-필리핀,85,85.05,,85.05,4단위 세번변경기준 또는 체약당사국 내에서 발생한 부가가치가 40퍼센트 이상일 것
한-필리핀,85,85.06,,85.06,4단위 세번변경기준 또는 체약당사국 내에서 발생한 부가가치가 40퍼센트 이상일 것
한-필리핀,85,85.06,8507.10,8507.10,4단위 세번변경기준 또는 체약당사국 내에서 발생한 부가가치가 40퍼센트 이상일 것
한-필리핀,85,85.06,8507.20,8507.20,4단위 세번변경기준 또는 체약당사국 내에서 발생한 부가가치가 40퍼센트 이상일 것
한-필리핀,85,85.06,8507.30,8507.30,4단위 세번변경기준 또는 체약당사국 내에서 발생한 부가가치가 40퍼센트 이상일 것
한-필리핀,85,85.06,8507.40,8507.40,4단위 세번변경기준 또는 체약당사국 내에서 발생한 부가가치가 40퍼센트 이상일 것
한-필리핀,85,85.06,8507.50,8507.50,4단위 세번변경기준 또는 체약당사국 내에서 발생한 부가가치가 40퍼센트 이상일 것
한-필리핀,85,85.06,8507.60,8507.60,4단위 세번변경기준 또는 체약당사국 내에서 발생한 부가가치가 40퍼센트 이상일 것
한-필리핀,85,85.06,8507.80,8507.80,4단위 세번변경기준 또는 체약당사국 내에서 발생한 부가가치가 40퍼센트 이상일 것
한-필리핀,85,85.06,8507.90,8507.90,2단위 세번변경기준 또는 체약당사국 내에서 발생한 부가가치가 40퍼센트 이상일 것
한-필리핀,85,85.06,8508.11,8508.11,4단위 세번변경기준 또는 체약당사국 내에서 발생한 부가가치가 40퍼센트 이상일 것
한-필리핀,85,85.06,8508.19,8508.19,가. 가정용 진공청소기: 4단위 세번변경기준 또는 체약당사 국 내에서 발생한 부가가치가 40퍼센트 이상일 것 나. 그 밖의 물품: 6단위 세번변경기준 또는 체약당사국 내 에서 발생한 부가가치가 40퍼센트 이상일 것
한-필리핀,85,85.06,8508.60,8508.60,6단위 세번변경기준 또는 체약당사국 내에서 발생한 부가가치가 40퍼센트 이상일 것
한-필리핀,85,85.06,8508.70,8508.70,4단위 세번변경기준 또는 체약당사국 내에서 발생한 부가가치가 40퍼센트 이상일 것
한-필리핀,85,85.09,,85.09,4단위 세번변경기준 또는 체약당사국 내에서 발생한 부가가치가 40퍼센트 이상일 것
한-필리핀,85,85.10,,85.10,4단위 세번변경기준 또는 체약당사국 내에서 발생한 부가가치가 40퍼센트 이상일 것
한-필리핀,85,85.10,8511.10,8511.10,4단위 세번변경기준 또는 체약당사국 내에서 발생한 부가가치가 40퍼센트 이상일 것
한-필리핀,85,85.10,8511.20,8511.20,4단위 세번변경기준 또는 체약당사국 내에서 발생한 부가가치가 40퍼센트 이상일 것
한-필리핀,85,85.10,8511.30,8511.30,4단위 세번변경기준 또는 체약당사국 내에서 발생한 부가가치가 40퍼센트 이상일 것
한-필리핀,85,85.10,8511.40,8511.40,4단위 세번변경기준 또는 체약당사국 내에서 발생한 부가가치가 40퍼센트 이상일 것
한-필리핀,85,85.10,8511.50,8511.50,6단위 세번변경기준 또는 체약당사국 내에서 발생한 부가가치가 40퍼센트 이상일 것
한-필리핀,85,85.10,8511.80,8511.80,4단위 세번변경기준 또는 체약당사국 내에서 발생한 부가가치가 40퍼센트 이상일 것
한-필리핀,85,85.10,8511.90,8511.90,4단위 세번변경기준 또는 체약당사국 내에서 발생한 부가가치가 40퍼센트 이상일 것
한-필리핀,85,85.10,8512.10,8512.10,4단위 세번변경기준 또는 체약당사국 내에서 발생한 부가가치가 40퍼센트 이상일 것
한-필리핀,85,85.10,8512.20,8512.20,4단위 세번변경기준 또는 체약당사국 내에서 발생한 부가가치가 40퍼센트 이상일 것
한-필리핀,85,85.10,8512.30,8512.30,6단위 세번변경기준 또는 체약당사국 내에서 발생한 부가가치가 40퍼센트 이상일 것
한-필리핀,85,85.10,8512.40,8512.40,4단위 세번변경기준 또는 체약당사국 내에서 발생한 부가가치가 40퍼센트 이상일 것
한-필리핀,85,85.10,8512.90,8512.90,4단위 세번변경기준 또는 체약당사국 내에서 발생한 부가가치가 40퍼센트 이상일 것
한-필리핀,85,85.13,,85.13,4단위 세번변경기준 또는 체약당사국 내에서 발생한 부가가치가 40퍼센트 이상일 것
한-필리핀,85,85.14,,85.14,4단위 세번변경기준 또는 체약당사국 내에서 발생한 부가가치가 40퍼센트 이상일 것
한-필리핀,85,85.15,,85.15,4단위 세번변경기준 또는 체약당사국 내에서 발생한 부가가치가 40퍼센트 이상일 것
한-필리핀,85,85.16,,85.16,4단위 세번변경기준 또는 체약당사국 내에서 발생한 부가가치가 40퍼센트 이상일 것
한-필리핀,85,85.16,8517.11,8517.11,4단위 세번변경기준 또는 체약당사국 내에서 발생한 부가가치가 40퍼센트 이상일 것
한-필리핀,85,85.16,8517.12,8517.12,6단위 세번변경기준 또는 체약당사국 내에서 발생한 부가가치가 40퍼센트 이상일 것
한-필리핀,85,85.16,8517.18,8517.18,4단위 세번변경기준 또는 체약당사국 내에서 발생한 부가가치가 40퍼센트 이상일 것
한-필리핀,85,85.16,8517.61,8517.61,6단위 세번변경기준 또는 체약당사국 내에서 발생한 부가가치가 40퍼센트 이상일 것
한-필리핀,85,85.16,8517.62,8517.62,6단위 세번변경기준 또는 체약당사국 내에서 발생한 부가가치가 40퍼센트 이상일 것
한-필리핀,85,85.16,8517.69,8517.69,4단위 세번변경기준 또는 체약당사국 내에서 발생한 부가가치가 40퍼센트 이상일 것
한-필리핀,85,85.16,8517.70,8517.70,4단위 세번변경기준 또는 체약당사국 내에서 발생한 부가가치가 40퍼센트 이상일 것
한-필리핀,85,85.16,8518.10,8518.10,4단위 세번변경기준 또는 체약당사국 내에서 발생한 부가가치가 40퍼센트 이상일 것
한-필리핀,85,85.16,8518.21,8518.21,4단위 세번변경기준 또는 체약당사국 내에서 발생한 부가가치가 40퍼센트 이상일 것
한-필리핀,85,85.16,8518.22,8518.22,4단위 세번변경기준 또는 체약당사국 내에서 발생한 부가가치가 40퍼센트 이상일 것
한-필리핀,85,85.16,8518.29,8518.29,4단위 세번변경기준 또는 체약당사국 내에서 발생한 부가가치가 40퍼센트 이상일 것
한-필리핀,85,85.16,8518.30,8518.30,6단위 세번변경기준 또는 체약당사국 내에서 발생한 부가가치가 40퍼센트 이상일 것
한-필리핀,85,85.16,8518.40,8518.40,4단위 세번변경기준 또는 체약당사국 내에서 발생한 부가가치가 40퍼센트 이상일 것
한-필리핀,85,85.16,8518.50,8518.50,6단위 세번변경기준 또는 체약당사국 내에서 발생한 부가가치가 40퍼센트 이상일 것
한-필리핀,85,85.16,8518.90,8518.90,4단위 세번변경기준 또는 체약당사국 내에서 발생한 부가가치가 40퍼센트 이상일 것
한-필리핀,85,85.16,8519.20,8519.20,4단위 세번변경기준 또는 체약당사국 내에서 발생한 부가가치가 40퍼센트 이상일 것
한-필리핀,85,85.16,8519.30,8519.30,가. 자동교환 기능을 갖춘 턴테이블: 6단위 세번변경기준 또 는 체약당사국 내에서 발생한 부가가치가 40퍼센트 이상 일 것 나. 그 밖의 물품: 4단위 세번변경기준 또는 체약당사국 내 에서 발생한 부가가치가 40퍼센트 이상일 것
한-필리핀,85,85.16,8519.50,8519.50,4단위 세번변경기준 또는 체약당사국 내에서 발생한 부가가치가 40퍼센트 이상일 것
한-필리핀,85,85.16,8519.81,8519.81,4단위 세번변경기준 또는 체약당사국 내에서 발생한 부가가치가 40퍼센트 이상일 것
한-필리핀,85,85.16,8519.89,8519.89,4단위 세번변경기준 또는 체약당사국 내에서 발생한 부가가치가 40퍼센트 이상일 것
한-필리핀,85,85.21,,85.21,4단위 세번변경기준 또는 체약당사국 내에서 발생한 부가가치가 40퍼센트 이상일 것
한-필리핀,85,85.21,8522.10,8522.10,4단위 세번변경기준 또는 체약당사국 내에서 발생한 부가가치가 40퍼센트 이상일 것
한-필리핀,85,85.21,8522.90,8522.90,6단위 세번변경기준 또는 체약당사국 내에서 발생한 부가가치가 40퍼센트 이상일 것
한-필리핀,85,85.21,8523.21,8523.21,4단위 세번변경기준 또는 체약당사국 내에서 발생한 부가가치가 40퍼센트 이상일 것
한-필리핀,85,85.21,8523.29,8523.29,4단위 세번변경기준 또는 체약당사국 내에서 발생한 부가가치가 40퍼센트 이상일 것
한-필리핀,85,85.21,8523.41,8523.41,4단위 세번변경기준 또는 체약당사국 내에서 발생한 부가가치가 40퍼센트 이상일 것
한-필리핀,85,85.21,8523.49,8523.49,4단위 세번변경기준 또는 체약당사국 내에서 발생한 부가가치가 40퍼센트 이상일 것
한-필리핀,85,85.21,8523.51,8523.51,4단위 세번변경기준 또는 체약당사국 내에서 발생한 부가가치가 40퍼센트 이상일 것
한-필리핀,85,85.21,8523.52,8523.52,이 소호 내 또는 다른 소호로부터의 6단위 세번변경기준 또 는 체약당사국 내에서 발생한 부가가치가 40퍼센트 이상일 것
한-필리핀,85,85.21,8523.59,8523.59,4단위 세번변경기준 또는 체약당사국 내에서 발생한 부가가치가 40퍼센트 이상일 것
한-필리핀,85,85.21,8523.80,8523.80,4단위 세번변경기준 또는 체약당사국 내에서 발생한 부가가치가 40퍼센트 이상일 것
한-필리핀,85,85.21,8525.50,8525.50,4단위 세번변경기준 또는 체약당사국 내에서 발생한 부가가치가 40퍼센트 이상일 것
한-필리핀,85,85.21,8525.60,8525.60,6단위 세번변경기준 또는 체약당사국 내에서 발생한 부가가치가 40퍼센트 이상일 것
한-필리핀,85,85.21,8525.80,8525.80,4단위 세번변경기준 또는 체약당사국 내에서 발생한 부가가치가 40퍼센트 이상일 것
한-필리핀,85,85.26,,85.26,4단위 세번변경기준 또는 체약당사국 내에서 발생한 부가가치가 40퍼센트 이상일 것
한-필리핀,85,85.27,,85.27,4단위 세번변경기준 또는 체약당사국 내에서 발생한 부가가치가 40퍼센트 이상일 것
한-필리핀,85,85.27,8528.42,8528.42,4단위 세번변경기준 또는 체약당사국 내에서 발생한 부가가치가 40퍼센트 이상일 것
한-필리핀,85,85.27,8528.49,8528.49,4단위 세번변경기준 또는 체약당사국 내에서 발생한 부가가치가 40퍼센트 이상일 것
한-필리핀,85,85.27,8528.52,8528.52,4단위 세번변경기준 또는 체약당사국 내에서 발생한 부가가치가 40퍼센트 이상일 것
한-필리핀,85,85.27,8528.59,8528.59,4단위 세번변경기준 또는 체약당사국 내에서 발생한 부가가치가 40퍼센트 이상일 것
한-필리핀,85,85.27,8528.62,8528.62,4단위 세번변경기준 또는 체약당사국 내에서 발생한 부가가치가 40퍼센트 이상일 것
한-필리핀,85,85.27,8528.69,8528.69,4단위 세번변경기준 또는 체약당사국 내에서 발생한 부가가치가 40퍼센트 이상일 것
한-필리핀,85,85.27,8528.71,8528.71,가. 텔레비전 천연색 수신용의 기기: 6단위 세번변경기준 또 는 체약당사국 내에서 발생한 부가가치가 40퍼센트 이상 일 것 나. 그 밖의 물품: 4단위 세번변경기준 또는 체약당사국 내 에서 발생한 부가가치가 40퍼센트 이상일 것
한-필리핀,85,85.27,8528.72,8528.72,6단위 세번변경기준 또는 체약당사국 내에서 발생한 부가가치가 40퍼센트 이상일 것
한-필리핀,85,85.27,8528.73,8528.73,4단위 세번변경기준 또는 체약당사국 내에서 발생한 부가가치가 40퍼센트 이상일 것
한-필리핀,85,85.27,8529.10,8529.10,4단위 세번변경기준 또는 체약당사국 내에서 발생한 부가가치가 40퍼센트 이상일 것
한-필리핀,85,85.27,8529.90,8529.90,6단위 세번변경기준 또는 체약당사국 내에서 발생한 부가가치가 40퍼센트 이상일 것
한-필리핀,85,85.30,,85.30,4단위 세번변경기준 또는 체약당사국 내에서 발생한 부가가치가 40퍼센트 이상일 것
한-필리핀,85,85.30,8531.10,8531.10,4단위 세번변경기준 또는 체약당사국 내에서 발생한 부가가치가 40퍼센트 이상일 것
한-필리핀,85,85.30,8531.20,8531.20,6단위 세번변경기준 또는 체약당사국 내에서 발생한 부가가치가 40퍼센트 이상일 것
한-필리핀,85,85.30,8531.80,8531.80,4단위 세번변경기준 또는 체약당사국 내에서 발생한 부가가치가 40퍼센트 이상일 것
한-필리핀,85,85.30,8531.90,8531.90,4단위 세번변경기준 또는 체약당사국 내에서 발생한 부가가치가 40퍼센트 이상일 것
한-필리핀,85,85.30,8532.10,8532.10,4단위 세번변경기준 또는 체약당사국 내에서 발생한 부가가치가 40퍼센트 이상일 것
한-필리핀,85,85.30,8532.21,8532.21,4단위 세번변경기준 또는 체약당사국 내에서 발생한 부가가치가 40퍼센트 이상일 것
한-필리핀,85,85.30,8532.22,8532.22,6단위 세번변경기준 또는 체약당사국 내에서 발생한 부가가치가 40퍼센트 이상일 것
한-필리핀,85,85.30,8532.23,8532.23,4단위 세번변경기준 또는 체약당사국 내에서 발생한 부가가치가 40퍼센트 이상일 것
한-필리핀,85,85.30,8532.24,8532.24,4단위 세번변경기준 또는 체약당사국 내에서 발생한 부가가치가 40퍼센트 이상일 것
한-필리핀,85,85.30,8532.25,8532.25,4단위 세번변경기준 또는 체약당사국 내에서 발생한 부가가치가 40퍼센트 이상일 것
한-필리핀,85,85.30,8532.29,8532.29,4단위 세번변경기준 또는 체약당사국 내에서 발생한 부가가치가 40퍼센트 이상일 것
한-필리핀,85,85.30,8532.30,8532.30,4단위 세번변경기준 또는 체약당사국 내에서 발생한 부가가치가 40퍼센트 이상일 것
한-필리핀,85,85.30,8532.90,8532.90,4단위 세번변경기준 또는 체약당사국 내에서 발생한 부가가치가 40퍼센트 이상일 것
한-필리핀,85,85.33,,85.33,4단위 세번변경기준 또는 체약당사국 내에서 발생한 부가가치가 40퍼센트 이상일 것
한-필리핀,85,85.34,,85.34,4단위 세번변경기준 또는 체약당사국 내에서 발생한 부가가치가 40퍼센트 이상일 것
한-필리핀,85,85.35,,85.35,4단위 세번변경기준 또는 체약당사국 내에서 발생한 부가가치가 40퍼센트 이상일 것
한-필리핀,85,85.35,8536.10,8536.10,6단위 세번변경기준 또는 체약당사국 내에서 발생한 부가가치가 45퍼센트 이상일 것
한-필리핀,85,85.35,8536.20,8536.20,4단위 세번변경기준 또는 체약당사국 내에서 발생한 부가가치가 40퍼센트 이상일 것
한-필리핀,85,85.35,8536.30,8536.30,4단위 세번변경기준 또는 체약당사국 내에서 발생한 부가가치가 40퍼센트 이상일 것
한-필리핀,85,85.35,8536.41,8536.41,4단위 세번변경기준 또는 체약당사국 내에서 발생한 부가가치가 40퍼센트 이상일 것
한-필리핀,85,85.35,8536.49,8536.49,4단위 세번변경기준 또는 체약당사국 내에서 발생한 부가가치가 40퍼센트 이상일 것
한-필리핀,85,85.35,8536.50,8536.50,4단위 세번변경기준 또는 체약당사국 내에서 발생한 부가가치가 40퍼센트 이상일 것
한-필리핀,85,85.35,8536.61,8536.61,4단위 세번변경기준 또는 체약당사국 내에서 발생한 부가가치가 40퍼센트 이상일 것
한-필리핀,85,85.35,8536.69,8536.69,4단위 세번변경기준 또는 체약당사국 내에서 발생한 부가가치가 40퍼센트 이상일 것
한-필리핀,85,85.35,8536.70,8536.70,4단위 세번변경기준 또는 체약당사국 내에서 발생한 부가가치가 40퍼센트 이상일 것
한-필리핀,85,85.35,8536.90,8536.90,4단위 세번변경기준 또는 체약당사국 내에서 발생한 부가가치가 40퍼센트 이상일 것
한-필리핀,85,85.37,,85.37,4단위 세번변경기준 또는 체약당사국 내에서 발생한 부가가치가 40퍼센트 이상일 것
한-필리핀,85,85.38,,85.38,4단위 세번변경기준 또는 체약당사국 내에서 발생한 부가가치가 40퍼센트 이상일 것
한-필리핀,85,85.38,8539.10,8539.10,4단위 세번변경기준 또는 체약당사국 내에서 발생한 부가가치가 40퍼센트 이상일 것
한-필리핀,85,85.38,8539.21,8539.21,6단위 세번변경기준 또는 체약당사국 내에서 발생한 부가가치가 40퍼센트 이상일 것
한-필리핀,85,85.38,8539.22,8539.22,4단위 세번변경기준 또는 체약당사국 내에서 발생한 부가가치가 40퍼센트 이상일 것
한-필리핀,85,85.38,8539.29,8539.29,4단위 세번변경기준 또는 체약당사국 내에서 발생한 부가가치가 40퍼센트 이상일 것
한-필리핀,85,85.38,8539.31,8539.31,6단위 세번변경기준 또는 체약당사국 내에서 발생한 부가가치가 40퍼센트 이상일 것
한-필리핀,85,85.38,8539.32,8539.32,4단위 세번변경기준 또는 체약당사국 내에서 발생한 부가가치가 40퍼센트 이상일 것
한-필리핀,85,85.38,8539.39,8539.39,4단위 세번변경기준 또는 체약당사국 내에서 발생한 부가가치가 40퍼센트 이상일 것
한-필리핀,85,85.38,8539.41,8539.41,6단위 세번변경기준 또는 체약당사국 내에서 발생한 부가가치가 40퍼센트 이상일 것
한-필리핀,85,85.38,8539.49,8539.49,4단위 세번변경기준 또는 체약당사국 내에서 발생한 부가가치가 40퍼센트 이상일 것
한-필리핀,85,85.38,8539.50,8539.50,6단위 세번변경기준 또는 체약당사국 내에서 발생한 부가가치가 40퍼센트 이상일 것
한-필리핀,85,85.38,8539.90,8539.90,6단위 세번변경기준 또는 체약당사국 내에서 발생한 부가가치가 40퍼센트 이상일 것
한-필리핀,85,85.38,8540.11,8540.11,4단위 세번변경기준 또는 체약당사국 내에서 발생한 부가가치가 40퍼센트 이상일 것
한-필리핀,85,85.38,8540.12,8540.12,4단위 세번변경기준 또는 체약당사국 내에서 발생한 부가가치가 40퍼센트 이상일 것
한-필리핀,85,85.38,8540.20,8540.20,6단위 세번변경기준 또는 체약당사국 내에서 발생한 부가가치가 40퍼센트 이상일 것
한-필리핀,85,85.38,8540.40,8540.40,가. 데이터/그래픽 직시관(display tube)(단색): 4단위 세번변경기준 또는 체약당사국 내에서 발생한 부가가치가 40퍼 센트 이상일 것 나. 제8540.40호의 그 밖의 물품: 6단위 세번변경기준 또는 체약당사국 내에서 발생한 부가가치가 40퍼센트 이상일 것
한-필리핀,85,85.38,8540.60,8540.60,6단위 세번변경기준 또는 체약당사국 내에서 발생한 부가가치가 40퍼센트 이상일 것
한-필리핀,85,85.38,8540.71,8540.71,6단위 세번변경기준 또는 체약당사국 내에서 발생한 부가가치가 45퍼센트 이상일 것
한-필리핀,85,85.38,8540.79,8540.79,가. 속도변조관(klystron): 6단위 세번변경기준 또는 체약당 사국 내에서 발생한 부가가치가 40퍼센트 이상일 것 나. 제8540.79호의 그 밖의 물품: 4단위 세번변경기준 또는 체약당사국 내에서 발생한 부가가치가 40퍼센트 이상일 것
한-필리핀,85,85.38,8540.81,8540.81,4단위 세번변경기준 또는 체약당사국 내에서 발생한 부가가치가 40퍼센트 이상일 것
한-필리핀,85,85.38,8540.89,8540.89,6단위 세번변경기준 또는 체약당사국 내에서 발생한 부가가치가 40퍼센트 이상일 것
한-필리핀,85,85.38,8540.91,8540.91,6단위 세번변경기준 또는 체약당사국 내에서 발생한 부가가치가 40퍼센트 이상일 것
한-필리핀,85,85.38,8540.99,8540.99,4단위 세번변경기준 또는 체약당사국 내에서 발생한 부가가치가 40퍼센트 이상일 것
한-필리핀,85,85.38,8541.10,8541.10,4단위 세번변경기준 또는 체약당사국 내에서 발생한 부가가치가 40퍼센트 이상일 것
한-필리핀,85,85.38,8541.21,8541.21,4단위 세번변경기준 또는 체약당사국 내에서 발생한 부가가치가 40퍼센트 이상일 것
한-필리핀,85,85.38,8541.29,8541.29,4단위 세번변경기준 또는 체약당사국 내에서 발생한 부가가치가 40퍼센트 이상일 것
한-필리핀,85,85.38,8541.30,8541.30,4단위 세번변경기준 또는 체약당사국 내에서 발생한 부가가치가 40퍼센트 이상일 것
한-필리핀,85,85.38,8541.40,8541.40,4단위 세번변경기준 또는 체약당사국 내에서 발생한 부가가치가 40퍼센트 이상일 것
한-필리핀,85,85.38,8541.50,8541.50,4단위 세번변경기준 또는 체약당사국 내에서 발생한 부가가치가 40퍼센트 이상일 것
한-필리핀,85,85.38,8541.60,8541.60,4단위 세번변경기준 또는 체약당사국 내에서 발생한 부가가치가 40퍼센트 이상일 것
한-필리핀,85,85.38,8541.90,8541.90,6단위 세번변경기준 또는 체약당사국 내에서 발생한 부가가치가 40퍼센트 이상일 것
한-필리핀,85,85.38,8542.31,8542.31,6단위 세번변경기준 또는 체약당사국 내에서 발생한 부가가치가 40퍼센트 이상일 것 또는 제8542호의 복합부품집적회 로(MCOs)가 아닌 물품에서 복합부품집적회로(MCOs)로 변 경된 것
한-필리핀,85,85.38,8542.32,8542.32,6단위 세번변경기준 또는 체약당사국 내에서 발생한 부가가치가 40퍼센트 이상일 것 또는 제8542호의 복합부품집적회 로(MCOs)가 아닌 물품에서 복합부품집적회로(MCOs)로 변 경된 것
한-필리핀,85,85.38,8542.33,8542.33,6단위 세번변경기준 또는 체약당사국 내에서 발생한 부가가치가 40퍼센트 이상일 것 또는 제8542호의 복합부품집적회 로(MCOs)가 아닌 물품에서 복합부품집적회로(MCOs)로 변 경된 것
한-필리핀,85,85.38,8542.39,8542.39,6단위 세번변경기준 또는 체약당사국 내에서 발생한 부가가치가 40퍼센트 이상일 것 또는 제8542호의 복합부품집적회 로(MCOs)가 아닌 물품에서 복합부품집적회로(MCOs)로 변 경된 것
한-필리핀,85,85.38,8542.90,8542.90,4단위 세번변경기준 또는 체약당사국 내에서 발생한 부가가치가 40퍼센트 이상일 것 또는 제8542호의 복합부품집적회 로(MCOs)가 아닌 물품에서 복합부품집적회로(MCOs)로 변 경된 것
한-필리핀,85,85.38,8543.10,8543.10,4단위 세번변경기준 또는 체약당사국 내에서 발생한 부가가치가 40퍼센트 이상일 것
한-필리핀,85,85.38,8543.20,8543.20,4단위 세번변경기준 또는 체약당사국 내에서 발생한 부가가치가 40퍼센트 이상일 것
한-필리핀,85,85.38,8543.30,8543.30,4단위 세번변경기준 또는 체약당사국 내에서 발생한 부가가치가 40퍼센트 이상일 것
한-필리핀,85,85.38,8543.70,8543.70,6단위 세번변경기준 또는 체약당사국 내에서 발생한 부가가치가 40퍼센트 이상일 것
한-필리핀,85,85.38,8543.90,8543.90,4단위 세번변경기준 또는 체약당사국 내에서 발생한 부가가치가 40퍼센트 이상일 것
한-필리핀,85,85.44,,85.44,4단위 세번변경기준 또는 체약당사국 내에서 발생한 부가가치가 40퍼센트 이상일 것
한-필리핀,85,85.45,,85.45,4단위 세번변경기준 또는 체약당사국 내에서 발생한 부가가치가 40퍼센트 이상일 것
한-필리핀,85,85.46,,85.46,4단위 세번변경기준 또는 체약당사국 내에서 발생한 부가가치가 40퍼센트 이상일 것
한-필리핀,85,85.47,,85.47,4단위 세번변경기준 또는 체약당사국 내에서 발생한 부가가치가 40퍼센트 이상일 것
한-필리핀,85,85.48,,85.48,4단위 세번변경기준 또는 체약당사국 내에서 발생한 부가가치가 40퍼센트 이상일 것
한-필리핀,86,,,86,4단위 세번변경기준 또는 체약당사국 내에서 발생한 부가가치가 40퍼센트 이상일 것
한-필리핀,87,87.01,,87.01,4단위 세번변경기준 또는 체약당사국 내에서 발생한 부가가치가 40퍼센트 이상일 것
한-필리핀,87,87.02,,87.02,체약당사국 내에서 발생한 부가가치가 45퍼센트 이상일 것
한-필리핀,87,87.02,8703.10,8703.10,4단위 세번변경기준 또는 체약당사국 내에서 발생한 부가가치가 40퍼센트 이상일 것
한-필리핀,87,87.02,8703.21,8703.21,체약당사국 내에서 발생한 부가가치가 45퍼센트 이상일 것
한-필리핀,87,87.02,8703.22,8703.22,체약당사국 내에서 발생한 부가가치가 45퍼센트 이상일 것
한-필리핀,87,87.02,8703.23,8703.23,체약당사국 내에서 발생한 부가가치가 45퍼센트 이상일 것
한-필리핀,87,87.02,8703.24,8703.24,체약당사국 내에서 발생한 부가가치가 45퍼센트 이상일 것
한-필리핀,87,87.02,8703.31,8703.31,체약당사국 내에서 발생한 부가가치가 45퍼센트 이상일 것
한-필리핀,87,87.02,8703.32,8703.32,체약당사국 내에서 발생한 부가가치가 45퍼센트 이상일 것
한-필리핀,87,87.02,8703.33,8703.33,체약당사국 내에서 발생한 부가가치가 45퍼센트 이상일 것
한-필리핀,87,87.02,8703.40,8703.40,체약당사국 내에서 발생한 부가가치가 45퍼센트 이상일 것
한-필리핀,87,87.02,8703.50,8703.50,체약당사국 내에서 발생한 부가가치가 45퍼센트 이상일 것
한-필리핀,87,87.02,8703.60,8703.60,체약당사국 내에서 발생한 부가가치가 45퍼센트 이상일 것
한-필리핀,87,87.02,8703.70,8703.70,체약당사국 내에서 발생한 부가가치가 45퍼센트 이상일 것
한-필리핀,87,87.02,8703.80,8703.80,체약당사국 내에서 발생한 부가가치가 45퍼센트 이상일 것
한-필리핀,87,87.02,8703.90,8703.90,체약당사국 내에서 발생한 부가가치가 45퍼센트 이상일 것
한-필리핀,87,87.04,,87.04,체약당사국 내에서 발생한 부가가치가 45퍼센트 이상일 것
한-필리핀,87,87.05,,87.05,4단위 세번변경기준 또는 체약당사국 내에서 발생한 부가가치가 40퍼센트 이상일 것
한-필리핀,87,87.06,,87.06,4단위 세번변경기준 또는 체약당사국 내에서 발생한 부가가치가 40퍼센트 이상일 것
한-필리핀,87,87.07,,87.07,4단위 세번변경기준 또는 체약당사국 내에서 발생한 부가가치가 40퍼센트 이상일 것
한-필리핀,87,87.07,8708.10,8708.10,4단위 세번변경기준 또는 체약당사국 내에서 발생한 부가가치가 40퍼센트 이상일 것
한-필리핀,87,87.07,8708.21,8708.21,4단위 세번변경기준 또는 체약당사국 내에서 발생한 부가가치가 40퍼센트 이상일 것
한-필리핀,87,87.07,8708.29,8708.29,4단위 세번변경기준 또는 체약당사국 내에서 발생한 부가가치가 40퍼센트 이상일 것
한-필리핀,87,87.07,8708.30,8708.30,4단위 세번변경기준 또는 체약당사국 내에서 발생한 부가가치가 40퍼센트 이상일 것
한-필리핀,87,87.07,8708.40,8708.40,가. 기어박스: 4단위 세번변경기준 또는 체약당사국 내에서 발생한 부가가치가 40퍼센트 이상일 것 나. 부분품: 체약당사국 내에서 발생한 부가가치가 45퍼센트 이상일 것
한-필리핀,87,87.07,8708.50,8708.50,가. 차동장치를 갖춘 구동 차축 및 비구동 차축: 4단위 세번 변경기준 또는 체약당사국 내에서 발생한 부가가치가 40 퍼센트 이상일 것 나. 부분품: 체약당사국 내에서 발생한 부가가치가 45퍼센트 이상일 것
한-필리핀,87,87.07,8708.70,8708.70,4단위 세번변경기준 또는 체약당사국 내에서 발생한 부가가치가 40퍼센트 이상일 것
한-필리핀,87,87.07,8708.80,8708.80,가. 서스펜션 시스템(쇼크업소버를 포함한다): 4단위 세번변경기준 또는 체약당사국 내에서 발생한 부가가치가 40퍼 센트 이상일 것 나. 부분품: 체약당사국 내에서 발생한 부가가치가 45퍼센트 이상일 것
한-필리핀,87,87.07,8708.91,8708.91,가. 방열기: 4단위 세번변경기준 또는 체약당사국 내에서 발 생한 부가가치가 40퍼센트 이상일 것 나. 부분품: 체약당사국 내에서 발생한 부가가치가 45퍼센트 이상일 것
한-필리핀,87,87.07,8708.92,8708.92,가. 소음기(머플러)와 배기관: 4단위 세번변경기준 또는 체약 당사국 내에서 발생한 부가가치가 40퍼센트 이상일 것 나. 부분품: 체약당사국 내에서 발생한 부가가치가 45퍼센트 이상일 것
한-필리핀,87,87.07,8708.93,8708.93,4단위 세번변경기준 또는 체약당사국 내에서 발생한 부가가치가 40퍼센트 이상일 것
한-필리핀,87,87.07,8708.94,8708.94,체약당사국 내에서 발생한 부가가치가 45퍼센트 이상일 것
한-필리핀,87,87.07,8708.95,8708.95,체약당사국 내에서 발생한 부가가치가 45퍼센트 이상일 것
한-필리핀,87,87.07,8708.99,8708.99,체약당사국 내에서 발생한 부가가치가 45퍼센트 이상일 것
한-필리핀,87,87.09,,87.09,4단위 세번변경기준 또는 체약당사국 내에서 발생한 부가가치가 40퍼센트 이상일 것
한-필리핀,87,87.10,,87.10,4단위 세번변경기준 또는 체약당사국 내에서 발생한 부가가치가 40퍼센트 이상일 것
한-필리핀,87,87.11,,87.11,체약당사국 내에서 발생한 부가가치가 45퍼센트 이상일 것
한-필리핀,87,87.12,,87.12,4단위 세번변경기준 또는 체약당사국 내에서 발생한 부가가치가 40퍼센트 이상일 것
한-필리핀,87,87.13,,87.13,4단위 세번변경기준 또는 체약당사국 내에서 발생한 부가가치가 40퍼센트 이상일 것
한-필리핀,87,87.14,,87.14,4단위 세번변경기준 또는 체약당사국 내에서 발생한 부가가치가 40퍼센트 이상일 것
한-필리핀,87,87.15,,87.15,4단위 세번변경기준 또는 체약당사국 내에서 발생한 부가가치가 40퍼센트 이상일 것
한-필리핀,87,87.16,,87.16,4단위 세번변경기준 또는 체약당사국 내에서 발생한 부가가치가 40퍼센트 이상일 것
한-필리핀,88,,,88,4단위 세번변경기준 또는 체약당사국 내에서 발생한 부가가치가 40퍼센트 이상일 것
한-필리핀,89,89.01,,89.01,4단위 세번변경기준 또는 체약당사국 내에서 발생한 부가가치가 40퍼센트 이상일 것
한-필리핀,89,89.02,,89.02,4단위 세번변경기준 또는 체약당사국 내에서 발생한 부가가치가 40퍼센트 이상일 것
한-필리핀,89,89.03,,89.03,4단위 세번변경기준 또는 체약당사국 내에서 발생한 부가가치가 40퍼센트 이상일 것
한-필리핀,89,89.04,,89.04,4단위 세번변경기준 또는 체약당사국 내에서 발생한 부가가치가 40퍼센트 이상일 것
한-필리핀,89,89.05,,89.05,4단위 세번변경기준 또는 체약당사국 내에서 발생한 부가가치가 40퍼센트 이상일 것
한-필리핀,89,89.06,,89.06,4단위 세번변경기준 또는 체약당사국 내에서 발생한 부가가치가 40퍼센트 이상일 것
한-필리핀,89,89.06,8907.10,8907.10,4단위 세번변경기준 또는 체약당사국 내에서 발생한 부가가치가 50퍼센트 이상일 것
한-필리핀,89,89.06,8907.90,8907.90,4단위 세번변경기준 또는 체약당사국 내에서 발생한 부가가치가 40퍼센트 이상일 것
한-필리핀,89,89.08,,89.08,4단위 세번변경기준 또는 체약당사국 내에서 발생한 부가가치가 40퍼센트 이상일 것
한-필리핀,90,90.01,,90.01,4단위 세번변경기준 또는 체약당사국 내에서 발생한 부가가치가 40퍼센트 이상일 것
한-필리핀,90,90.01,9002.11,9002.11,6단위 세번변경기준 또는 체약당사국 내에서 발생한 부가가치가 40퍼센트 이상일 것
한-필리핀,90,90.01,9002.19,9002.19,6단위 세번변경기준 또는 체약당사국 내에서 발생한 부가가치가 40퍼센트 이상일 것
한-필리핀,90,90.01,9002.20,9002.20,4단위 세번변경기준 또는 체약당사국 내에서 발생한 부가가치가 40퍼센트 이상일 것
한-필리핀,90,90.01,9002.90,9002.90,4단위 세번변경기준 또는 체약당사국 내에서 발생한 부가가치가 40퍼센트 이상일 것
한-필리핀,90,90.01,9003.11,9003.11,4단위 세번변경기준 또는 체약당사국 내에서 발생한 부가가치가 40퍼센트 이상일 것
한-필리핀,90,90.01,9003.19,9003.19,6단위 세번변경기준 또는 체약당사국 내에서 발생한 부가가치가 40퍼센트 이상일 것
한-필리핀,90,90.01,9003.90,9003.90,4단위 세번변경기준 또는 체약당사국 내에서 발생한 부가가치가 40퍼센트 이상일 것
한-필리핀,90,90.04,,90.04,4단위 세번변경기준 또는 체약당사국 내에서 발생한 부가가치가 40퍼센트 이상일 것
한-필리핀,90,90.05,,90.05,4단위 세번변경기준 또는 체약당사국 내에서 발생한 부가가치가 40퍼센트 이상일 것
한-필리핀,90,90.05,9006.30,9006.30,4단위 세번변경기준 또는 체약당사국 내에서 발생한 부가가치가 40퍼센트 이상일 것
한-필리핀,90,90.05,9006.40,9006.40,4단위 세번변경기준 또는 체약당사국 내에서 발생한 부가가치가 40퍼센트 이상일 것
한-필리핀,90,90.05,9006.51,9006.51,4단위 세번변경기준 또는 체약당사국 내에서 발생한 부가가치가 40퍼센트 이상일 것
한-필리핀,90,90.05,9006.52,9006.52,4단위 세번변경기준 또는 체약당사국 내에서 발생한 부가가치가 40퍼센트 이상일 것
한-필리핀,90,90.05,9006.53,9006.53,4단위 세번변경기준 또는 체약당사국 내에서 발생한 부가가치가 40퍼센트 이상일 것
한-필리핀,90,90.05,9006.59,9006.59,6단위 세번변경기준 또는 체약당사국 내에서 발생한 부가가치가 40퍼센트 이상일 것
한-필리핀,90,90.05,9006.61,9006.61,4단위 세번변경기준 또는 체약당사국 내에서 발생한 부가가치가 40퍼센트 이상일 것
한-필리핀,90,90.05,9006.69,9006.69,4단위 세번변경기준 또는 체약당사국 내에서 발생한 부가가치가 40퍼센트 이상일 것
한-필리핀,90,90.05,9006.91,9006.91,4단위 세번변경기준 또는 체약당사국 내에서 발생한 부가가치가 40퍼센트 이상일 것
한-필리핀,90,90.05,9006.99,9006.99,4단위 세번변경기준 또는 체약당사국 내에서 발생한 부가가치가 40퍼센트 이상일 것
한-필리핀,90,90.07,,90.07,4단위 세번변경기준 또는 체약당사국 내에서 발생한 부가가치가 40퍼센트 이상일 것
한-필리핀,90,90.08,,90.08,4단위 세번변경기준 또는 체약당사국 내에서 발생한 부가가치가 40퍼센트 이상일 것
한-필리핀,90,90.10,,90.10,4단위 세번변경기준 또는 체약당사국 내에서 발생한 부가가치가 40퍼센트 이상일 것
한-필리핀,90,90.11,,90.11,4단위 세번변경기준 또는 체약당사국 내에서 발생한 부가가치가 40퍼센트 이상일 것
한-필리핀,90,90.12,,90.12,4단위 세번변경기준 또는 체약당사국 내에서 발생한 부가가치가 40퍼센트 이상일 것
한-필리핀,90,90.13,,90.13,4단위 세번변경기준 또는 체약당사국 내에서 발생한 부가가치가 40퍼센트 이상일 것
한-필리핀,90,90.14,,90.14,4단위 세번변경기준 또는 체약당사국 내에서 발생한 부가가치가 40퍼센트 이상일 것
한-필리핀,90,90.15,,90.15,4단위 세번변경기준 또는 체약당사국 내에서 발생한 부가가치가 40퍼센트 이상일 것
한-필리핀,90,90.16,,90.16,4단위 세번변경기준 또는 체약당사국 내에서 발생한 부가가치가 40퍼센트 이상일 것
한-필리핀,90,90.17,,90.17,4단위 세번변경기준 또는 체약당사국 내에서 발생한 부가가치가 40퍼센트 이상일 것
한-필리핀,90,90.18,,90.18,4단위 세번변경기준 또는 체약당사국 내에서 발생한 부가가치가 40퍼센트 이상일 것
한-필리핀,90,90.19,,90.19,4단위 세번변경기준 또는 체약당사국 내에서 발생한 부가가치가 40퍼센트 이상일 것
한-필리핀,90,90.20,,90.20,4단위 세번변경기준 또는 체약당사국 내에서 발생한 부가가치가 40퍼센트 이상일 것
한-필리핀,90,90.21,,90.21,4단위 세번변경기준 또는 체약당사국 내에서 발생한 부가가치가 40퍼센트 이상일 것
한-필리핀,90,90.22,,90.22,4단위 세번변경기준 또는 체약당사국 내에서 발생한 부가가치가 40퍼센트 이상일 것
한-필리핀,90,90.23,,90.23,4단위 세번변경기준 또는 체약당사국 내에서 발생한 부가가치가 40퍼센트 이상일 것
한-필리핀,90,90.24,,90.24,4단위 세번변경기준 또는 체약당사국 내에서 발생한 부가가치가 40퍼센트 이상일 것
한-필리핀,90,90.25,,90.25,4단위 세번변경기준 또는 체약당사국 내에서 발생한 부가가치가 40퍼센트 이상일 것
한-필리핀,90,90.26,,90.26,4단위 세번변경기준 또는 체약당사국 내에서 발생한 부가가치가 40퍼센트 이상일 것
한-필리핀,90,90.27,,90.27,4단위 세번변경기준 또는 체약당사국 내에서 발생한 부가가치가 40퍼센트 이상일 것
한-필리핀,90,90.28,,90.28,4단위 세번변경기준 또는 체약당사국 내에서 발생한 부가가치가 40퍼센트 이상일 것
한-필리핀,90,90.28,9029.10,9029.10,4단위 세번변경기준 또는 체약당사국 내에서 발생한 부가가치가 40퍼센트 이상일 것
한-필리핀,90,90.28,9029.20,9029.20,6단위 세번변경기준 또는 체약당사국 내에서 발생한 부가가치가 40퍼센트 이상일 것
한-필리핀,90,90.28,9029.90,9029.90,4단위 세번변경기준 또는 체약당사국 내에서 발생한 부가가치가 40퍼센트 이상일 것
한-필리핀,90,90.28,9030.10,9030.10,4단위 세번변경기준 또는 체약당사국 내에서 발생한 부가가치가 40퍼센트 이상일 것
한-필리핀,90,90.28,9030.20,9030.20,4단위 세번변경기준 또는 체약당사국 내에서 발생한 부가가치가 40퍼센트 이상일 것
한-필리핀,90,90.28,9030.31,9030.31,4단위 세번변경기준 또는 체약당사국 내에서 발생한 부가가치가 40퍼센트 이상일 것
한-필리핀,90,90.28,9030.32,9030.32,4단위 세번변경기준 또는 체약당사국 내에서 발생한 부가가치가 40퍼센트 이상일 것
한-필리핀,90,90.28,9030.33,9030.33,4단위 세번변경기준 또는 체약당사국 내에서 발생한 부가가치가 40퍼센트 이상일 것
한-필리핀,90,90.28,9030.39,9030.39,4단위 세번변경기준 또는 체약당사국 내에서 발생한 부가가치가 40퍼센트 이상일 것
한-필리핀,90,90.28,9030.40,9030.40,4단위 세번변경기준 또는 체약당사국 내에서 발생한 부가가치가 40퍼센트 이상일 것
한-필리핀,90,90.28,9030.82,9030.82,6단위 세번변경기준 또는 체약당사국 내에서 발생한 부가가치가 40퍼센트 이상일 것
한-필리핀,90,90.28,9030.84,9030.84,4단위 세번변경기준 또는 체약당사국 내에서 발생한 부가가치가 40퍼센트 이상일 것
한-필리핀,90,90.28,9030.89,9030.89,4단위 세번변경기준 또는 체약당사국 내에서 발생한 부가가치가 40퍼센트 이상일 것
한-필리핀,90,90.28,9030.90,9030.90,4단위 세번변경기준 또는 체약당사국 내에서 발생한 부가가치가 40퍼센트 이상일 것
한-필리핀,90,90.31,,90.31,4단위 세번변경기준 또는 체약당사국 내에서 발생한 부가가치가 40퍼센트 이상일 것
한-필리핀,90,90.31,9032.10,9032.10,4단위 세번변경기준 또는 체약당사국 내에서 발생한 부가가치가 40퍼센트 이상일 것
한-필리핀,90,90.31,9032.20,9032.20,4단위 세번변경기준 또는 체약당사국 내에서 발생한 부가가치가 40퍼센트 이상일 것
한-필리핀,90,90.31,9032.81,9032.81,4단위 세번변경기준 또는 체약당사국 내에서 발생한 부가가치가 40퍼센트 이상일 것
한-필리핀,90,90.31,9032.89,9032.89,6단위 세번변경기준 또는 체약당사국 내에서 발생한 부가가치가 40퍼센트 이상일 것
한-필리핀,90,90.31,9032.90,9032.90,4단위 세번변경기준 또는 체약당사국 내에서 발생한 부가가치가 40퍼센트 이상일 것
한-필리핀,90,90.33,,90.33,4단위 세번변경기준 또는 체약당사국 내에서 발생한 부가가치가 40퍼센트 이상일 것
한-필리핀,91,,,91,4단위 세번변경기준 또는 체약당사국 내에서 발생한 부가가치가 40퍼센트 이상일 것
한-필리핀,92,,,92,4단위 세번변경기준 또는 체약당사국 내에서 발생한 부가가치가 40퍼센트 이상일 것
한-필리핀,93,,,93,4단위 세번변경기준 또는 체약당사국 내에서 발생한 부가가치가 40퍼센트 이상일 것
한-필리핀,94,94.01,,94.01,4단위 세번변경기준 또는 체약당사국 내에서 발생한 부가가치가 40퍼센트 이상일 것
한-필리핀,94,94.02,,94.02,4단위 세번변경기준 또는 체약당사국 내에서 발생한 부가가치가 40퍼센트 이상일 것
한-필리핀,94,94.02,9403.10,9403.10,4단위 세번변경기준 또는 체약당사국 내에서 발생한 부가가치가 40퍼센트 이상일 것
한-필리핀,94,94.02,9403.20,9403.20,4단위 세번변경기준 또는 체약당사국 내에서 발생한 부가가치가 40퍼센트 이상일 것
한-필리핀,94,94.02,9403.30,9403.30,체약당사국 내에서 발생한 부가가치가 60퍼센트 이상일 것
한-필리핀,94,94.02,9403.40,9403.40,체약당사국 내에서 발생한 부가가치가 60퍼센트 이상일 것
한-필리핀,94,94.02,9403.50,9403.50,체약당사국 내에서 발생한 부가가치가 60퍼센트 이상일 것
한-필리핀,94,94.02,9403.60,9403.60,체약당사국 내에서 발생한 부가가치가 60퍼센트 이상일 것
한-필리핀,94,94.02,9403.70,9403.70,4단위 세번변경기준 또는 체약당사국 내에서 발생한 부가가치가 40퍼센트 이상일 것
한-필리핀,94,94.02,9403.82,9403.82,4단위 세번변경기준 또는 체약당사국 내에서 발생한 부가가치가 40퍼센트 이상일 것
한-필리핀,94,94.02,9403.83,9403.83,4단위 세번변경기준 또는 체약당사국 내에서 발생한 부가가치가 40퍼센트 이상일 것
한-필리핀,94,94.02,9403.89,9403.89,4단위 세번변경기준 또는 체약당사국 내에서 발생한 부가가치가 40퍼센트 이상일 것
한-필리핀,94,94.02,9403.90,9403.90,4단위 세번변경기준 또는 체약당사국 내에서 발생한 부가가치가 40퍼센트 이상일 것
한-필리핀,94,94.04,,94.04,4단위 세번변경기준 또는 체약당사국 내에서 발생한 부가가치가 40퍼센트 이상일 것
한-필리핀,94,94.05,,94.05,4단위 세번변경기준 또는 체약당사국 내에서 발생한 부가가치가 40퍼센트 이상일 것
한-필리핀,94,94.06,,94.06,4단위 세번변경기준 또는 체약당사국 내에서 발생한 부가가치가 40퍼센트 이상일 것
한-필리핀,95,,,95,4단위 세번변경기준 또는 체약당사국 내에서 발생한 부가가치가 40퍼센트 이상일 것
한-필리핀,96,,,96,4단위 세번변경기준 또는 체약당사국 내에서 발생한 부가가치가 40퍼센트 이상일 것
한-필리핀,97,,,97,4단위 세번변경기준 또는 체약당사국 내에서 발생한 부가가치가 40퍼센트 이상일 것
한-UAE,01,,,01,완전생산기준
한-UAE,09,,,09,"완전생산기준 다만, 이 류에 분류되는 물품 중 아래 호에 해당하는 물 품에 대해서는 각 해당 기준을 적용한다."
한-UAE,09,09.01,,09.01,6단위 세번변경기준
한-UAE,10,,,10,완전생산기준
한-UAE,11,,,11,"완전생산기준 다만, 이 류에 분류되는 물품 중 아래 호 및 소호에 해당 하는 물품에 대해서는 각 해당 기준을 적용한다."
한-UAE,11,11.01,,11.01,2단위 세번변경기준(제1006호의 것은 제외한다)
한-UAE,11,11.01,1103.11,1103.11,2단위 세번변경기준(제1006호의 것은 제외한다)
한-UAE,12,,,12,완전생산기준
한-UAE,13,,,13,"4단위 세번변경기준(제1211.20호의 인삼제품은 제외한다) 다만, 이 류에 분류되는 물품 중 아래 호에 해당하는 물 품에 대해서는 각 해당 기준을 적용한다."
한-UAE,13,13.01,,13.01,완전생산기준
한-UAE,14,,,14,완전생산기준
한-UAE,15,,,15,"4단위 세번변경기준 다만, 이 류에 분류되는 물품 중 아래 호에 해당하는 물 품에 대해서는 각 해당 기준을 적용한다."
한-UAE,15,15.07,,15.07,6단위 세번변경기준
한-UAE,15,16.01,,16.01,2단위 세번변경기준 또는 인정가치포함비율이 40퍼센트
한-UAE,15,16.03,,16.03,이상일 것
한-UAE,15,17.01,,17.01,"2단위 세번변경기준 또는 인정가치포함비율이 40퍼센트 이상일 것 다만, 이 호에 분류되는 물품 중 아래 소호에 해당하는 물품에 대해서는 각 해당 기준을 적용한다."
한-UAE,15,17.01,1701.99,1701.99,6단위 세번변경기준
한-UAE,15,17.02,,17.02,2단위 세번변경기준 또는 인정가치포함비율이 40퍼센트
한-UAE,15,17.03,,17.03,이상일 것
한-UAE,15,17.03,1901.10,1901.10,2단위 세번변경기준(제4류의 재료는 제외한다) 또는 인정가 치포함비율이 40퍼센트 이상일 것(제4류의 재료는 제외한 다)
한-UAE,20,,,20,"2단위 세번변경기준 또는 인정가치포함비율이 40퍼센트 이상일 것 다만, 이 류에 분류되는 물품 중 아래 소호에 해당하는 물품에 대해서는 각 해당 기준을 적용한다."
한-UAE,20,,2008.99,2008.99,1. 김: 2단위 세번변경기준(제1212.21호 및 제1212.29호 의 것은 제외한다) 2. 제1호 외의 경우: 2단위 세번변경기준 또는 인정가치 포함비율이 40퍼센트 이상일 것
한-UAE,20,,2106.90,2106.90,2단위 세번변경기준(제1211.20호의 인삼제품 및 제1302.19호 의 인삼제품은 제외한다) 또는 인정가치포함비율이 40퍼센트 이상일 것
한-UAE,20,22.01,,22.01,완전생산기준
한-UAE,20,22.01,2202.99,2202.99,2단위 세번변경기준(제1211.20호의 인삼제품 및 제1302.19호 의 인삼제품은 제외한다) 또는 인정가치포함비율이 40퍼센트 이상일 것
한-UAE,20,24.01,,24.01,완전생산기준
한-UAE,25,,,25,"6단위 세번변경기준 또는 인정가치포함비율이 40퍼센트 이상일 것 다만, 이 류에 분류되는 물품 중 아래 호에 해당하는 물 품에 대해서는 각 해당 기준을 적용한다."
한-UAE,25,25.01,,25.01,완전생산기준
한-UAE,25,27.10,,27.10,다음 각 호의 어느 하나에 해당하는 기준 1. 4단위 세번변경기준 또는 인정가치포함비율이 40퍼센 트 이상일 것 2. 다음 공정 중 어느 하나를 거친 것 가. 제1호라목3)에 따른 화학 반응 나. 상압증류법(석유가 증류탑에서 끓는점에 따라 분획 된 후 그 증기가 응축하여 상이한 액화 분획물이 되 는 분리공정) 다. 감압증류법(대기압보다는 낮으나 분자증류법으로 분 류될 정도로 낮지 않은 압력에서 증류됨)
한-UAE,28,,,28,6단위 세번변경기준 또는 인정가치포함비율이 40퍼센트
한-UAE,30,,,30,이상일 것
한-UAE,32,,,32,6단위 세번변경기준 또는 인정가치포함비율이 30퍼센트 이상일 것
한-UAE,33,,,33,6단위 세번변경기준 또는 인정가치포함비율이 40퍼센트
한-UAE,34,,,34,이상일 것
한-UAE,38,,,38,"6단위 세번변경기준 또는 인정가치포함비율이 40퍼센트 이상일 것 다만, 이 류에 분류되는 물품 중 아래 호에 해당하는 물 품에 대해서는 각 해당 기준을 적용한다."
한-UAE,38,38.25,,38.25,완전생산기준
한-UAE,38,40.01,,40.01,완전생산기준
한-UAE,38,50.01,,50.01,완전생산기준
한-UAE,71,,,71,"6단위 세번변경기준 또는 인정가치포함비율이 40퍼센트 이상일 것 다만, 이 류에 분류되는 물품 중 아래 호 및 소호에 해당 하는 물품에 대해서는 각 해당 기준을 적용한다."
한-UAE,71,,7101.10,7101.10,완전생산기준
한-UAE,71,71.06,,71.06,1. 가공하지 않은 귀금속: 다음 중 어느 하나에 해당하는
한-UAE,71,71.10,,71.10,"가. 6단위 세번변경기준 나. 전해, 열 또는 화학적 분리 공정을 거친 것 다. 제7106호ㆍ제7108호 또는 제7110호 귀금속 상호간 또는 비금속과 융합 또는 합금(융합과 합금 모두를 거친 경우도 포함한다)을 거친 것 라. 제련 공정을 거친 것 2. 제1호 외의 경우: 6단위 세번변경기준 또는 인정가치 포함비율이 40퍼센트 이상일 것"
한-UAE,81,,,81,6단위 세번변경기준 또는 인정가치포함비율이 40퍼센트 이상일 것
한-UAE,84,,,84,1. 물품과 그 부분품 또는 부속품이 동일한 호에 분류되
한-UAE,85,,,85,는 경우: 6단위 세번변경기준 또는 인정가치포함비율이
한-UAE,87,,,87,40퍼센트 이상일 것
한-UAE,90,,,90,2. 제1호 외의 경우: 4단위 세번변경기준 또는 인정가치
한-UAE,94,,,94,포함비율이 40퍼센트 이상일 것
한-에콰도르,01,,,01,완전생산기준
한-에콰도르,03,,,03,완전생산기준
한-에콰도르,06,,,06,완전생산기준
한-에콰도르,11,,,11,"2단위 세번변경기준(제0701호, 제0710호, 제0714호 또는 제1006호의 것은 제외한다)"
한-에콰도르,12,,,12,완전생산기준
한-에콰도르,15,,,15,2단위 세번변경기준 또는 역내가치포함비율이 40퍼센트 이 상일 것
한-에콰도르,16,,,16,"2단위 세번변경기준 다만, 이 류에 분류되는 물품 중 아래 호 및 소호에 해당 하는 물품에 대해서는 각 해당 기준을 적용한다."
한-에콰도르,16,16.03,,16.03,2단위 세번변경기준(제3류의 것은 제외한다)
한-에콰도르,16,16.04,,16.04,"2단위 세번변경기준(제3류의 것은 제외한다) 다만, 이 호에 분류되는 물품 중 아래 소호에 해당하는 물 품에 대해서는 각 해당 기준을 적용한다."
한-에콰도르,16,16.04,1604.20,1604.20,2단위 세번변경기준
한-에콰도르,16,16.05,,16.05,"2단위 세번변경기준(제3류의 것은 제외한다) 다만, 이 호에 분류되는 물품 중 아래 소호에 해당하는 물 품에 대해서는 각 해당 기준을 적용한다."
한-에콰도르,16,16.05,1605.54,1605.54,2단위 세번변경기준
한-에콰도르,17,,,17,"2단위 세번변경기준 다만, 이 류에 분류되는 물품 중 아래 호에 해당하는 물품 에 대해서는 각 해당 기준을 적용한다."
한-에콰도르,17,17.03,,17.03,2단위 세번변경기준(제12류의 것은 제외한다)
한-에콰도르,17,17.04,,17.04,4단위 세번변경기준 또는 역내가치포함비율이 40퍼센트 이 상일 것
한-에콰도르,18,,,18,"4단위 세번변경기준 또는 역내가치포함비율이 40퍼센트 이 상일 것 다만, 이 류에 분류되는 물품 중 아래 호에 해당하는 물품 에 대해서는 각 해당 기준을 적용한다."
한-에콰도르,18,18.01,,18.01,2단위 세번변경기준
한-에콰도르,19,,,19,"2단위 세번변경기준 또는 역내가치포함비율이 40퍼센트 이 상일 것 다만, 이 류에 분류되는 물품 중 아래 호 및 소호에 해당 하는 물품에 대해서는 각 해당 기준을 적용한다."
한-에콰도르,19,,1901.10,1901.10,2단위 세번변경기준(제4류의 것은 제외한다)
한-에콰도르,19,19.05,,19.05,4단위 세번변경기준 또는 역내가치포함비율이 40퍼센트 이 상일 것
한-에콰도르,20,,,20,"2단위 세번변경기준 또는 역내가치포함비율이 40퍼센트 이 상일 것 다만, 이 류에 분류되는 물품 중 아래 소호에 해당하는 물 품에 대해서는 각 해당 기준을 적용한다."
한-에콰도르,20,,2003.90,2003.90,2단위 세번변경기준
한-에콰도르,20,,2008.99,2008.99,1. 김: 2단위 세번변경기준(제1212.21호 또는 제1212.29호의 것은 제외한다) 2. 제1호 외의 경우: 2단위 세번변경기준
한-에콰도르,21,,,21,"2단위 세번변경기준 또는 역내가치포함비율이 40퍼센트 이 상일 것 다만, 이 류에 분류되는 물품 중 아래 소호에 해당하는 물 품에 대해서는 각 해당 기준을 적용한다."
한-에콰도르,21,,2106.90,2106.90,2단위 세번변경기준(제1211.20호 또는 제1302.19호의 것은 제외한다) 또는 역내가치포함비율이 40퍼센트 이상일 것
한-에콰도르,22,,,22,"4단위 세번변경기준 또는 역내가치포함비율이 40퍼센트 이 상일 것 다만, 이 류에 분류되는 물품 중 아래 호 및 소호에 해당 하는 물품에 대해서는 각 해당 기준을 적용한다."
한-에콰도르,22,,2202.99,2202.99,2단위 세번변경기준(제1211.20호 또는 제1302.19호의 것은 제외한다) 또는 역내가치포함비율이 40퍼센트 이상일 것
한-에콰도르,22,,2204.21,2204.21,4단위 세번변경기준
한-에콰도르,22,22.05,,22.05,4단위 세번변경기준
한-에콰도르,22,22.07,,22.07,2단위 세번변경기준(제1703호의 것은 제외한다)
한-에콰도르,23,,,23,"2단위 세번변경기준 또는 역내가치포함비율이 40퍼센트 이 상일 것 다만, 이 류에 분류되는 물품 중 아래 호에 해당하는 물품 에 대해서는 각 해당 기준을 적용한다."
한-에콰도르,23,23.09,,23.09,4단위 세번변경기준 또는 역내가치포함비율이 40퍼센트 이 상일 것
한-에콰도르,24,,,24,"4단위 세번변경기준 또는 역내가치포함비율이 40퍼센트 이 상일 것 다만, 이 류에 분류되는 물품 중 아래 호에 해당하는 물품 에 대해서는 각 해당 기준을 적용한다."
한-에콰도르,24,24.01,,24.01,2단위 세번변경기준
한-에콰도르,25,,,25,"4단위 세번변경기준 또는 역내가치포함비율이 40퍼센트 이 상일 것 다만, 이 류에 분류되는 물품 중 아래 호 및 소호에 해당 하는 물품에 대해서는 각 해당 기준을 적용한다."
한-에콰도르,25,25.01,,25.01,2단위 세번변경기준
한-에콰도르,25,25.14,,25.14,4단위 세번변경기준
한-에콰도르,25,25.16,2517.49,2517.49,4단위 세번변경기준
한-에콰도르,26,,,26,4단위 세번변경기준
한-에콰도르,27,,,27,4단위 세번변경기준 또는 역내가치포함비율이 40퍼센트 이 상일 것
한-에콰도르,28,,,28,"4단위 세번변경기준 또는 역내가치포함비율이 40퍼센트 이 상일 것 다만, 이 류에 분류되는 물품 중 아래 소호에 해당하는 물 품에 대해서는 각 해당 기준을 적용한다."
한-에콰도르,28,,2804.61,2804.61,6단위 세번변경기준 또는 역내가치포함비율이 40퍼센트 이 상일 것
한-에콰도르,29,,,29,6단위 세번변경기준 또는 역내가치포함비율이 40퍼센트 이 상일 것
한-에콰도르,30,,,30,"4단위 세번변경기준 또는 역내가치포함비율이 40퍼센트 이 상일 것 다만, 이 류에 분류되는 물품 중 아래 호에 해당하는 물품 에 대해서는 각 해당 기준을 적용한다."
한-에콰도르,30,30.04,,30.04,4단위 세번변경기준(제3003호의 것은 제외한다) 또는 역내 가치포함비율이 40퍼센트 이상일 것
한-에콰도르,31,,,31,"6단위 세번변경기준 또는 역내가치포함비율이 40퍼센트 이 상일 것 다만, 이 류에 분류되는 물품 중 아래 호에 해당하는 물품 에 대해서는 각 해당 기준을 적용한다."
한-에콰도르,31,31.05,,31.05,4단위 세번변경기준(제3102호부터 제3104호까지의 것은 제 외한다) 또는 역내가치포함비율이 40퍼센트 이상일 것
한-에콰도르,32,,,32,"4단위 세번변경기준 또는 역내가치포함비율이 40퍼센트 이 상일 것 다만, 이 류에 분류되는 물품 중 아래 호에 해당하는 물품 에 대해서는 각 해당 기준을 적용한다."
한-에콰도르,32,32.04,,32.04,6단위 세번변경기준 또는 역내가치포함비율이 40퍼센트 이
한-에콰도르,33,,,33,"4단위 세번변경기준 또는 역내가치포함비율이 40퍼센트 이 상일 것 다만, 이 류에 분류되는 물품 중 아래 소호에 해당하는 물 품에 대해서는 각 해당 기준을 적용한다."
한-에콰도르,33,,3301.90,3301.90,4단위 세번변경기준(제1211.20호 또는 제1302.19호의 것은 제외한다) 또는 역내가치포함비율이 40퍼센트 이상일 것
한-에콰도르,34,,,34,4단위 세번변경기준 또는 역내가치포함비율이 40퍼센트 이
한-에콰도르,38,,,38,"4단위 세번변경기준 또는 역내가치포함비율이 40퍼센트 이 상일 것 다만, 이 류에 분류되는 물품 중 아래 호에 해당하는 물품 에 대해서는 각 해당 기준을 적용한다."
한-에콰도르,38,38.25,,38.25,"2단위 세번변경기준(제28류, 제37류, 제40류 또는 제90류 의 것은 제외한다)"
한-에콰도르,39,,,39,4단위 세번변경기준 또는 역내가치포함비율이 40퍼센트 이
한-에콰도르,41,,,41,4단위 세번변경기준 또는 역내가치포함비율이 40퍼센트 이
한-에콰도르,43,,,43,4단위 세번변경기준
한-에콰도르,44,,,44,4단위 세번변경기준 또는 역내가치포함비율이 40퍼센트 이 상일 것
한-에콰도르,45,,,45,4단위 세번변경기준
한-에콰도르,46,,,46,4단위 세번변경기준 또는 역내가치포함비율이 40퍼센트 이
한-에콰도르,50,,,50,"4단위 세번변경기준(제5004호부터 제5006호까지의 것은 제 외한다) 다만, 이 류에 분류되는 물품 중 아래 호에 해당하는 물품 에 대해서는 각 해당 기준을 적용한다."
한-에콰도르,50,50.01,,50.01,2단위 세번변경기준
한-에콰도르,50,50.06,,50.06,4단위 세번변경기준(제5004호부터 제5005호까지의 것은 제 외한다)
한-에콰도르,51,,,51,"4단위 세번변경기준(제5106호부터 제5110호까지의 것은 제 외한다) 다만, 이 류에 분류되는 물품 중 아래 호에 해당하는 물품 에 대해서는 각 해당 기준을 적용한다."
한-에콰도르,51,51.01,,51.01,2단위 세번변경기준
한-에콰도르,51,51.09,,51.09,4단위 세번변경기준(제5106호부터 제5108호까지의 것은 제 외한다)
한-에콰도르,52,,,52,"4단위 세번변경기준(제5205호부터 제5206호까지의 것은 제 외한다) 다만, 이 류에 분류되는 물품 중 아래 호에 해당하는 물품 에 대해서는 각 해당 기준을 적용한다."
한-에콰도르,52,52.01,,52.01,2단위 세번변경기준
한-에콰도르,53,,,53,"4단위 세번변경기준(제5306호부터 제5308호까지의 것은 제 외한다) 다만, 이 류에 분류되는 물품 중 아래 호에 해당하는 물품 에 대해서는 각 해당 기준을 적용한다."
한-에콰도르,53,53.01,,53.01,2단위 세번변경기준
한-에콰도르,54,,,54,"4단위 세번변경기준(제5106호부터 제5109호까지, 제5205호 부터 제5206호까지, 제5401호부터 제5402호까지, 제5404 호, 제5509호부터 제5510호까지의 것은 제외한다) 다만, 이 류에 분류되는 물품 중 아래 호에 해당하는 물품 에 대해서는 각 해당 기준을 적용한다."
한-에콰도르,54,54.01,,54.01,4단위 세번변경기준
한-에콰도르,55,,,55,"4단위 세번변경기준(제5509호부터 제5510호까지의 것은 제 외한다) 다만, 이 류에 분류되는 물품 중 아래 호에 해당하는 물품 에 대해서는 각 해당 기준을 적용한다."
한-에콰도르,55,55.01,,55.01,2단위 세번변경기준
한-에콰도르,56,,,56,"2단위 세번변경기준 다만, 이 류에 분류되는 물품 중 아래 호에 해당하는 물품 에 대해서는 각 해당 기준을 적용한다."
한-에콰도르,56,56.03,,56.03,4단위 세번변경기준
한-에콰도르,57,,,57,2단위 세번변경기준
한-에콰도르,60,,,60,"2단위 세번변경기준(제5106호부터 제5109호까지, 제5205호 부터 제5206호까지, 제5401호부터 제5402호까지, 제5404 호, 제5509호부터 제5510호까지의 것은 제외한다)"
한-에콰도르,61,,,61,"2단위 세번변경기준(제5111호부터 제5113호까지, 제5208호"
한-에콰도르,62,,,62,"부터 제5212호까지, 제5407호부터 제5408호까지, 제5512호"
한-에콰도르,63,,,63,"부터 제5516호까지 또는 제60류의 것은 제외한다). 다만, 그 물품은 어느 한쪽 또는 양 당사국의 영역에서 재단(또 는 모양을 갖추도록 편직) 및 봉제되거나 달리 결합되어야 한다."
한-에콰도르,64,,,64,4단위 세번변경기준 또는 역내가치포함비율이 40퍼센트 이
한-에콰도르,69,,,69,2단위 세번변경기준
한-에콰도르,70,,,70,4단위 세번변경기준 또는 역내가치포함비율이 40퍼센트 이 상일 것
한-에콰도르,71,,,71,"4단위 세번변경기준 또는 역내가치포함비율이 40퍼센트 이 상일 것 다만, 이 류에 분류되는 물품 중 아래 호에 해당하는 물품 에 대해서는 각 해당 기준을 적용한다."
한-에콰도르,71,71.01,,71.01,6단위 세번변경기준 또는 역내가치포함비율이 40퍼센트 이
한-에콰도르,72,,,72,4단위 세번변경기준 또는 역내가치포함비율이 40퍼센트 이
한-에콰도르,75,,,75,4단위 세번변경기준
한-에콰도르,76,,,76,"4단위 세번변경기준 또는 역내가치포함비율이 40퍼센트 이 상일 것 다만, 이 류에 분류되는 물품 중 아래 호 및 소호에 해당 하는 물품에 대해서는 각 해당 기준을 적용한다."
한-에콰도르,76,,7601.20,7601.20,6단위 세번변경기준
한-에콰도르,76,76.05,,76.05,4단위 세번변경기준(제7604호의 것은 제외한다) 또는 역내가 치포함비율이 40퍼센트 이상일 것
한-에콰도르,78,,,78,4단위 세번변경기준
한-에콰도르,81,,,81,6단위 세번변경기준
한-에콰도르,82,,,82,4단위 세번변경기준 또는 역내가치포함비율이 40퍼센트 이
한-에콰도르,87,,,87,"4단위 세번변경기준 또는 역내가치포함비율이 40퍼센트 이 상일 것 다만, 이 류에 분류되는 물품 중 아래 호에 해당하는 물품 에 대해서는 각 해당 기준을 적용한다."
한-에콰도르,87,87.01,,87.01,역내가치포함비율이 40퍼센트 이상일 것
한-에콰도르,88,,,88,4단위 세번변경기준 또는 역내가치포함비율이 40퍼센트 이
한-에콰도르,96,,,96,"4단위 세번변경기준 또는 역내가치포함비율이 40퍼센트 이 상일 것 다만, 이 류에 분류되는 물품 중 아래 호에 해당하는 물품 에 대해서는 각 해당 기준을 적용한다."
한-에콰도르,96,96.19,,96.19,4단위 세번변경기준
한-에콰도르,97,,,97,4단위 세번변경기준 또는 역내가치포함비율이 40퍼센트 이 상일 것
